product_id,expected_handle,current_handle,expected_sku,current_sku,expected_collection,current_collection,identity_match,current_text_matches_export,apply_status,notes
prod_01KNTBXADAKWN6BXHSYFRX0R2F,co-02-1,co-02-1,CO-02-1,CO-02-1,Country London Paris,Country London Paris,true,true,ready,
prod_01KNTBXADA9TM4A89YEGTRVFDR,co-05-1,co-05-1,CO-05-1,CO-05-1,Country London Paris,Country London Paris,true,true,ready,
prod_01KNTBXADAV2SBRCDYKZDNJJDB,co-08-1,co-08-1,CO-08-1,CO-08-1,Country London Paris,Country London Paris,true,true,ready,
prod_01KNTBXADASA751ZC9C33QCE9M,co-14-2,co-14-2,CO-14-2,CO-14-2,Country London Paris,Country London Paris,true,true,ready,
prod_01KNTBXADAMWN4PD2KMWP2E4MH,co-15-2,co-15-2,CO-15-2,CO-15-2,Country London Paris,Country London Paris,true,true,ready,
prod_01KNTBXADAPWAQGMQG48P00R3M,co-61-1,co-61-1,CO-61-1,CO-61-1,Country London Paris,Country London Paris,true,true,ready,
prod_01KNTBXADB4V43P4P0KDTHVDQR,co-62-1,co-62-1,CO-62-1,CO-62-1,Country London Paris,Country London Paris,true,true,ready,
prod_01KNTBXADB2M4E381QSZ5X850S,co-62-2,co-62-2,CO-62-2,CO-62-2,Country London Paris,Country London Paris,true,true,ready,
prod_01KNTBXADBFHZ2C5MH2M4PVVT8,co-62-3,co-62-3,CO-62-3,CO-62-3,Country London Paris,Country London Paris,true,true,ready,
prod_01KNTBXADB5BFDKMSAB35J8Z0V,co-65-1,co-65-1,CO-65-1,CO-65-1,Country London Paris,Country London Paris,true,true,ready,
prod_01KNTBXADBCCE0GHPB33PVQXS2,co-65-2,co-65-2,CO-65-2,CO-65-2,Country London Paris,Country London Paris,true,true,ready,
prod_01KNTBXADCVEHH7HVB0ZGDS1KV,co-66-1,co-66-1,CO-66-1,CO-66-1,Country London Paris,Country London Paris,true,true,ready,
prod_01KNTBXADCDTMNKGW1C9XPD1YT,co-69-1,co-69-1,CO-69-1,CO-69-1,Country London Paris,Country London Paris,true,true,ready,
prod_01KM1QHNHMVXN3YQ3JDZCYQTM5,greenwich-gr-09-1-mirror,greenwich-gr-09-1-mirror,GR-09-1-M,GR-09-1-M,Greenwich,Greenwich,true,true,ready,
prod_01KM1QHNHNKSG173KZ6C2AZ5JR,greenwich-gr-05-1,greenwich-gr-05-1,GR-05-1,GR-05-1,Greenwich,Greenwich,true,true,ready,
prod_01KM1QHNHNR5R4YZKQERDE8EZ6,greenwich-gr-44-1,greenwich-gr-44-1,GR-44-1,GR-44-1,Greenwich,Greenwich,true,true,ready,
prod_01KM1QHNHPTNKR0E7T538427YJ,greenwich-gr-67-1,greenwich-gr-67-1,GR-67-1,GR-67-1,Greenwich,Greenwich,true,true,ready,
prod_01KM1QHNHRHYFRQWV6H2B0YV2R,greenwich-gr-42-1,greenwich-gr-42-1,GR-42-1,GR-42-1,Greenwich,Greenwich,true,true,ready,
prod_01KM1QHNHWH2M61Z8VR182RMJF,greenwich-gr-08-1,greenwich-gr-08-1,GR-08-1,GR-08-1,Greenwich,Greenwich,true,true,ready,
prod_01KM1QHNHX9FDMX9RHBZAB7K1K,greenwich-gr-08-2,greenwich-gr-08-2,GR-08-2,GR-08-2,Greenwich,Greenwich,true,true,ready,
prod_01KM1QHNHY2EE4PEMPKZ8YM3QZ,greenwich-gr-26-1,greenwich-gr-26-1,GR-26-1,GR-26-1,Greenwich,Greenwich,true,true,ready,
prod_01KM1QHNHYQKVZHCN3SM9BY42Z,greenwich-gr-02-1,greenwich-gr-02-1,GR-02-1,GR-02-1,Greenwich,Greenwich,true,true,ready,
prod_01KM1QHNHZQSQM54A74VQJNH75,greenwich-gr-02-2,greenwich-gr-02-2,GR-02-2,GR-02-2,Greenwich,Greenwich,true,true,ready,
prod_01KM1QHNHZXXSRPFEKAZRSFPDE,greenwich-gr-09-1-bed-90,greenwich-gr-09-1-bed-90,GR-09-1,GR-09-1,Greenwich,Greenwich,true,true,ready,
prod_01KM1QHNHZ1A4J48K4CV10F4FM,greenwich-gr-12-1,greenwich-gr-12-1,GR-12-1,GR-12-1,Greenwich,Greenwich,true,true,ready,
prod_01KM1QHNJ0F34R2A8FQ1CN4V1Y,greenwich-gr-14-1,greenwich-gr-14-1,GR-14-1,GR-14-1,Greenwich,Greenwich,true,true,ready,
prod_01KM1QHNJ1E92BMJQ8CE2RX7TK,greenwich-gr-16-1,greenwich-gr-16-1,GR-16-1,GR-16-1,Greenwich,Greenwich,true,true,ready,
prod_01KM1QHNJ1YTE9EW5NJZ8YRF62,greenwich-gr-18-1,greenwich-gr-18-1,GR-18-1,GR-18-1,Greenwich,Greenwich,true,true,ready,
prod_01KNTBXADCXPESM7CPF6NQGBDK,ol-00-1,ol-00-1,OL-00-1,OL-00-1,Oliver,Oliver,true,true,ready,
prod_01KNTBXADCVVSRFRFK60X78V93,ol-01-2,ol-01-2,OL-01-2,OL-01-2,Oliver,Oliver,true,true,ready,
prod_01KNTBXADCQ78KTFDG2CFXRDER,ol-02-1,ol-02-1,OL-02-1,OL-02-1,Oliver,Oliver,true,true,ready,
prod_01KNTBXADCYJKGNAPE1WGQJBQZ,ol-03-1,ol-03-1,OL-03-1,OL-03-1,Oliver,Oliver,true,true,ready,
prod_01KNTBXADDACBVH2BM1JSB2MWH,ol-05-1,ol-05-1,OL-05-1,OL-05-1,Oliver,Oliver,true,true,ready,
prod_01KNTBXADD48JACA24PC4TXVCC,ol-05-2,ol-05-2,OL-05-2,OL-05-2,Oliver,Oliver,true,true,ready,
prod_01KNTBXADDP2V5W6AKD074YRVF,ol-05-3,ol-05-3,OL-05-3,OL-05-3,Oliver,Oliver,true,true,ready,
prod_01KNTBXADDBV29TSGTAFZN9W5J,ol-05-n,ol-05-n,OL-05-Н,OL-05-Н,Oliver,Oliver,true,true,ready,
prod_01KNTBXADD0VJ53P78YSGNCRDG,ol-06-1,ol-06-1,OL-06-1,OL-06-1,Oliver,Oliver,true,true,ready,
prod_01KNTBXADDKNMB17WD6NVSNRCY,ol-07-1,ol-07-1,OL-07-1,OL-07-1,Oliver,Oliver,true,true,ready,
prod_01KNTBXADE04TT9T88M1SRC2T7,ol-08-1,ol-08-1,OL-08-1,OL-08-1,Oliver,Oliver,true,true,skip_identity_conflict,skipped until metadata identity conflict is resolved manually
prod_01KNTBXADE4BY5ASV1EEQ9SQHZ,ol-08-1-mirror,ol-08-1-mirror,OL-08-1-MIR,OL-08-1-MIR,Oliver,Oliver,true,true,skip_identity_conflict,skipped until metadata identity conflict is resolved manually
prod_01KNTBXADECY5WKNET16F2ET5W,ol-08-2,ol-08-2,OL-08-2,OL-08-2,Oliver,Oliver,true,true,ready,
prod_01KNTBXADFZ5RFACJQDNSGM6D2,ol-09-2,ol-09-2,OL-09-2,OL-09-2,Oliver,Oliver,true,true,ready,
prod_01KNTBXADFFPGAVHK024D20MEQ,ol-14-1,ol-14-1,OL-14-1,OL-14-1,Oliver,Oliver,true,true,ready,
prod_01KNTBXADFNYAQGPEQKCM4NPZE,ol-14-2,ol-14-2,OL-14-2,OL-14-2,Oliver,Oliver,true,true,ready,
prod_01KNTBXADF36E724RQTW6Z73B0,ol-15-1,ol-15-1,OL-15-1,OL-15-1,Oliver,Oliver,true,true,ready,
prod_01KNTBXADG6TFW8WB9SPQ4JTGD,ol-15-2,ol-15-2,OL-15-2,OL-15-2,Oliver,Oliver,true,true,ready,
prod_01KNTBXADGPHKZEWKKT477WNR7,ol-16-1,ol-16-1,OL-16-1,OL-16-1,Oliver,Oliver,true,true,ready,
prod_01KNTBXADGH3EK5BM3RAZ2Z7KT,ol-16-2,ol-16-2,OL-16-2,OL-16-2,Oliver,Oliver,true,true,ready,
prod_01KNTBXADHWB8K6BN1ZBM7WEWG,ol-17-1,ol-17-1,OL-17-1,OL-17-1,Oliver,Oliver,true,true,ready,
prod_01KNTBXADHZ2MG5CDS4EAVG1RJ,ol-17-2,ol-17-2,OL-17-2,OL-17-2,Oliver,Oliver,true,true,ready,
prod_01KNTBXADH2J4J6TDA5AHYNVV7,ol-17-3,ol-17-3,OL-17-3,OL-17-3,Oliver,Oliver,true,true,ready,
prod_01KNTBXADHE1YFJS2VEPCRJJBN,ol-18-1,ol-18-1,OL-18-1,OL-18-1,Oliver,Oliver,true,true,ready,
prod_01KNTBXADJ9A2N7GQFHZ4JTGD8,ol-18-2,ol-18-2,OL-18-2,OL-18-2,Oliver,Oliver,true,true,ready,
prod_01KNTBXADJNM2C7N1WJDACRGR2,ol-21-1,ol-21-1,OL-21-1,OL-21-1,Oliver,Oliver,true,true,ready,
prod_01KNTBXADJHD78QK7PQ1FM260H,ol-23-1,ol-23-1,OL-23-1,OL-23-1,Oliver,Oliver,true,true,ready,
prod_01KNTBXADK9SGFKMJV82MA9F4S,ol-25-1,ol-25-1,OL-25-1,OL-25-1,Oliver,Oliver,true,true,ready,
prod_01KNTBXADM9PT13B1VAYEPXEHE,ol-26-1,ol-26-1,OL-26-1,OL-26-1,Oliver,Oliver,true,true,ready,
prod_01KNTBXADN9KCCPKCH27V1RRBF,ol-26-2,ol-26-2,OL-26-2,OL-26-2,Oliver,Oliver,true,true,ready,
prod_01KNTBXADP6726CTE85A445K6N,ol-30-1,ol-30-1,OL-30-1,OL-30-1,Oliver,Oliver,true,true,ready,
prod_01KNTBXADQK0E63VFJ0KQPKRVX,ol-42-1,ol-42-1,OL-42-1,OL-42-1,Oliver,Oliver,true,true,ready,
prod_01KNTBXADQK9VZ1N1X6CVH02J8,ol-43-1,ol-43-1,OL-43-1,OL-43-1,Oliver,Oliver,true,true,ready,
prod_01KNTBXADR7DXSVHCM6Q99129G,ol-44-1,ol-44-1,OL-44-1,OL-44-1,Oliver,Oliver,true,true,ready,
prod_01KNTBXADRDXMGB8JRMAB1JHPS,ol-44-2,ol-44-2,OL-44-2,OL-44-2,Oliver,Oliver,true,true,ready,
prod_01KNTBXADSNY1JKR33SC2FRJX5,ol-55-1,ol-55-1,OL-55-1,OL-55-1,Oliver,Oliver,true,true,ready,
prod_01KNTBXADSBJMRQ63HAENWJ880,ol-55-2,ol-55-2,OL-55-2,OL-55-2,Oliver,Oliver,true,true,ready,
prod_01KNTBXADV8375RHNBHRQMXQ87,ol-56-1,ol-56-1,OL-56-1,OL-56-1,Oliver,Oliver,true,true,ready,
prod_01KNTBXADVZVCXPHMZ1K8VZAJS,ol-57-1,ol-57-1,OL-57-1,OL-57-1,Oliver,Oliver,true,true,ready,
prod_01KNTBXADVKWH122FJREKPT5GD,ol-57-2,ol-57-2,OL-57-2,OL-57-2,Oliver,Oliver,true,true,ready,
prod_01KNTBXADVAA49T6H127BKKJK1,ol-57-3,ol-57-3,OL-57-3,OL-57-3,Oliver,Oliver,true,true,ready,
prod_01KNTBXADVBQXBYEJC03XRAF81,ol-61-1,ol-61-1,OL-61-1,OL-61-1,Oliver,Oliver,true,true,ready,
prod_01KNTBXADVQ5PEJPEQG5B9X3KX,ol-61-2,ol-61-2,OL-61-2,OL-61-2,Oliver,Oliver,true,true,ready,
prod_01KNTBXADV29H43B35KXJJBA18,ol-62-1,ol-62-1,OL-62-1,OL-62-1,Oliver,Oliver,true,true,ready,
prod_01KNTBXADWGB0430GYR8RJR7EM,ol-62-2,ol-62-2,OL-62-2,OL-62-2,Oliver,Oliver,true,true,ready,
prod_01KNTBXADW4RDEYGV3MPTD64ZR,ol-64-1,ol-64-1,OL-64-1,OL-64-1,Oliver,Oliver,true,true,ready,
prod_01KNTBXADW0MYZ9SEBBAYPS5V4,ol-65-1,ol-65-1,OL-65-1,OL-65-1,Oliver,Oliver,true,true,ready,
prod_01KNTBXADWSAHM0DJV0SNH29AK,ol-65-2,ol-65-2,OL-65-2,OL-65-2,Oliver,Oliver,true,true,ready,
prod_01KNTBXADWTF7DF2JX8E3P9YYQ,ol-66-1,ol-66-1,OL-66-1,OL-66-1,Oliver,Oliver,true,true,ready,
prod_01KNTBXADWW99PZJQFM2H9X7BK,ol-66-4,ol-66-4,OL-66-4,OL-66-4,Oliver,Oliver,true,true,ready,
prod_01KNTBXADW4ZCGJCC9RTC6Z5KC,ol-67-1,ol-67-1,OL-67-1,OL-67-1,Oliver,Oliver,true,true,ready,
prod_01KNTBXADW6ZWB6HTCJ0C4XPY1,ol-68-1,ol-68-1,OL-68-1,OL-68-1,Oliver,Oliver,true,true,ready,
prod_01KNTBXADW4A481E827ASE6FW3,ol-68-2,ol-68-2,OL-68-2,OL-68-2,Oliver,Oliver,true,true,ready,
prod_01KNTBXADWPT0F9X7Y2SATPPGV,ol-69-1,ol-69-1,OL-69-1,OL-69-1,Oliver,Oliver,true,true,ready,
prod_01KNTBXADX120D41J3EXQASJ8Q,ol-69-2,ol-69-2,OL-69-2,OL-69-2,Oliver,Oliver,true,true,ready,
prod_01KNTBXADXD2X796J2TJ8SAG74,ol-69-3,ol-69-3,OL-69-3,OL-69-3,Oliver,Oliver,true,true,ready,
prod_01KNTBXADXM4N27AGHDHCV5QQA,ol-69-4,ol-69-4,OL-69-4,OL-69-4,Oliver,Oliver,true,true,ready,
prod_01KNTBXADXJVJEG9YNWFYXXGQV,ol-81-1,ol-81-1,OL-81-1,OL-81-1,Oliver,Oliver,true,true,ready,
prod_01KNTBXADX8CT1VKVV4SNQM2D7,ol-82-1,ol-82-1,OL-82-1,OL-82-1,Oliver,Oliver,true,true,ready,
prod_01KNTBXADX6G2DX0ZK33HBQDSJ,ol-83-1,ol-83-1,OL-83-1,OL-83-1,Oliver,Oliver,true,true,ready,
prod_01KNTBXADX1KA6WGTERRHPPEV7,ol-84-1,ol-84-1,OL-84-1,OL-84-1,Oliver,Oliver,true,true,ready,
prod_01KNTBXADX813WWJT86D6J2E9W,ol-84-2,ol-84-2,OL-84-2,OL-84-2,Oliver,Oliver,true,true,ready,
prod_01KNTBXADY87EJBJ40E55JCJBS,ol-85-1,ol-85-1,OL-85-1,OL-85-1,Oliver,Oliver,true,true,ready,
prod_01KNTBXADY6TTYPEZ12QTDR456,ol-85-2,ol-85-2,OL-85-2,OL-85-2,Oliver,Oliver,true,true,ready,
prod_01KNTBXADYWQNNEVG1XK6EAFWP,ol-86-1,ol-86-1,OL-86-1,OL-86-1,Oliver,Oliver,true,true,ready,
prod_01KNTBXADY06DZQTG915QFY9BW,ol-95-1,ol-95-1,OL-95-1,OL-95-1,Oliver,Oliver,true,true,ready,
prod_01KNTBXADYET7AC1KCG28EK9RQ,ol-95-3,ol-95-3,OL-95-3,OL-95-3,Oliver,Oliver,true,true,ready,
prod_01KQCSHV3ZWD80DKG4ZFB175FP,ox-14-1,ox-14-1,OX-14-1,OX-14-1,Oxford,Oxford,true,true,ready,
prod_01KQCSHV3ZHSW5J97NP8CE2FB7,ox-14-11,ox-14-11,OX-14-11,OX-14-11,Oxford,Oxford,true,true,ready,
prod_01KQCSHV3ZJ5SB2ZYV4P6SJ2QR,ox-90-1,ox-90-1,OX-90-1,OX-90-1,Oxford,Oxford,true,true,ready,
prod_01KQCSHV3ZRYAYT8GXPJAT6F4Q,s-ox-05,s-ox-05,S-OX-05,S-OX-05,Oxford,Oxford,true,true,ready,s-ox-05: apply title+subtitle only; description untouched
prod_01KNTBXADY8MGT1TX966D4CEVJ,pv-02-1,pv-02-1,PV-02-1,PV-02-1,Provence,Provence,true,true,ready,
prod_01KNTBXADY5TFY8ABDDZN9FQ0R,pv-03-1,pv-03-1,PV-03-1,PV-03-1,Provence,Provence,true,true,ready,
prod_01KNTBXADY27NDFV0Y2HHSYP8H,pv-05-2,pv-05-2,PV-05-2,PV-05-2,Provence,Provence,true,true,ready,
prod_01KNTBXADYD2QEG17C5CVDACD0,pv-06-2,pv-06-2,PV-06-2,PV-06-2,Provence,Provence,true,true,ready,
prod_01KNTBXADZ0N4TS4WY52563JDS,pv-08-2,pv-08-2,PV-08-2,PV-08-2,Provence,Provence,true,true,ready,
prod_01KNTBXADZPXF7NK73PQ8W0ZBK,pv-09-1,pv-09-1,PV-09-1,PV-09-1,Provence,Provence,true,true,ready,
prod_01KNTBXADZRTE98AF3F3ZQKF8E,pv-09-2,pv-09-2,PV-09-2,PV-09-2,Provence,Provence,true,true,ready,
prod_01KNTBXADZFWE9YRK0K60DDHR2,pv-14-1,pv-14-1,PV-14-1,PV-14-1,Provence,Provence,true,true,ready,
prod_01KNTBXADZTNAKE49PYM4N1C8W,pv-15-1,pv-15-1,PV-15-1,PV-15-1,Provence,Provence,true,true,ready,
prod_01KNTBXADZV2X8RHE2JG709BTE,pv-15-2,pv-15-2,PV-15-2,PV-15-2,Provence,Provence,true,true,ready,
prod_01KNTBXAE066FZ9JPRECQ0GZMJ,pv-16-1,pv-16-1,PV-16-1,PV-16-1,Provence,Provence,true,true,ready,
prod_01KX1PJA6R9QNP7AQBG4NHWNED,pv-16-2,pv-16-2,PV-16-2,PV-16-2,Provence,Provence,true,true,ready,
prod_01KNTBXAE02HB0SM89W0BM82A2,pv-17-1,pv-17-1,PV-17-1,PV-17-1,Provence,Provence,true,true,ready,
prod_01KNTBXAE0HEVEGEFCZTYRNDG2,pv-18-1,pv-18-1,PV-18-1,PV-18-1,Provence,Provence,true,true,ready,
prod_01KNTBXAE0GEC1WW45XKYYC264,pv-23-1,pv-23-1,PV-23-1,PV-23-1,Provence,Provence,true,true,ready,
prod_01KNTBXAE0TNXMTQHFTYAZZFQG,pv-42-2,pv-42-2,PV-42-2,PV-42-2,Provence,Provence,true,true,ready,
prod_01KNTBXAE0HJGHFQ8P7HTHCGTR,pv-43-1,pv-43-1,PV-43-1,PV-43-1,Provence,Provence,true,true,ready,
prod_01KNTBXAE00AE9RHVB0G00DFGM,pv-55-1,pv-55-1,PV-55-1,PV-55-1,Provence,Provence,true,true,ready,
prod_01KNTBXAE0WHWW3GW89K4V2M88,pv-55-2,pv-55-2,PV-55-2,PV-55-2,Provence,Provence,true,true,ready,
prod_01KNTBXAE04G57KM32H7ZV0T7H,pv-61-1,pv-61-1,PV-61-1,PV-61-1,Provence,Provence,true,true,ready,
prod_01KNTBXAE026FENXYYPYARNHQN,pv-62-1,pv-62-1,PV-62-1,PV-62-1,Provence,Provence,true,true,ready,
prod_01KNTBXAE14DE7Z6FHFMT4X3XZ,pv-65-5,pv-65-5,PV-65-5,PV-65-5,Provence,Provence,true,true,ready,
prod_01KNTBXAE1ESNNW5DA36PEES6R,pv-65-6,pv-65-6,PV-65-6,PV-65-6,Provence,Provence,true,true,ready,
prod_01KNTBXAE1WDNJREW50KEKXGG2,pv-65-7,pv-65-7,PV-65-7,PV-65-7,Provence,Provence,true,true,ready,
prod_01KNTBXAE15MWM65C2T93ZSGCW,pv-65-8,pv-65-8,PV-65-8,PV-65-8,Provence,Provence,true,true,ready,
prod_01KNTBXAE1NQA13JRXRBGF8S86,pv-66-6,pv-66-6,PV-66-6,PV-66-6,Provence,Provence,true,true,ready,
prod_01KNTBXAE1SF1W6MBA9Q9XSRXF,pv-66-7,pv-66-7,PV-66-7,PV-66-7,Provence,Provence,true,true,ready,
prod_01KNTBXAE12P62GNQEK14V0VTR,pv-68-1,pv-68-1,PV-68-1,PV-68-1,Provence,Provence,true,true,ready,
prod_01KNTBXAE1TDX5MN4PZH57HM6Y,pv-68-2,pv-68-2,PV-68-2,PV-68-2,Provence,Provence,true,true,ready,
prod_01KNTBXAE13M4M3KQ6CCE5NAMN,pv-69-1,pv-69-1,PV-69-1,PV-69-1,Provence,Provence,true,true,ready,
prod_01KV69A7AKTR1KH8GH90KC8YAJ,av-05-1,av-05-1,av-05-1,av-05-1,Willie Winkie,Willie Winkie,true,true,ready,
prod_01KV69A7AKYY759QG6FC8CQ7JA,ba-05-3,ba-05-3,ba-05-3,ba-05-3,Willie Winkie,Willie Winkie,true,true,ready,
prod_01KV69A7AMZWW7MF8RG6A98292,ba-62-1,ba-62-1,ba-62-1,ba-62-1,Willie Winkie,Willie Winkie,true,true,ready,
prod_01KV69A7AM91MJJVXPKQSNCGSK,fa-05-3,fa-05-3,fa-05-3,fa-05-3,Willie Winkie,Willie Winkie,true,true,ready,
prod_01KV69A7AMA53EWQH9MQK10H5K,fa-06-1,fa-06-1,fa-06-1,fa-06-1,Willie Winkie,Willie Winkie,true,true,ready,
prod_01KV69A7AMBRZPR11DCTPR7864,fa-67-1,fa-67-1,fa-67-1,fa-67-1,Willie Winkie,Willie Winkie,true,true,ready,
prod_01KV69A7AMAEGVHR09A7ZXH062,fk-05-1,fk-05-1,fk-05-1,fk-05-1,Willie Winkie,Willie Winkie,true,true,ready,
prod_01KV69A7AMKV353Y5WH6VYBABK,fk-05-3,fk-05-3,fk-05-3,fk-05-3,Willie Winkie,Willie Winkie,true,true,ready,
prod_01KV69A7AMA4R5CX5YG8SPTE5B,in-67-1,in-67-1,in-67-1,in-67-1,Willie Winkie,Willie Winkie,true,true,ready,
prod_01KV69A7AMXJPFM3MR6GX0YJP8,mo-02-1,mo-02-1,mo-02-1,mo-02-1,Willie Winkie,Willie Winkie,true,true,ready,
prod_01KV69A7AMTWYR1CTV1G1RFFBC,mo-81-1,mo-81-1,mo-81-1,mo-81-1,Willie Winkie,Willie Winkie,true,true,ready,
prod_01KV69A7AMYW3Q4NJE3Q5WEFYR,pa-05-1,pa-05-1,pa-05-1,pa-05-1,Willie Winkie,Willie Winkie,true,true,ready,
prod_01KV69A7AM3KD13Z7GRD68HJA2,pa-05-3,pa-05-3,pa-05-3,pa-05-3,Willie Winkie,Willie Winkie,true,true,ready,
prod_01KV69A7AMV6GA6WH9JQ23BANH,pa-62-1,pa-62-1,pa-62-1,pa-62-1,Willie Winkie,Willie Winkie,true,true,ready,
prod_01KV69A7AMQGCQMFGTXKY2VFPY,rl-05-3,rl-05-3,rl-05-3,rl-05-3,Willie Winkie,Willie Winkie,true,true,ready,
prod_01KV69A7AMAN66BZ464F3B8W2P,rl-67-1,rl-67-1,rl-67-1,rl-67-1,Willie Winkie,Willie Winkie,true,true,ready,
prod_01KV69A7AMDV16WD9K03GKBJJ5,rs-05-3,rs-05-3,rs-05-3,rs-05-3,Willie Winkie,Willie Winkie,true,true,ready,
prod_01KV69A7AN7P60FE081R6WCCFT,rs-62-1,rs-62-1,rs-62-1,rs-62-1,Willie Winkie,Willie Winkie,true,true,ready,
prod_01KV69A7ANP5VGMN2FSA70901M,sh-81-1,sh-81-1,sh-81-1,sh-81-1,Willie Winkie,Willie Winkie,true,true,ready,
prod_01KV69A7ANHZDE3RR57WJ4ESYP,tb-05-3,tb-05-3,tb-05-3,tb-05-3,Willie Winkie,Willie Winkie,true,true,ready,
prod_01KV69A7ANWMNJCC3AA2RDR7MR,tb-62-1,tb-62-1,tb-62-1,tb-62-1,Willie Winkie,Willie Winkie,true,true,ready,
prod_01KV69A7ANKBFQ8BGHW8SQ5CTY,tb-67-1,tb-67-1,tb-67-1,tb-67-1,Willie Winkie,Willie Winkie,true,true,ready,
prod_01KV69A7ANEWZAQV2G0PG4B8H7,te-02-2,te-02-2,te-02-2,te-02-2,Willie Winkie,Willie Winkie,true,true,ready,
prod_01KV69A7AN5FGGQ0RRHQN9E460,te-05-1,te-05-1,te-05-1,te-05-1,Willie Winkie,Willie Winkie,true,true,ready,
prod_01KV69A7ANA9Q0RM9FGCPM9KMQ,te-05-3,te-05-3,te-05-3,te-05-3,Willie Winkie,Willie Winkie,true,true,ready,
prod_01KV69A7ANA0C0PJ40Y13HE005,te-62-1,te-62-1,te-62-1,te-62-1,Willie Winkie,Willie Winkie,true,true,ready,
prod_01KV69A7ANT2KEJ5QYJV4WGYVF,to-62-1,to-62-1,to-62-1,to-62-1,Willie Winkie,Willie Winkie,true,true,ready,
prod_01KV69A7AN1AF4AEJT3TS63Z0H,tw-05-3,tw-05-3,tw-05-3,tw-05-3,Willie Winkie,Willie Winkie,true,true,ready,
