category,category_key,product_count,collections,current_intro,proposed_short_intro,evidence,action,confidence,quality_issues,ui_status
"Кровати","krovati","41","Гринвич, Кантри, Мончелси, Оксфорд, Оливер, Оливер, детская, Принцесса Роза, Прованс","","Кровати для взрослой спальни и детской: с изножьем и без, с мягким или деревянным изголовьем, с подъёмным механизмом, а также кроватки для новорождённых и кровати-трансформеры.","41 товар, 8 коллекций; названия","ADD","EXACT","","HOLD: категории - фасет фильтра /catalog без отдельных страниц и canonical; product_categories в Medusa пусты, хранить тексты в backend пока негде. Тексты готовы на доске"
"Столы","stoly","39","Вилли Винки, Гринвич, Кантри, Мончелси, Оливер, Оливер, детская, Принцесса Роза, Прованс","","Письменные столы на 1 или 2 тумбах, рабочие и туалетные столики, обеденный и чайный столы, бюро и детские столики.","39 товаров; названия","ADD","EXACT","","HOLD: категории - фасет фильтра /catalog без отдельных страниц и canonical; product_categories в Medusa пусты, хранить тексты в backend пока негде. Тексты готовы на доске"
"Шкафы","shkafy","27","Вилли Винки, Гринвич, Кантри, Мончелси, Оливер, Принцесса Роза, Прованс","","Шкафы для одежды на 1-3 дверцы, гардеробы, угловой шкаф, книжные шкафы со стеклом, витрины и буфет. В Мончелси шкафы собираются из модулей.","27 товаров; названия; «модуль» у Мончелси","ADD","EXACT","","HOLD: категории - фасет фильтра /catalog без отдельных страниц и canonical; product_categories в Medusa пусты, хранить тексты в backend пока негде. Тексты готовы на доске"
"Комоды","komody","24","Вилли Винки, Гринвич, Кантри, Мончелси, Оливер, Принцесса Роза, Прованс","","Широкие, стандартные и высокие комоды. Больше всего их в Вилли Винки - там фасад комода работает как поле для росписи.","24 товара, из них 13 - Вилли Винки","ADD","EXACT","","HOLD: категории - фасет фильтра /catalog без отдельных страниц и canonical; product_categories в Medusa пусты, хранить тексты в backend пока негде. Тексты готовы на доске"
"Стеллажи","stellazhi","17","Вилли Винки, Кантри, Мончелси, Оливер, Принцесса Роза, Прованс","","Открытые стеллажи для книг: широкие и узкие, с ящиком или дверцей внизу, высокие этажерки и угловая секция Мончелси.","17 товаров; названия","ADD","EXACT","","HOLD: категории - фасет фильтра /catalog без отдельных страниц и canonical; product_categories в Medusa пусты, хранить тексты в backend пока негде. Тексты готовы на доске"
"Тумбы","tumby","13","Гринвич, Кантри, Мончелси, Оливер, Принцесса Роза, Прованс","","Прикроватные тумбы и тумбы под телевизор - с ящиками, нишами и полками.","13 товаров; названия","ADD","EXACT","","HOLD: категории - фасет фильтра /catalog без отдельных страниц и canonical; product_categories в Medusa пусты, хранить тексты в backend пока негде. Тексты готовы на доске"
"Полки","polki","13","Кантри, Мончелси, Оливер, Принцесса Роза, Прованс","","Навесные книжные полки на 1-3 яруса, угловая полка и небольшие этажерки для книг и мелочей.","13 товаров; названия","ADD","STRONG","","HOLD: категории - фасет фильтра /catalog без отдельных страниц и canonical; product_categories в Medusa пусты, хранить тексты в backend пока негде. Тексты готовы на доске"
"Зеркала","zerkala","10","Гринвич, Мончелси, Оливер, Принцесса Роза, Прованс","","Навесные, напольные и настольные зеркала в рамах, которые повторяют детали своей серии.","10 товаров; названия","ADD","EXACT","","HOLD: категории - фасет фильтра /catalog без отдельных страниц и canonical; product_categories в Medusa пусты, хранить тексты в backend пока негде. Тексты готовы на доске"
"Скамейки","skameyki","7","Мончелси, Оливер, Принцесса Роза, Прованс","","Малые и большие банкетки с мягким сиденьем - к туалетному столику, в прихожую или к изножью кровати.","7 товаров - банкетки","ADD","EXACT","","HOLD: категории - фасет фильтра /catalog без отдельных страниц и canonical; product_categories в Medusa пусты, хранить тексты в backend пока негде. Тексты готовы на доске"
"Стулья","stulya","6","Мончелси, Оливер, Оливер, детская, Принцесса Роза, Прованс","","Стулья с мягким сиденьем к письменным и туалетным столам и детские стульчики в пару к детским столикам.","6 товаров; названия","ADD","EXACT","","HOLD: категории - фасет фильтра /catalog без отдельных страниц и canonical; product_categories в Medusa пусты, хранить тексты в backend пока негде. Тексты готовы на доске"
"Диваны","divany","4","Мончелси, Оливер","","Диваны Оливера разных размеров, диван-кровать и диван Мончелси с выкатной кроватью.","4 товара; названия","ADD","EXACT","","HOLD: категории - фасет фильтра /catalog без отдельных страниц и canonical; product_categories в Medusa пусты, хранить тексты в backend пока негде. Тексты готовы на доске"
"Бортики","bortiki","4","Оливер, детская, Принцесса Роза","","Бортики к детским кроватям Оливера и Принцессы Розы - малые и большие.","4 товара","ADD","EXACT","","HOLD: категории - фасет фильтра /catalog без отдельных страниц и canonical; product_categories в Medusa пусты, хранить тексты в backend пока негде. Тексты готовы на доске"
"Консоли","konsoli","2","Гринвич, Оливер","","Узкие консоли для прихожей, простенка или зоны у окна.","2 товара; фото","ADD","STRONG","","HOLD: категории - фасет фильтра /catalog без отдельных страниц и canonical; product_categories в Medusa пусты, хранить тексты в backend пока негде. Тексты готовы на доске"
"Часы","chasy","2","Оливер, Принцесса Роза","","Настенные часы Оливера и Принцессы Розы в рисунке своих серий.","2 товара","ADD","STRONG","","HOLD: категории - фасет фильтра /catalog без отдельных страниц и canonical; product_categories в Medusa пусты, хранить тексты в backend пока негде. Тексты готовы на доске"
"Сундуки","sunduki","1","Оливер","","Сундук Оливера для пледов и подушек - к изножью кровати.","1 товар","ADD","STRONG","","HOLD: категории - фасет фильтра /catalog без отдельных страниц и canonical; product_categories в Medusa пусты, хранить тексты в backend пока негде. Тексты готовы на доске"
"Кресла","kresla","1","Оливер","","Мягкое кресло Оливера в пару к диванам серии.","1 товар","ADD","STRONG","","HOLD: категории - фасет фильтра /catalog без отдельных страниц и canonical; product_categories в Medusa пусты, хранить тексты в backend пока негде. Тексты готовы на доске"
"Балдахины","baldahiny","1","Оливер, детская","","Настенный держатель для балдахина над детской кроваткой.","1 товар (ol-86-1)","ADD","EXACT","","HOLD: категории - фасет фильтра /catalog без отдельных страниц и canonical; product_categories в Medusa пусты, хранить тексты в backend пока негде. Тексты готовы на доске"
"Ступени","stupeni","1","Оксфорд","","Ступени с ящиками и перилами для подъёма на верхний ярус комплекса Оксфорд.","1 товар (s-ox-05)","ADD","STRONG","","HOLD: категории - фасет фильтра /catalog без отдельных страниц и canonical; product_categories в Medusa пусты, хранить тексты в backend пока негде. Тексты готовы на доске"
"Пеленальные столешницы","pelenalnye-stoleshnicy","1","Принцесса Роза","","Съёмные пеленальные столешницы с бортами - ставятся на комод и снимаются, когда больше не нужны.","pr-83-1 (ol-83-1 размечен в другой категории)","ADD","EXACT","","HOLD: категории - фасет фильтра /catalog без отдельных страниц и canonical; product_categories в Medusa пусты, хранить тексты в backend пока негде. Тексты готовы на доске"
