collection,collection_handle,product_count,current_intro,proposed_short_intro,proposed_editorial_copy,evidence,action,confidence,short_intro_length,editorial_length,quality_issues,ui_status
"Гринвич","greenwich","15","","Мебель в деревянной раме на тонких сужающихся ножках. Фасады с вертикальным рифлением, у корпусной мебели - палитра из 12 цветов, рама - в светлом или тёмном тоне дерева.","Главная деталь Гринвича - деревянная рама. Она обводит корпус комода, тумбы или шкафа и продолжается в тонкие ножки, поэтому даже высокие предметы стоят легко.

В линии есть кровать в 5 размерах с выбором мягкого изголовья, широкие прикроватные тумбы, низкий комод Скейл, консоль Степ, рабочий стол Бейс, тумба под телевизор Уайд, витрина Кристалл и 2 гардероба - Левел и Тотал. Цвет корпуса и тон рамы выбираются отдельно.","finish_color_labels: 12 цветов у 9 предметов; frame_material_labels: светлое / тёмное дерево у 14 из 15; фото: рама и рифление; состав - family boards","ADD","STRONG","170","422","","HOLD: в storefront нет страниц коллекций; фильтр /catalog?collection=... - клиентское состояние без своего canonical. Тексты готовы на доске; место показа - отдельное UX-решение. Хранение при появлении страницы: product_collection.metadata (backend SoT), тем же fail-closed importer"
"Оливер","oliver","56","","Светлая мебель с точёными ножками, филёнками, арочными карнизами и шарами-навершиями. Самая большая линия Woodright: спальня, гостиная, столовая и кабинет в одном рисунке.","Оливер узнаётся по деталям, которые переходят от предмета к предмету: филёнки на фасадах, круглые ручки, точёные ножки, арочные карнизы шкафов и шары-навершия на кроватях.

В линии есть кровати с изножьем и без, кровать с подъёмным механизмом, шкафы для одежды, комоды, туалетный столик, письменные столы и бюро, буфет и витрина, обеденный стол со стулом, диваны и кресло. Поэтому Оливером можно обставить всю квартиру, не смешивая серии.","56 товаров - самая большая коллекция в каталоге; детали - фото и family boards; цвет в данных не указан, поэтому не называем","ADD","STRONG","171","437","","HOLD: в storefront нет страниц коллекций; фильтр /catalog?collection=... - клиентское состояние без своего canonical. Тексты готовы на доске; место показа - отдельное UX-решение. Хранение при появлении страницы: product_collection.metadata (backend SoT), тем же fail-closed importer"
"Оливер, детская","oliver-kids","10","","Детская мебель Оливера: кроватка для новорождённого, приставная кроватка, кровать-трансформер, пеленальная столешница, столик и стульчик. Точёные ножки и навершия - как у взрослых предметов линии.","","10 товаров oliver-kids; фото кроватки, трансформера, столика и стульчика","ADD","STRONG","196","0","","HOLD: в storefront нет страниц коллекций; фильтр /catalog?collection=... - клиентское состояние без своего canonical. Тексты готовы на доске; место показа - отдельное UX-решение. Хранение при появлении страницы: product_collection.metadata (backend SoT), тем же fail-closed importer"
"Принцесса Роза","princess-rose","33","","Мебель на изогнутых ножках с резным подзором и рельефной сеткой на фасадах. У части предметов - рисунок с розами, у комода, тумб и письменных столов - ручки Сваровски.","Принцесса Роза держится на 2 деталях: изогнутой ножке и резном подзоре с волнистым краем. Рисунок с розами есть не везде - он указан в названии предмета, поэтому серию можно собрать спокойнее или наряднее.

В линии - шкафы, комод, тумбы, кровати без изножья, банкетки, книжный шкаф и стеллаж, письменные столы и детская мебель: кровать-трансформер, пеленальная столешница, столик со стульчиком и бортики. Детскую и спальню можно обставить в одном рисунке.","«с рисунком» и «ручки Сваровски» - в названиях; фото: изогнутые ножки, подзор, рельефная сетка; состав - family board","ADD","EXACT","167","454","","HOLD: в storefront нет страниц коллекций; фильтр /catalog?collection=... - клиентское состояние без своего canonical. Тексты готовы на доске; место показа - отдельное UX-решение. Хранение при появлении страницы: product_collection.metadata (backend SoT), тем же fail-closed importer"
"Прованс","provence","30","","Мебель на изогнутых ножках с арочными карнизами, филёнками и волнистым нижним краем. Комоды, шкафы и тумбы выпускаются в молочном цвете или в тоне тёмного дерева.","В Провансе нет росписи: характер задают плавные арки карнизов и мягкая волна по низу корпуса. Кровати - без изножья, с невысоким арочным изголовьем, у части - мягкая тканевая вставка.

В линии - шкафы, комод, тумбы, туалетный столик, зеркала, банкетки, книжный шкаф и стеллаж, письменные столы и этажерки, поэтому спальню и кабинет можно собрать в одном рисунке.","finish_color_labels: молочный / тёмное дерево у 14 предметов (комоды, шкафы, тумбы и др.); «с тканью» и «без изножья» - в названиях; фото","ADD","EXACT","162","361","","HOLD: в storefront нет страниц коллекций; фильтр /catalog?collection=... - клиентское состояние без своего canonical. Тексты готовы на доске; место показа - отдельное UX-решение. Хранение при появлении страницы: product_collection.metadata (backend SoT), тем же fail-closed importer"
"Кантри","country","13","","Мебель с фасадами из вертикальной вагонки, круглыми ручками и арочными вырезами внизу. Большинство предметов выпускается в голубом, сером, молочном или оливковом цвете.","","finish_color_labels: голубой / серый / молочный / оливковый у 8 из 13 (ещё 2 - плюс белый); фото","ADD","EXACT","168","0","","HOLD: в storefront нет страниц коллекций; фильтр /catalog?collection=... - клиентское состояние без своего canonical. Тексты готовы на доске; место показа - отдельное UX-решение. Хранение при появлении страницы: product_collection.metadata (backend SoT), тем же fail-closed importer"
"Оксфорд","oxford","4","","Двухъярусный детский комплекс: кровать наверху за ограждением из балясин, рабочее место внизу. Нижняя кровать и ступени с ящиками представлены отдельными позициями.","","названия ox-90-1, ox-14-11, s-ox-05; фото комплекса; данные Оксфорда пилотные","ADD","STRONG","164","0","","HOLD: в storefront нет страниц коллекций; фильтр /catalog?collection=... - клиентское состояние без своего canonical. Тексты готовы на доске; место показа - отдельное UX-решение. Хранение при появлении страницы: product_collection.metadata (backend SoT), тем же fail-closed importer"
"Вилли Винки","willie-winkie","28","Ручная роспись на массиве дерева
Каждая тема - свой характер рисунка и свой набор мебели","Ручная роспись на массиве дерева
Каждая тема - свой характер рисунка и свой набор мебели","Комоды, стеллажи, рабочие столы и шкафы на шарообразных ножках, расписанные по 14 темам. У каждой росписи свой набор предметов, у части - контрастные верх и цоколь.

Корпус выпускается полностью из массива или с фасадами из массива и корпусом из ЛДСП.","текущий лид - willieWinkieMotifsCopy.directoryLead на /kids/willie-winkie (KEEP); 14 motif в metadata; material_tier_labels у всех 28","KEEP","EXACT","88","250","too_short","HOLD: в storefront нет страниц коллекций; фильтр /catalog?collection=... - клиентское состояние без своего canonical. Тексты готовы на доске; место показа - отдельное UX-решение. Хранение при появлении страницы: product_collection.metadata (backend SoT), тем же fail-closed importer"
"Мончелси","monchelsea","25","","Молочная мебель с филёнками в фигурной раскладке, ручками-скобами и фигурным цоколем. Шкафы и полки сделаны модулями, из них собирают стену хранения.","Основа Мончелси - модули: двухдверные и трёхдверный шкафы, книжные шкафы, открытая угловая секция и навесные полки встают в ряд и собираются в одну стену, например вокруг проёма под телевизор.

Кроме модулей в линии есть кровати, комоды, тумбы, туалетные столики, зеркала, письменные столы, банкетка, стул и диван с выкатной кроватью.","«модуль» - в названиях; фото композиций; коды модулей не расшифровываем","ADD","STRONG","149","333","","HOLD: в storefront нет страниц коллекций; фильтр /catalog?collection=... - клиентское состояние без своего canonical. Тексты готовы на доске; место показа - отдельное UX-решение. Хранение при появлении страницы: product_collection.metadata (backend SoT), тем же fail-closed importer"
