family_id,family_name,members,product_type,collection,shared_copy_basis,variant_differences,evidence,confidence
"country-chest","Комод Кантри","co-05-1","Комод","Кантри","Комод с 3 ящиками, вагонка на фасадах, арочный вырез внизу","-","фото: 3 ящика с вертикальной вагонкой, круглые ручки, арочный вырез между ножками; finish_color_labels: голубой, серый, молочный, оливковый","EXACT"
"country-wardrobe","Двухдверный шкаф Кантри","co-02-1","Шкаф","Кантри","Двухдверный шкаф с филёнками из вагонки","-","фото: 2 дверцы с филёнками из вагонки, круглые ручки, арочный вырез цоколя; finish_color_labels: 4 цвета","EXACT"
"country-nightstand","Прикроватная тумба Кантри","co-08-1","Тумба","Кантри","Тумба с 2 ящиками и арочным вырезом","-","фото: 2 ящика с вагонкой, круглые ручки, арочный вырез внизу; finish_color_labels: 4 цвета","EXACT"
"country-bed-lift","Кровать Кантри с подъёмным механизмом","co-14-2 co-15-2","Кровать","Кантри","Кровать с арочным изголовьем и подъёмным основанием","Размер и палитра: у односпальной - 2 цвета, у полутораспальной - 4","название: с подъёмным механизмом; фото обеих: арочное изголовье, высокий короб основания без ножек; finish_color_labels co-14-2: молочный, кремовый; co-15-2: голубой, серый, молочный, оливковый","EXACT"
"country-bookcase-glass","Книжный шкаф Кантри со стеклом","co-61-1","Шкаф","Кантри","Книжный шкаф: стекло наверху, вагонка внизу","-","фото: застеклённые дверцы наверху, глухие дверцы с вагонкой внизу; finish_color_labels: 4 цвета","EXACT"
"country-shelving-wide","Широкий стеллаж Кантри","co-62-1","Стеллаж","Кантри","Широкий стеллаж: открытые полки наверху, 2 дверцы внизу","-","фото: открытые полки сверху, 2 глухие дверцы снизу; finish_color_labels: голубой, серый, молочный (3)","EXACT"
"country-shelving-narrow","Узкий стеллаж Кантри","co-62-2 co-62-3","Стеллаж","Кантри","Узкая колонна открытых полок с закрытым хранением","Закрытое хранение: дверца внизу или ящик","название: с дверью / с ящиком; фото co-62-2: открытые полки, дверца внизу; co-62-3: открытые полки и выдвижной ящик между ними","EXACT"
"country-desk-1ped","Однотумбовый письменный стол Кантри","co-65-1 co-65-2","Стол","Кантри","Стол с одной тумбой: открытая полка и дверца","Сторона тумбы (в названии); палитра: у правой версии 5 цветов, у левой - 4","pedestal_filling 0П / П0; фото обоих: тумба с открытой нишей сверху и дверцей снизу, арочный вырез под столешницей; finish_color_labels co-65-1 - 5 цветов (с белым), co-65-2 - 4","EXACT"
"country-desk-2ped","Двухтумбовый письменный стол Кантри","co-66-1","Стол","Кантри","Стол на 2 тумбах с ящиками","-","pedestal_filling ЯЯ; фото: 2 тумбы по 2 ящика, круглые ручки; finish_color_labels: 4 цвета","EXACT"
"country-wall-shelf","Малая книжная полка Кантри","co-69-1","Полка","Кантри","Небольшая навесная книжная полка","-","название: малая книжная полка; finish_color_labels: 5 цветов. Фото похоже на надстройку стола, поэтому о форме не пишем","STRONG"
"greenwich-bed","Кровать Гринвич","greenwich-gr-09-1-bed-90 greenwich-gr-12-1 greenwich-gr-14-1 greenwich-gr-16-1 greenwich-gr-18-1","Кровать","Гринвич","Одна кровать в 5 размерах: мягкое изголовье в деревянной раме, мягкие царги, выбор модели изголовья, обивки и тона рамы","Только размер спального места (в названии и характеристиках)","metadata.display_group=greenwich-bed у всех 5; одинаковые фото; одинаковые headboard_model_labels / fabric_upholstery_labels / frame_material_labels; одинаковая длина и высота","EXACT"
"greenwich-chest-scale","Комод Скейл","greenwich-gr-05-1","Комод","Гринвич","Низкий широкий комод, 4 ящика в 2 ряда, рифлёные фасады, деревянная рама на тонких ножках","-","фото: 4 ящика 2 × 2, вертикальное рифление, рама и ножки; габариты: ширина почти вдвое больше высоты; finish_color_labels: 12 цветов; frame_material_labels: светлое / тёмное дерево","EXACT"
"greenwich-console-step","Консоль Степ","greenwich-gr-44-1","Консоль","Гринвич","Узкая консоль на высоких ножках с одним длинным рифлёным ящиком","-","фото: один длинный ящик с рифлением, высокие тонкие ножки; габариты: малая глубина; finish_color_labels: 12 цветов; frame_material_labels: светлое / тёмное дерево","EXACT"
"greenwich-desk-base","Рабочий стол Бейс","greenwich-gr-67-1","Стол","Гринвич","Рабочий стол на тонких ножках с рифлёными ящиками в подстолье","-","фото: рифлёное подстолье с ящиками, открытое пространство под столешницей, тонкие ножки; finish_color_labels: 12 цветов; frame_material_labels: светлое / тёмное дерево","EXACT"
"greenwich-tv-wide","Тумба ТВ Уайд","greenwich-gr-42-1","Тумба","Гринвич","Длинная низкая тумба: закрытые рифлёные секции по краям, открытая ниша в центре","-","фото: 2 закрытые рифлёные секции по краям и открытая ниша; габариты: самая длинная тумба коллекции; finish_color_labels: 12 цветов; frame_material_labels: светлое / тёмное дерево","EXACT"
"greenwich-vitrine-crystal","Шкаф-витрина Кристалл","greenwich-gr-26-1","Шкаф","Гринвич","Высокая витрина: стеклянные дверцы с полками наверху, глухие фасады внизу","-","фото: 2 стеклянные дверцы с полками, 2 глухие дверцы внизу, рама и ножки; finish_color_labels: 12 цветов; frame_material_labels: светлое / тёмное дерево","EXACT"
"greenwich-wardrobe-level","Гардероб Левел","greenwich-gr-02-1","Шкаф","Гринвич","Двухдверный гардероб с выдвижным ящиком под дверцами; парная модель к Тотал","-","название: 2-дв. с ящиками; фото: 2 дверцы и ящик внизу; габариты совпадают с gr-02-2; finish_color_labels: 12 цветов; frame_material_labels: светлое / тёмное дерево","EXACT"
"greenwich-wardrobe-total","Гардероб Тотал","greenwich-gr-02-2","Шкаф","Гринвич","Двухдверный гардероб без ящиков, дверцы во всю высоту; парная модель к Левел","-","название: 2-дв.; фото: 2 дверцы во всю высоту; габариты совпадают с gr-02-1; finish_color_labels: 12 цветов; frame_material_labels: светлое / тёмное дерево","EXACT"
"greenwich-mirror-wall","Навесное зеркало Гринвич","greenwich-gr-09-1-mirror","Зеркало","Гринвич","Вертикальное плоское зеркало для стены, пара к низкой корпусной мебели","-","название; габариты: вертикальный прямоугольник, глубина 3 см. Фото - интерьер, рама зеркала не видна, поэтому о раме не пишем","STRONG"
"greenwich-nightstand","Прикроватная тумба Гринвич","greenwich-gr-08-1 greenwich-gr-08-2","Тумба","Гринвич","Широкая прикроватная тумба в деревянной раме; 12 цветов корпуса и 2 тона рамы. Раскладку ящиков не называем","Раскладка ящиков (Хоул / Стоун) - не подтверждена: название и фото расходятся","finish_color_labels: 12 цветов; frame_material_labels: светлое / тёмное дерево; фото обеих: рама на тонких ножках. Число ящиков в названии и на фото противоречит друг другу - в тексте не упоминаем","STRONG"
"monchelsea-wardrobe-drawers","Двухдверный шкаф Мончелси с ящиками","mnm-02-2","Шкаф","Мончелси","Двухдверный шкаф-модуль с 6 ящиками под дверцами","-","название: модуль/ЯШ (код не расшифровываем); фото: 2 филёнчатые дверцы, под ними 6 ящиков в 2 ряда, ручки-скобы, фигурный цоколь","STRONG"
"monchelsea-wardrobe-full","Двухдверный шкаф Мончелси","mnm-02-1","Шкаф","Мончелси","Двухдверный шкаф-модуль с дверцами в полную высоту","-","название: модуль/Ш; фото: 2 высокие филёнчатые дверцы во всю высоту, ручки-скобы, фигурный цоколь; габариты совпадают с mnm-02-2","STRONG"
"monchelsea-wardrobe-3d","Трёхдверный шкаф Мончелси","mnm-03-1","Шкаф","Мончелси","Трёхдверный шкаф-модуль, под средней дверцей 3 ящика","-","название: модуль/П+ЯШ+Ш; фото: 3 филёнчатые дверцы, под средней - 3 ящика","STRONG"
"monchelsea-chest-wide","Широкий комод Мончелси","mnm-05-2","Комод","Мончелси","Широкий комод с 6 ящиками в 2 ряда","-","фото: 6 ящиков в 2 ряда, ручки-скобы, фигурный цоколь","EXACT"
"monchelsea-chest-high","Высокий комод Мончелси","mnm-05-3","Комод","Мончелси","Высокий узкий комод с 6 ящиками","-","фото: высокий узкий корпус, 6 ящиков в столбик, ручки-скобы, фигурный цоколь","EXACT"
"monchelsea-nightstand","Прикроватная тумба Мончелси","mnm-08-1","Тумба","Мончелси","Тумба с 2 ящиками на фигурном цоколе","-","фото: 2 ящика с филёнками, ручки-скобы, фигурный цоколь","EXACT"
"monchelsea-vanity-mirror","Туалетный столик Мончелси с зеркалом","mnm-06-1","Стол","Мончелси","Столик с зеркалом на столешнице и 3 ящиками","-","название: с зеркалом; фото: зеркало на столешнице, 3 ящика в подстолье, точёные ножки; банкетка на фото - отдельный товар mnm-55-1","EXACT"
"monchelsea-vanity-plain","Туалетный столик Мончелси без зеркала","mnm-06-2","Стол","Мончелси","Столик с длинным ящиком на высоких точёных ножках","-","название: без зеркала; фото: один длинный ящик, высокие точёные ножки. Габариты в данных противоречивы (глубина больше ширины) - размеры не упоминаем","STRONG"
"monchelsea-mirror-wall","Навесное зеркало Мончелси","mnm-09-1","Зеркало","Мончелси","Горизонтальное прямоугольное зеркало в широкой раме","-","фото: прямоугольное зеркало, широкая рама; габариты: ширина больше высоты","EXACT"
"monchelsea-mirror-floor","Напольное зеркало Мончелси","mnm-09-2","Зеркало","Мончелси","Высокое зеркало между стойками на основании с ящиком","-","фото: зеркало в раме между 2 стойками, основание с выдвижным ящиком","EXACT"
"monchelsea-mirror-table","Настольное зеркало Мончелси","mnm-09-3","Зеркало","Мончелси","Настольное зеркало в раме на точёных стойках","-","фото: прямоугольное зеркало в раме между точёными стойками на подставке","EXACT"
"monchelsea-bed-no-footboard","Кровать Мончелси без изножья","mnm-14-2 mnm-16-2","Кровать","Мончелси","Кровать без изножья (по названию)","Размер","название: без изножья. Фото не подтверждает форму: у mnm-14-2 на фото шкаф, у mnm-16-2 - кровать с мягким изголовьем в интерьере. О форме изголовья не пишем","STRONG"
"monchelsea-bed-footboard","Двуспальная кровать Мончелси","mnm-18-1","Кровать","Мончелси","Кровать с филёнчатыми изголовьем и изножьем","-","фото: изголовье и изножье с филёнками в фигурной раскладке","EXACT"
"monchelsea-chair","Стул Мончелси","mnm-23-1","Стул","Мончелси","Стул с мягкими сиденьем и спинкой на точёных ножках","-","фото: мягкое сиденье и вставка в спинке, точёные передние ножки","EXACT"
"monchelsea-tv-stand","Тумба для телевизора Мончелси","mnm-42-1","Тумба","Мончелси","Тумба: открытая ниша над 2 ящиками","-","фото: открытая ниша во всю ширину, 2 ящика под ней, фигурный цоколь","EXACT"
"monchelsea-bench","Малая банкетка Мончелси","mnm-55-1","Банкетка","Мончелси","Банкетка с мягким сиденьем на точёных ножках","-","фото: мягкое сиденье, фигурная царга, точёные ножки","EXACT"
"monchelsea-sofa-trundle","Диван Мончелси с выкатной кроватью","mnm-57-3","Диван","Мончелси","Диван с филёнчатыми спинкой и боковинами, выкатная кровать снизу","-","название: с выкатной кроватью; фото: филёнчатые спинка и боковины, внизу выдвижной блок с 2 фасадами","EXACT"
"monchelsea-bookcase-2d","Двухдверный книжный шкаф Мончелси","mnm-61-1","Шкаф","Мончелси","Книжный шкаф-модуль: стекло наверху, филёнки внизу","-","название: модуль; фото: 2 застеклённые дверцы наверху, 2 филёнчатые внизу","EXACT"
"monchelsea-bookcase-1d","Однодверный книжный шкаф Мончелси","mnm-61-3","Шкаф","Мончелси","Узкий однодверный модуль книжного шкафа, ручка справа","-","название: модуль/ручка справа; фото - композиция из нескольких модулей, сам модуль отдельно не показан","STRONG"
"monchelsea-corner-open","Открытая угловая секция Мончелси","mnm-62-1","Стеллаж","Мончелси","Высокая открытая угловая секция-модуль","-","название: секция угловая открытая (модуль); фото: композиция, секция с открытыми полками на краю","STRONG"
"monchelsea-desk-1ped","Однотумбовый письменный стол Мончелси","mnm-65-4","Стол","Мончелси","Стол с тумбой ящиков слева и опорой справа","-","pedestal_filling Я0 (в названии: тумба с ящиками слева); фото: тумба с ящиками слева, ящик в подстолье, опорная панель справа, фигурный цоколь","EXACT"
"monchelsea-desk-2ped","Двухтумбовый письменный стол Мончелси","mnm-66-3","Стол","Мончелси","Стол на 2 тумбах: ящики слева, полки за дверцей справа","-","pedestal_filling ЯП; фото: левая тумба с ящиками, правая - дверца, ящик в подстолье","EXACT"
"monchelsea-wall-shelf","Навесная полка Мончелси","mnm-69-1","Полка","Мончелси","Навесная полка-модуль с открытыми нишами","-","название: полка навесная (модуль); фото: композиция, полка с нишами перекрывает проём между высокими шкафами","STRONG"
"monchelsea-wall-shelf-door","Навесная полка Мончелси с дверкой","mnm-69-2","Полка","Мончелси","Длинная навесная полка: открытая часть и закрытое отделение","-","название: с дверкой; фото: длинная полка с открытой серединой и филёнчатыми дверками по краям","STRONG"
"oliver-kids-bed-rail","Бортик к кровати Оливер","ol-84-1 ol-84-2","Бортик","Оливер, детская","Панель-бортик к детской кровати в 2 длинах","Длина: малый и большой","фото обоих: ровная панель со скруглёнными углами и пазом внизу; одинаковая высота и толщина","EXACT"
"oliver-kids-changing-top","Съёмная пеленальная столешница Оливер","ol-83-1","Столешница","Оливер, детская","Пеленальная столешница с бортами, снимается с комода","-","название: съёмная пеленальная; фото: борта сзади и по бокам, фигурные края","EXACT"
"oliver-kids-chair","Детский стульчик Оливер","ol-82-1","Стул","Оливер, детская","Детский стул с реечной спинкой и мягким сиденьем","-","фото: спинка из вертикальных реек, мягкое сиденье, точёные ножки; fabric_upholstery_labels: 3 ткани","EXACT"
"oliver-kids-table","Детский столик Оливер","ol-81-1","Стол","Оливер, детская","Детский стол с ящиком и точёными ножками","-","фото: ящик в подстолье, точёные ножки, небольшой рисунок на столешнице","EXACT"
"oliver-kids-convertible-bed","Кровать-трансформер Оливер","ol-95-1 ol-95-3","Кровать","Оливер, детская","Кровать-трансформер со скруглёнными спинками и решётчатым бортом","Отделка спинок: рисунок или тканевые панели","фото обоих: одинаковый корпус со спинками в форме саней и решётчатым бортом; ol-95-1 - рисунок на спинках, ol-95-3 - мягкие вставки","EXACT"
"oliver-kids-bedside-crib","Приставная кроватка Оливер","ol-85-2","Кровать","Оливер, детская","Приставная кроватка из реек, с матрасом","-","название: приставная, с матрасом; фото: корпус из вертикальных реек","EXACT"
"oliver-kids-crib","Кроватка для новорождённого Оливер","ol-85-1","Кровать","Оливер, детская","Кроватка с арочной спинкой, решётчатыми бортами и ящиком","-","фото: арочная спинка со стойками и навершиями, решётчатые борта, выдвижной ящик внизу, точёные ножки","EXACT"
"oliver-kids-canopy-holder","Каркас для балдахина Оливер","ol-86-1","Балдахин","Оливер, детская","Настенный держатель для балдахина","-","фото: полукруглая полка на фигурном кронштейне","EXACT"
"oliver-bed","Кровать Оливер","ol-14-1 ol-15-1 ol-16-1 ol-17-1 ol-18-1 ol-14-2 ol-15-2 ol-16-2 ol-17-2 ol-18-2","Кровать","Оливер","Арочное изголовье с мягкой панелью, овальным медальоном и точёными стойками с навершиями","Размер спального места; с изножьем или без; выбор ткани есть только у части размеров","фото всех 10: одинаковое изголовье; изножье с мягкой панелью у -1, низкая царга у -2; fabric_upholstery_labels (2 ткани) у 14-1, 14-2, 16-*, 17-*, 18-*; у 15-1 и 15-2 выбора ткани в данных нет","EXACT"
"oliver-bed-lift","Кровать Оливер с подъёмным механизмом","ol-17-3","Кровать","Оливер","Кровать с подъёмным основанием и коробом хранения, то же изголовье","-","название: с подъёмным механизмом; фото: сплошной короб до пола, арочное изголовье с медальоном; fabric_upholstery_labels: 2 ткани","EXACT"
"oliver-wardrobe-2d","Двухдверный шкаф Оливер","ol-02-1","Шкаф","Оливер","Двухдверный платяной шкаф с 2 ящиками, арочный карниз, филёнки, подзор","-","фото: 2 филёнчатые дверцы, 2 ящика, арочный карниз, точёные ножки; габариты: средний по ширине среди шкафов","EXACT"
"oliver-wardrobe-1d-mirror","Однодверный шкаф Оливер с зеркалом","ol-01-2","Шкаф","Оливер","Узкий шкаф с зеркалом в дверце и 2 ящиками","-","название: с зеркалом; фото: высокое арочное зеркало в дверце, 2 ящика внизу","EXACT"
"oliver-wardrobe-corner","Угловой шкаф Оливер","ol-00-1","Шкаф","Оливер","Угловой шкаф с одной дверцей и 2 ящиками","-","название: угловой; фото: 1 дверца, 2 ящика, арочный карниз; габариты: квадратный план","EXACT"
"oliver-wardrobe-3d","Трёхдверный шкаф Оливер","ol-03-1","Шкаф","Оливер","Самый вместительный шкаф серии: 3 дверцы и ряд ящиков","-","название: 3-дв.; фото: 3 дверцы, ряд ящиков, арочный карниз; габариты: самый большой шкаф коллекции","EXACT"
"oliver-vanity","Туалетный столик Оливер с зеркалом","ol-06-1","Стол","Оливер","Столик с овальным зеркалом на точёных стойках и ящиком","-","название: с зеркалом; фото: овальное зеркало на 2 стойках, ящик под столешницей, точёные ножки","EXACT"
"oliver-chest-standard","Стандартный комод Оливер","ol-05-1","Комод","Оливер","Базовый комод: 2 небольших ящика сверху и 2 крупных","-","фото: 2 небольших + 2 крупных ящика, круглые ручки, подзор, точёные ножки","EXACT"
"oliver-chest-wide","Широкий комод Оливер","ol-05-2","Комод","Оливер","Широкий комод: 3 небольших ящика сверху и 2 ряда крупных","-","фото: 3 небольших ящика сверху, 2 ряда по 2 крупных; габариты: та же высота, что у стандартного комода","EXACT"
"oliver-chest-high","Высокий комод Оливер","ol-05-3 ol-05-n","Комод","Оливер","Высокий узкий комод: 2 небольших ящика наверху и столбец крупных","ol-05-n на 1 ярус ящиков ниже основной модели при том же фронте и глубине","фото обоих: одинаковая компоновка ящиков; название ol-05-n: «ниже на 1 ярус ящиков»; габариты: одинаковые ширина и глубина","EXACT"
"oliver-trunk","Сундук Оливер","ol-07-1","Сундук","Оливер","Сундук с мягкой крышкой на точёных ножках","-","фото: мягкая вставка в крышке, подзор, точёные ножки; fabric_upholstery_labels: 4 ткани","EXACT"
"oliver-nightstand-niche","Прикроватная тумба Оливер","ol-08-1","Тумба","Оливер","Тумба с ящиком и открытой нишей","-","название и фото совпадают: ящик и открытая ниша с полкой. В metadata canonical_name ошибочно «Зеркало навесное овальное» - текст на него не опирается","STRONG"
"oliver-nightstand-door","Прикроватная тумба Оливер с дверкой","ol-08-2","Тумба","Оливер","Закрытая версия прикроватной тумбы: дверка вместо ниши, ручка слева или справа","Сторона ручки - левая или правая","название: с дверкой; canonical_name: «с дверкой (руч.лев/пр)». Фото показывает версию с нишей (как ol-08-1), поэтому внешний вид по фото не описываем","STRONG"
"oliver-mirror-oval-wall","Овальное навесное зеркало Оливер","ol-08-1-mirror","Зеркало","Оливер","Овальное зеркало в широкой гладкой раме","-","название и фото: овальное зеркало в раме. Габариты в metadata - от тумбы ol-08-1, в тексте не используются","STRONG"
"oliver-mirror-floor","Напольное зеркало Оливер","ol-09-2","Зеркало","Оливер","Овальное зеркало на подставке с точёными стойками","-","фото: овальное зеркало между 2 точёными стойками, изогнутые опоры; габариты: высота почти в рост","EXACT"
"oliver-chair","Стул Оливер","ol-23-1","Стул","Оливер","Стул с мягким сиденьем и вставкой в спинке","-","фото: мягкое сиденье и вставка в спинке, изогнутые передние ножки; fabric_upholstery_labels: 5 тканей","EXACT"
"oliver-dining-table","Раздвижной обеденный стол Оливер","ol-21-1","Стол","Оливер","Овальный раздвижной стол на 2 точёных опорах","-","название: раздвижной; фото: овальная столешница, 2 точёные опоры на перемычке","EXACT"
"oliver-sideboard-low","Столовый комод Оливер","ol-25-1","Комод","Оливер","Длинный низкий комод для столовой: ящики и дверцы","-","фото: 3 ящика сверху, распашные дверцы под ними; габариты: длинный и низкий","EXACT"
"oliver-buffet","Буфетный шкаф Оливер","ol-26-1","Шкаф","Оливер","Буфет: стекло наверху, открытая ниша, глухие филёнки внизу","-","название: со стеклом и филёнками; фото: стеклянные дверцы, ниша, глухие дверцы","EXACT"
"oliver-vitrine","Шкаф-витрина Оливер","ol-26-2","Шкаф","Оливер","Витрина со стеклом почти на всю высоту и ящиком","-","фото: 2 стеклянные дверцы почти на всю высоту, ящик внизу","EXACT"
"oliver-clock","Часы Оливер","ol-30-1","Часы","Оливер","Настенные часы с арочным верхом и столбиками","-","фото: арочный верх, точёные столбики с навершиями, цветочный рисунок под циферблатом","EXACT"
"oliver-tv-stand","Тумба для телевизора Оливер","ol-42-1","Тумба","Оливер","Тумба: закрытые отделения по краям, открытая ниша с полкой","-","фото: 2 дверцы по краям, открытая ниша с полкой, подзор, точёные ножки","EXACT"
"oliver-tea-table-round","Круглый чайный столик Оливер","ol-43-1","Стол","Оливер","Круглый столик на точёной ножке с 3 опорами","-","название: круглый; фото: точёная центральная ножка, 3 изогнутые опоры","EXACT"
"oliver-console","Консоль Оливер","ol-44-1","Консоль","Оливер","Неглубокая консоль на высоких точёных ножках с ящиком","-","фото: один ящик, высокие точёные ножки; габариты: малая глубина","EXACT"
"oliver-console-shelves","Консоль Оливер с полками","ol-44-2","Консоль","Оливер","Консоль с 2 ящиками и открытыми полками","-","название: с полками; фото: 2 ящика, 2 открытые полки; габариты: шире и выше ol-44-1 при той же глубине","EXACT"
"oliver-bench-large","Большая банкетка Оливер","ol-55-2","Банкетка","Оливер","Длинная банкетка с мягким сиденьем на точёных ножках","-","фото: длинное мягкое сиденье, точёные ножки","EXACT"
"oliver-bench-small","Малая банкетка Оливер","ol-55-1","Банкетка","Оливер","Квадратная банкетка-табурет с мягким сиденьем","-","фото: квадратное мягкое сиденье, точёные ножки; fabric_upholstery_labels: 3 ткани","EXACT"
"oliver-bookcase-open","Стеллаж для книг Оливер","ol-62-1","Стеллаж","Оливер","Высокий стеллаж с открытыми полками и закрытым низом","-","фото: открытые полки, 2 дверцы внизу, арочный карниз с навершиями; габариты совпадают с ol-61-1 и ol-26-2","EXACT"
"oliver-shelving-wide","Широкий стеллаж Оливер","ol-62-2","Стеллаж","Оливер","Широкий невысокий стеллаж с открытыми полками","-","фото: открытые полки, фигурный верх; габариты: ниже человеческого роста","EXACT"
"oliver-armchair","Кресло Оливер","ol-56-1","Кресло","Оливер","Кресло с высокими подлокотниками и стойками с навершиями","-","фото: высокие подлокотники, мягкая обивка внутри рамы, стойки с шарами","EXACT"
"oliver-sofa-bed-small","Малый диван-кровать Оливер","ol-57-3","Диван","Оливер","Диван-кровать с изогнутой спинкой и боковинами","-","название: диван-кровать; фото: изогнутая спинка и боковины в раме со стойками","EXACT"
"oliver-sofa-small","Малый диван Оливер","ol-57-1","Диван","Оливер","Малый диван-кушетка со стойками","-","фото: изогнутая спинка, боковины одной высоты, мягкая стёжка; габариты: посадка на двоих","EXACT"
"oliver-sofa-large","Большой диван Оливер","ol-57-2","Диван","Оливер","Большой диван той же формы, что малый","-","фото: изогнутая спинка, высокие боковины, открытая рама; габариты: посадка на троих","EXACT"
"oliver-bookcase-glass","Книжный шкаф Оливер со стеклом","ol-61-1","Шкаф","Оливер","Книжный шкаф: стекло с переплётом наверху, глухие дверцы внизу","-","название: со стеклом; фото: застеклённые дверцы с переплётом, 2 глухие дверцы; габариты совпадают с ol-62-1","EXACT"
"oliver-study-cabinet","Кабинетный шкаф Оливер","ol-61-2","Шкаф","Оливер","Низкий широкий шкаф: стекло по краям, открытые полки в центре","-","фото: застеклённые отделения по краям, открытые полки в центре; габариты: низкий и длинный","EXACT"
"oliver-desk-1ped","Однотумбовый письменный стол Оливер","ol-65","Стол","Оливер","Стол с одной тумбой с полками за дверцей","-","pedestal_filling: справа полки; фото: тумба с дверцей справа, ящики в подстолье, открытое место слева","EXACT"
"oliver-etagere","Этажерка Оливер","ol-68-1 ol-68-2","Этажерка","Оливер","Открытая этажерка на точёных стойках","Число полок и высота (малая - 3 полки, большая - 6)","фото обеих: точёные стойки с навершиями, без боковин и задней стенки; одинаковые фронт и глубина","EXACT"
"oliver-bureau","Стол-бюро Оливер","ol-64-1","Стол","Оливер","Стол с надстройкой из ящиков и ниш, 2 тумбы","-","фото: надстройка с небольшими ящиками и нишами под арочным верхом, 2 тумбы с дверцами, ящики в подстолье","EXACT"
"oliver-work-table","Рабочий стол Оливер","ol-67-1","Стол","Оливер","Стол без тумб с ящиками в подстолье","-","фото: 3 ящика в подстолье, 4 точёные ножки, без тумб","EXACT"
"oliver-wall-shelf","Книжная полка Оливер","ol-69-1 ol-69-2 ol-69-3","Полка","Оливер","Навесная полка с фигурным верхом и боковинами на точёных стойках","Число ярусов: 1, 2 или 3; у 2- и 3-ярусной нижний ярус разделён на ячейки","family_key oliver:t69:polka-knizhnaya; фото: одинаковые боковины и фигурный верх, ячейки у 69-2 и 69-3; одинаковая ширина","EXACT"
"oliver-wall-shelf-corner","Угловая книжная полка Оливер","ol-69-4","Полка","Оливер","Узкая угловая колонна полок с арочным верхом","-","название: угловая; фото: колонна из 3 полок, арочный верх с навершием; габариты: квадратный план","EXACT"
"oliver-desk-2ped","Двухтумбовый письменный стол Оливер","ol-66-1","Стол","Оливер","Стол на 2 тумбах с полками за дверцами","-","pedestal_filling: полки с обеих сторон; фото: 2 тумбы с дверцами, ящики в подстолье","EXACT"
"oliver-desk-2ped-study","Двухтумбовый кабинетный стол Оливер","ol-66-4","Стол","Оливер","Кабинетный стол на 2 тумбах, глубже письменного","-","pedestal_filling: полки с обеих сторон; габариты: глубже ol-66-1 при той же ширине; фото: подзор с фигурным вырезом в центре","EXACT"
"oxford-loft-desk","Комплекс Оксфорд-1 с выдвижной столешницей","ox-90-1","Комплекс","Оксфорд","Двухъярусный комплекс: кровать наверху, рабочее место с выдвижной столешницей внизу","-","название: комплекс с выдвижной столешницей без нижней кровати; фото: верхнее спальное место с балюстрадой, ниже рабочая зона","STRONG"
"oxford-lower-bed-wide","Увеличенная нижняя кровать Оксфорд","ox-14-11","Кровать","Оксфорд","Нижняя кровать к комплексу Оксфорд-1, увеличенная ширина, без матраса","-","название: увеличенная нижняя кровать, без матраса (120 × 185)","STRONG"
"oxford-steps","Ступени Оксфорд","s-ox-05","Ступени","Оксфорд","Лестница-ступени с перилами и ящиками в подступенках","-","название: ступени с перилами и ящиками; фото: ступени с выдвижными ящиками и перилами на балясинах","STRONG"
"princess-rose-wardrobe-2d","Двухдверный шкаф Принцесса Роза","pr-02-1","Шкаф","Принцесса Роза","Двухдверный шкаф с арочным карнизом и рисунком с розами на дверцах","-","название: 2-дв., с рисунком; фото: арочный карниз, филёнчатые дверцы, рисунок внизу дверец, подзор, изогнутые ножки","EXACT"
"princess-rose-wardrobe-3d","Трёхдверный шкаф Принцесса Роза","pr-03-1","Шкаф","Принцесса Роза","Трёхдверный шкаф, широкий арочный карниз, рисунок с розами","-","название: 3-дв., с рисунком; фото: широкий арочный карниз, 3 филёнчатые дверцы, рисунок на крайних дверцах","EXACT"
"princess-rose-chest-standard","Стандартный комод Принцесса Роза","pr-05-1","Комод","Принцесса Роза","Комод с 3 ящиками, рельефная сетка, ручки Сваровски","-","название: ручки Сваровски; фото: 3 ящика, рельефная сетка на фасадах и боковинах, резной подзор, изогнутые ножки","EXACT"
"princess-rose-nightstand","Прикроватная тумба Принцесса Роза","pr-08-1","Тумба","Принцесса Роза","Тумба-столик с одним ящиком на высоких изогнутых ножках","-","название: ручки Сваровски; фото: один ящик, высокие изогнутые ножки, без нижнего корпуса","EXACT"
"princess-rose-bed","Кровать Принцесса Роза","pr-14-1 pr-15-1 pr-16-1","Кровать","Принцесса Роза","Кровать без изножья с резным гребнем на изголовье","Размер; рисунок с розами на изголовье - только у позиций «с рисунком»","фото всех 3: изголовье с резным гребнем, без изножья, фигурная царга, изогнутые ножки; в названии pr-14-1 и pr-15-1 - «с рисунком», у pr-16-1 - нет","EXACT"
"princess-rose-mirror-wall","Навесное зеркало Принцесса Роза","pr-09-1","Зеркало","Принцесса Роза","Прямоугольное зеркало в раме с волнистым контуром","-","фото: прямоугольное зеркало, рама с фигурными углами","EXACT"
"princess-rose-mirror-floor","Напольное зеркало Принцесса Роза","pr-09-2","Зеркало","Принцесса Роза","Овальное зеркало на подставке с изогнутыми опорами","-","фото: овальное зеркало на подставке, изогнутые опоры; габариты: высота почти в рост","EXACT"
"princess-rose-clock","Часы Принцесса Роза","pr-30-1","Часы","Принцесса Роза","Настенные часы на панели с волнистым краем и розами","-","фото: панель с волнистым краем, рисунок с розами под циферблатом","EXACT"
"princess-rose-chair","Стул Принцесса Роза","pr-23-1","Стул","Принцесса Роза","Стул с мягким сиденьем и спинкой на изогнутых ножках","-","фото: мягкое сиденье и вставка в спинке, изогнутые ножки, закруглённый верх спинки","EXACT"
"princess-rose-tv-stand","Тумба для телевизора Принцесса Роза","pr-42-1","Тумба","Принцесса Роза","Тумба с 2 ящиками и открытыми нишами","-","название: ручки Сваровски; фото: 2 ящика по бокам, открытая ниша в центре и полка внизу, подзор, изогнутые ножки","EXACT"
"princess-rose-bench","Банкетка Принцесса Роза","pr-55-1 pr-55-2","Банкетка","Принцесса Роза","Банкетка с мягким сиденьем на изогнутых ножках","Длина: малая почти квадратная, большая вытянутая","фото обеих: мягкое сиденье, изогнутые ножки, резной подзор; одинаковые глубина и высота","EXACT"
"princess-rose-bookcase-glass","Книжный шкаф Принцесса Роза","pr-61-1","Шкаф","Принцесса Роза","Книжный шкаф: стекло наверху, рисунок на нижних дверцах","-","название: с рисунком; фото: застеклённые дверцы наверху, глухие с рисунком внизу, арочный карниз; габариты совпадают с pr-62-1","EXACT"
"princess-rose-bookcase-open","Стеллаж для книг Принцесса Роза","pr-62-1","Стеллаж","Принцесса Роза","Высокий открытый стеллаж с арочным карнизом","-","фото: открытые полки, арочный карниз, изогнутые ножки; габариты совпадают с pr-61-1","EXACT"
"princess-rose-desk-1ped","Однотумбовый письменный стол Принцесса Роза","pr-65-5 pr-65-6 pr-65-7 pr-65-8","Стол","Принцесса Роза","Стол с одной тумбой, рельефная сетка, ручки Сваровски","Сторона тумбы (в названии) и её наполнение: полки за дверцей или ящики","наполнение и сторона тумбы - в названиях (0П / П0 / 0Я / Я0); фото: тумба с дверцей у 65-5/65-6, с 3 ящиками у 65-7/65-8; одинаковые габариты","EXACT"
"princess-rose-desk-2ped","Двухтумбовый письменный стол Принцесса Роза","pr-66-6 pr-66-7","Стол","Принцесса Роза","Стол на 2 тумбах: ящики с одной стороны, полки за дверцей с другой","Зеркальная раскладка тумб (в названии)","название: ПЯ / ЯП; фото обоих: тумба с ящиками и тумба с дверцей, ящик в подстолье; одинаковые габариты","EXACT"
"princess-rose-etagere","Этажерка Принцесса Роза","pr-68-1 pr-68-2","Этажерка","Принцесса Роза","Открытая этажерка: малая на 3 полки, большая на 6","Число полок и высота","название: малая, 3 полки / большая, 6 полок; фото нет - о форме стоек и отделке не пишем","STRONG"
"princess-rose-wall-shelf","Книжная полка Принцесса Роза","pr-69-1","Полка","Принцесса Роза","Навесная полка с высокими закруглёнными боковинами","-","фото: высокие закруглённые боковины, фигурная задняя стенка","EXACT"
"princess-rose-kids-chair","Детский стульчик Принцесса Роза","pr-82-1","Стул","Принцесса Роза","Детский стул с фигурной спинкой и рисунком на сиденье","-","название: с рисунком; фото: спинка из горизонтальных планок с фигурным верхом, рисунок на сиденье, изогнутые ножки","EXACT"
"princess-rose-changing-top","Съёмная пеленальная столешница Принцесса Роза","pr-83-1","Столешница","Принцесса Роза","Пеленальная столешница с фигурными бортами и рисунком","-","название: съёмная пеленальная, с рисунком; фото: высокие фигурные борта, рисунок на боковине","EXACT"
"princess-rose-kids-table","Детский столик Принцесса Роза","pr-81-1","Стол","Принцесса Роза","Детский стол с ящиком и рельефной сеткой на царге","-","фото: ящик в подстолье, изогнутые ножки, рельефная сетка на царге","EXACT"
"princess-rose-bed-rail","Бортик к кровати Принцесса Роза","pr-84-1 pr-84-2","Бортик","Принцесса Роза","Бортик к кровати в 2 длинах","Длина: малый и большой","название: бортик к кровати, малый / большой; габариты: одинаковые высота и толщина; фото нет, совместимость с конкретной кроватью в данных не указана","STRONG"
"princess-rose-convertible-bed","Кровать-трансформер Принцесса Роза","pr-95-1 pr-95-2 pr-95-3","Кровать","Принцесса Роза","Кровать-трансформер со спинками в форме саней и решётчатым бортом","Отделка спинок: рисунок с розами, без рисунка или тканевые панели","pr-95-1 фото: спинки в форме саней, решётчатый борт, рисунок на панелях; названия 95-2 и 95-3: без рисунка / с тканью; одинаковые габариты всех 3","EXACT"
"provence-chest-standard","Стандартный комод Прованс","pv-05-2","Комод","Прованс","Комод с 3 ящиками, филёнчатые боковины, короткие изогнутые ножки","-","фото: 3 ящика, филёнки на боковинах, резной подзор, короткие изогнутые ножки; finish_color_labels: тёмное дерево / молочный","EXACT"
"provence-wardrobe-3d","Трёхдверный шкаф Прованс","pv-03-1","Шкаф","Прованс","Трёхдверный шкаф с арочным карнизом и филёнками","-","фото: 3 филёнчатые дверцы, арочный карниз, короткие изогнутые ножки; габариты: самый широкий шкаф коллекции; finish_color_labels: молочный / тёмное дерево","EXACT"
"provence-wardrobe-2d","Двухдверный шкаф Прованс","pv-02-1","Шкаф","Прованс","Основной двухдверный шкаф для спальни","-","фото: 2 филёнчатые дверцы, арочный карниз, подзор; finish_color_labels: молочный / тёмное дерево","EXACT"
"provence-vanity","Туалетный столик Прованс","pv-06-2","Стол","Прованс","Столик с ящиками по бокам на высоких изогнутых ножках","-","фото: ящики по бокам, высокие изогнутые ножки. Наличие зеркала в названии не указано - о зеркале не пишем; finish_color_labels: молочный / тёмное дерево","STRONG"
"provence-nightstand","Прикроватная тумба Прованс","pv-08-2","Тумба","Прованс","Тумба с ящиком на высоких изогнутых ножках, без нижнего корпуса","-","фото: один ящик, высокие изогнутые ножки, открытый низ; finish_color_labels: молочный / тёмное дерево","EXACT"
"provence-bed","Кровать Прованс","pv-14-1 pv-15-1 pv-16-1 pv-17-1 pv-18-1 pv-15-2 pv-16-2","Кровать","Прованс","Кровать без изножья с невысоким арочным изголовьем","Размер; у pv-15-2 и pv-16-2 - мягкая тканевая вставка в изголовье","display_group pv-15-16-bed (15-1, 15-2, 16-1, 16-2); фото всех: одинаковое арочное изголовье, без изножья, подзор, короткие ножки; «с тканью» - в названиях 15-2 и 16-2","EXACT"
"provence-mirror-wall","Навесное зеркало Прованс","pv-09-1","Зеркало","Прованс","Прямоугольное зеркало в широкой раме с выступами по углам","-","фото: прямоугольное зеркало, широкая рама с фигурными углами; finish_color_labels; finish_color_labels: молочный / тёмное дерево","EXACT"
"provence-mirror-floor","Напольное зеркало Прованс","pv-09-2","Зеркало","Прованс","Арочное напольное зеркало на тумбе с ящиком","-","фото: высокое зеркало с арочным верхом на основании с ящиком, изогнутые ножки","EXACT"
"provence-bench","Банкетка Прованс","pv-55-1 pv-55-2","Банкетка","Прованс","Мягкая банкетка с волнистой царгой на изогнутых ножках","Длина: малая и большая","фото обеих: мягкое сиденье, волнистая царга, изогнутые ножки; одинаковые глубина и высота; pv-55-1 finish_color_labels: молочный / тёмное дерево","EXACT"
"provence-bookcase-open","Стеллаж для книг Прованс","pv-62-1","Стеллаж","Прованс","Открытый стеллаж с арочным карнизом; открытая пара книжного шкафа","-","фото: открытые полки, арочный карниз, подзор; габариты совпадают с pv-61-1; finish_color_labels: молочный / тёмное дерево","EXACT"
"provence-bookcase-glass","Книжный шкаф Прованс","pv-61-1","Шкаф","Прованс","Книжный шкаф: стекло наверху, филёнки внизу","-","фото: застеклённые дверцы наверху, филёнчатые внизу, арочный карниз; габариты совпадают с pv-62-1; finish_color_labels: молочный / тёмное дерево","EXACT"
"provence-chair","Стул Прованс","pv-23-1","Стул","Прованс","Стул с мягкой вставкой в спинке и изогнутыми ножками","-","фото: мягкое сиденье и вставка в спинке, изогнутые ножки; finish_color_labels: 2 отделки; finish_color_labels: молочный / тёмное дерево","EXACT"
"provence-tea-table","Чайный столик Прованс","pv-43-1","Стол","Прованс","Небольшой столик на высоких изогнутых ножках","-","фото: небольшая столешница, высокие изогнутые ножки, фигурная царга. Форма столешницы в данных и на фото расходится (в старом тексте - круглая, на фото - квадратная), поэтому форму не называем","STRONG"
"provence-tv-stand","Тумба для телевизора Прованс","pv-42-2","Тумба","Прованс","Тумба: 2 ящика, открытая ниша и полка","-","фото: 2 ящика по бокам, открытая ниша по центру, полка внизу, изогнутые ножки; finish_color_labels: молочный / тёмное дерево","EXACT"
"provence-etagere-small","Малая этажерка Прованс","pv-68-1","Этажерка","Прованс","Небольшая этажерка на точёных стойках","-","название: малая, 3 полки; фото: точёные стойки, 3 полки, фигурное основание","EXACT"
"provence-etagere-large","Большая этажерка Прованс","pv-68-2","Этажерка","Прованс","Высокая открытая этажерка на 6 полок","-","название: большая, 6 полок. Фото выбивается из серии (тёмное дерево, витые стойки), поэтому о форме и отделке не пишем","STRONG"
"provence-wall-shelf","Книжная полка Прованс","pv-69-1","Полка","Прованс","Навесная полка с волнистой задней стенкой","-","фото: волнистый верх задней стенки, закруглённые боковины","EXACT"
"provence-desk-1ped","Однотумбовый письменный стол Прованс","pv-65-5 pv-65-6 pv-65-7 pv-65-8","Стол","Прованс","Стол с одной тумбой и ящиком в подстолье","Сторона тумбы (в названии) и наполнение: полки за дверцей или 3 ящика","pedestal_filling 0П / П0 / 0Я / Я0; фото: тумба с филёнчатой дверцей у 65-5/65-6, с 3 ящиками у 65-7/65-8; ящик в подстолье у всех; pv-65-5 и pv-65-8 finish_color_labels: молочный / тёмное дерево","EXACT"
"provence-desk-2ped","Двухтумбовый письменный стол Прованс","pv-66-6 pv-66-7","Стол","Прованс","Стол на 2 тумбах: ящики и полки за дверцей","Зеркальная раскладка тумб (в названии)","pedestal_filling ПЯ / ЯП; фото обоих: тумба с ящиками и тумба с дверцей, ящик в подстолье","EXACT"
"ww-chest-high","Высокий комод Вилли Винки","ba-05-3 pa-05-3 fa-05-3 rs-05-3 fk-05-3 rl-05-3 tw-05-3 te-05-3 tb-05-3","Комод","Вилли Винки","Высокий узкий комод на шарообразных ножках, фасад под роспись; исполнение корпуса - 2 варианта","Роспись (motif) и её расположение; у части росписей верх и цоколь контрастного цвета","фото всех 9: одинаковый корпус - 2 малых ящика наверху, ряд широких ниже, шарообразные ножки; metadata.motif различается; material_tier_labels: полностью массив / фронты массив + ЛДСП","EXACT"
"ww-chest-standard","Стандартный комод Вилли Винки","av-05-1 fk-05-1 pa-05-1 te-05-1","Комод","Вилли Винки","Широкий комод: 2 малых ящика и 3 широких, шарообразные ножки","Роспись и контрастные верх и цоколь у части росписей","фото всех 4: 2 малых ящика наверху, 3 широких ниже, шарообразные ножки; metadata.motif; material_tier_labels","EXACT"
"ww-desk","Рабочий стол Вилли Винки","in-67-1 rl-67-1 fa-67-1 tb-67-1","Стол","Вилли Винки","Стол с ящиками в подстолье на высоких точёных ножках","Роспись; у «Королевских лилий» столешница контрастного цвета","фото всех 4: ящики в подстолье, высокие точёные ножки, открытое место для ног; metadata.motif; material_tier_labels","EXACT"
"ww-bookcase","Стеллаж для книг Вилли Винки","pa-62-1 ba-62-1","Стеллаж","Вилли Винки","Открытый стеллаж с арочной нишей, фронтоном и 2 ящиками внизу","Роспись","фото обоих: арочная ниша с полками, фронтон, 2 ящика внизу, шарообразные ножки; в названии без «высокий» - отдельно от ww-bookcase-tall","STRONG"
"ww-bookcase-tall","Высокий стеллаж для книг Вилли Винки","rs-62-1 te-62-1 to-62-1 tb-62-1","Стеллаж","Вилли Винки","Высокий открытый стеллаж с аркой и ящиками внизу","Роспись; у части корпус окрашен целиком в контрастный цвет","название: высокий; фото всех 4: арочный верх ниши, фронтон, 2 ящика внизу, шарообразные ножки; rs и te - корпус контрастного цвета","STRONG"
"ww-wardrobe-tall","Высокий двухдверный шкаф Вилли Винки","mo-02-1 te-02-2","Шкаф","Вилли Винки","Высокий шкаф с фронтоном, 2 дверцами и 2 ящиками внизу","Роспись; рисунок дверец: у «Рыцарей» - арочные филёнки и контрастная рама","фото обоих: фронтон, 2 дверцы, 2 ящика внизу, шарообразные ножки; te-02-2 - арочные филёнки","STRONG"
"ww-kids-table","Детский столик Вилли Винки","mo-81-1 sh-81-1","Стол","Вилли Винки","Детский стол с ящиком и расписной столешницей","Роспись; у «Милого дома» ножки и подстолье контрастного цвета","фото обоих: ящик в подстолье, точёные ножки, роспись на столешнице; sh-81-1 - контрастное основание; стул на фото sh-81-1 в товар не входит","STRONG"
"ww-vanity","Туалетный столик Вилли Винки с зеркалом","fa-06-1","Стол","Вилли Винки","Столик с овальным зеркалом на стойке","-","название: с зеркалом; фото: овальное зеркало на стойке, 2 ящика, высокие точёные ножки; motif Fairies","EXACT"
