medusa_product_handle,match_via,legacy_site,product_url,product_name,article_hint,image_url,local_image_path,local_image_abspath,local_image_exists,candidate_role_guess,evidence,confidence,needs_operator_review,is_suspicious,gallery_order,category_hint,disposition,not_applied
av-05-1,article_hint_exact,woodright-kids.ru,https://woodright-kids.ru/catalogue/komod-standartnyj-ants-village/,Комод стандартный Ant&#8217;s Village,AV-05-1,https://woodright-kids.ru/wp-content/uploads/2015/05/av-05-1-iso.jpg,wp-content/uploads/2015/05/av-05-1-iso.jpg,/Users/leonidmbp/Documents/woodright-legacy-private-export/2026-07-07/raw/public-crawl/woodright-kids.ru/images/wp-content/uploads/2015/05/av-05-1-iso.jpg,yes,main_candidate,html_img_on_product_page,0.75,true,no,0,,review_required,true
av-05-1,article_hint_exact,woodright.ru,https://woodright.ru/kollekcii/willie-winkie/komod-willie-winkie/,Комод стандартный Ant`s Village (гл.440),AV-05-1,https://woodright.ru/images/detailed/10/av-05-1-iso.jpg,detailed/10/av-05-1-iso.jpg,/Users/leonidmbp/Documents/woodright-legacy-private-export/2026-07-07/raw/public-crawl/woodright.ru/images/detailed/10/av-05-1-iso.jpg,yes,main_candidate,filename_matches_article,0.5,true,no,0,komody,review_required,true
av-05-1,article_hint_exact,woodright.ru,https://woodright.ru/kollekcii/willie-winkie/komod-willie-winkie-ru/,Комод стандартный Ant`s Village (гл.560),AV-05-1,https://woodright.ru/images/detailed/10/av-05-1-iso_hvyo-8t.jpg,detailed/10/av-05-1-iso_hvyo-8t.jpg,/Users/leonidmbp/Documents/woodright-legacy-private-export/2026-07-07/raw/public-crawl/woodright.ru/images/detailed/10/av-05-1-iso_hvyo-8t.jpg,yes,main_candidate,filename_matches_article,0.5,true,no,0,komody,review_required,true
av-05-1,article_hint_exact,woodright-kids.ru,https://woodright-kids.ru/catalogue/komod-standartnyj-ants-village/,Комод стандартный Ant&#8217;s Village,AV-05-1,https://woodright-kids.ru/wp-content/uploads/2015/05/av-05-1-iso-1.jpg,wp-content/uploads/2015/05/av-05-1-iso-1.jpg,/Users/leonidmbp/Documents/woodright-legacy-private-export/2026-07-07/raw/public-crawl/woodright-kids.ru/images/wp-content/uploads/2015/05/av-05-1-iso-1.jpg,yes,gallery_candidate,html_img_on_product_page,0.75,true,no,1,,review_required,true
av-05-1,article_hint_exact,woodright.ru,https://woodright.ru/kollekcii/willie-winkie/komod-willie-winkie/,Комод стандартный Ant`s Village (гл.440),AV-05-1,https://woodright.ru/images/detailed/10/av-05-1-iso-1.jpg,detailed/10/av-05-1-iso-1.jpg,/Users/leonidmbp/Documents/woodright-legacy-private-export/2026-07-07/raw/public-crawl/woodright.ru/images/detailed/10/av-05-1-iso-1.jpg,yes,gallery_candidate,filename_matches_article,0.5,true,no,1,komody,review_required,true
av-05-1,article_hint_exact,woodright.ru,https://woodright.ru/kollekcii/willie-winkie/komod-willie-winkie-ru/,Комод стандартный Ant`s Village (гл.560),AV-05-1,https://woodright.ru/images/detailed/10/av-05-1-iso-1_il9e-v6.jpg,detailed/10/av-05-1-iso-1_il9e-v6.jpg,/Users/leonidmbp/Documents/woodright-legacy-private-export/2026-07-07/raw/public-crawl/woodright.ru/images/detailed/10/av-05-1-iso-1_il9e-v6.jpg,yes,gallery_candidate,filename_matches_article,0.5,true,no,1,komody,review_required,true
av-05-1,article_hint_exact,woodright.ru,https://woodright.ru/kollekcii/willie-winkie/komod-willie-winkie/,Комод стандартный Ant`s Village (гл.440),AV-05-1,https://woodright.ru/images/detailed/10/AV_5.jpg,detailed/10/AV_5.jpg,/Users/leonidmbp/Documents/woodright-legacy-private-export/2026-07-07/raw/public-crawl/woodright.ru/images/detailed/10/AV_5.jpg,yes,gallery_candidate,directory_matches_product_slug,0.3,true,no,2,komody,review_required,true
av-05-1,article_hint_exact,woodright.ru,https://woodright.ru/kollekcii/willie-winkie/komod-willie-winkie-ru/,Комод стандартный Ant`s Village (гл.560),AV-05-1,https://woodright.ru/images/detailed/10/AV_5_icbq-ee.jpg,detailed/10/AV_5_icbq-ee.jpg,/Users/leonidmbp/Documents/woodright-legacy-private-export/2026-07-07/raw/public-crawl/woodright.ru/images/detailed/10/AV_5_icbq-ee.jpg,yes,gallery_candidate,directory_matches_product_slug,0.3,true,no,2,komody,review_required,true
av-05-1,article_hint_exact,woodright.ru,https://woodright.ru/kollekcii/willie-winkie/komod-willie-winkie/,Комод стандартный Ant`s Village (гл.440),AV-05-1,https://woodright.ru/images/detailed/10/AV_6.jpg,detailed/10/AV_6.jpg,/Users/leonidmbp/Documents/woodright-legacy-private-export/2026-07-07/raw/public-crawl/woodright.ru/images/detailed/10/AV_6.jpg,yes,gallery_candidate,directory_matches_product_slug,0.3,true,no,3,komody,review_required,true
av-05-1,article_hint_exact,woodright.ru,https://woodright.ru/kollekcii/willie-winkie/komod-willie-winkie-ru/,Комод стандартный Ant`s Village (гл.560),AV-05-1,https://woodright.ru/images/detailed/10/AV_6_rhf2-zm.jpg,detailed/10/AV_6_rhf2-zm.jpg,/Users/leonidmbp/Documents/woodright-legacy-private-export/2026-07-07/raw/public-crawl/woodright.ru/images/detailed/10/AV_6_rhf2-zm.jpg,yes,gallery_candidate,directory_matches_product_slug,0.3,true,no,3,komody,review_required,true
ba-05-3,article_hint_exact,woodright.ru,https://woodright.ru/kollekcii/willie-winkie/komod-vysokiy-willie-winkie-ru/,Комод высокий Ballet (гл.440),BA-05-3,https://woodright.ru/images/detailed/10/ba-05-3-i1.png,detailed/10/ba-05-3-i1.png,/Users/leonidmbp/Documents/woodright-legacy-private-export/2026-07-07/raw/public-crawl/woodright.ru/images/detailed/10/ba-05-3-i1.png,yes,main_candidate,filename_matches_article,0.5,true,no,0,komody,review_required,true
ba-05-3,article_hint_exact,woodright.ru,https://woodright.ru/kollekcii/willie-winkie/komod-vysokiy-willie-winkie-ru-2/,Комод высокий  Ballet (гл.560),BA-05-3,https://woodright.ru/images/detailed/10/ba-05-3-i1_cqpw-la.png,detailed/10/ba-05-3-i1_cqpw-la.png,/Users/leonidmbp/Documents/woodright-legacy-private-export/2026-07-07/raw/public-crawl/woodright.ru/images/detailed/10/ba-05-3-i1_cqpw-la.png,yes,main_candidate,filename_matches_article,0.5,true,no,0,komody,review_required,true
ba-05-3,article_hint_exact,woodright.ru,https://woodright.ru/kollekcii/willie-winkie/komod-vysokiy-willie-winkie-ru/,Комод высокий Ballet (гл.440),BA-05-3,https://woodright.ru/images/detailed/10/ba-05-3-i2.png,detailed/10/ba-05-3-i2.png,/Users/leonidmbp/Documents/woodright-legacy-private-export/2026-07-07/raw/public-crawl/woodright.ru/images/detailed/10/ba-05-3-i2.png,yes,gallery_candidate,filename_matches_article,0.5,true,no,1,komody,review_required,true
ba-05-3,article_hint_exact,woodright.ru,https://woodright.ru/kollekcii/willie-winkie/komod-vysokiy-willie-winkie-ru-2/,Комод высокий  Ballet (гл.560),BA-05-3,https://woodright.ru/images/detailed/10/ba-05-3-i2_4tlq-qo.png,detailed/10/ba-05-3-i2_4tlq-qo.png,/Users/leonidmbp/Documents/woodright-legacy-private-export/2026-07-07/raw/public-crawl/woodright.ru/images/detailed/10/ba-05-3-i2_4tlq-qo.png,yes,gallery_candidate,filename_matches_article,0.5,true,no,1,komody,review_required,true
ba-62-1,article_hint_exact,woodright-kids.ru,https://woodright-kids.ru/catalogue/stellazh-dlya-knig-ballet/,Стеллаж для книг Ballet,BA-62-1,https://woodright-kids.ru/wp-content/uploads/2015/05/ba-62-1-iso.jpg,wp-content/uploads/2015/05/ba-62-1-iso.jpg,/Users/leonidmbp/Documents/woodright-legacy-private-export/2026-07-07/raw/public-crawl/woodright-kids.ru/images/wp-content/uploads/2015/05/ba-62-1-iso.jpg,yes,main_candidate,html_img_on_product_page,0.75,true,no,0,,review_required,true
ba-62-1,article_hint_exact,woodright.ru,https://woodright.ru/kollekcii/willie-winkie/stellazh-dlya-knig-willie-winkie-ru-2/,Стеллаж для книг Ballet (гл. 560),BA-62-1,https://woodright.ru/images/detailed/10/ba-62-1-iso-1_p1mn-c5.jpg,detailed/10/ba-62-1-iso-1_p1mn-c5.jpg,/Users/leonidmbp/Documents/woodright-legacy-private-export/2026-07-07/raw/public-crawl/woodright.ru/images/detailed/10/ba-62-1-iso-1_p1mn-c5.jpg,yes,main_candidate,filename_matches_article,0.5,true,no,0,stellazhi,review_required,true
ba-62-1,article_hint_exact,woodright.ru,https://woodright.ru/kollekcii/willie-winkie/stellazh-dlya-knig-willie-winkie-ru/,Стеллаж для книг Ballet (гл. 440),BA-62-1,https://woodright.ru/images/detailed/10/ba-62-1-iso-1_s879-6p.jpg,detailed/10/ba-62-1-iso-1_s879-6p.jpg,/Users/leonidmbp/Documents/woodright-legacy-private-export/2026-07-07/raw/public-crawl/woodright.ru/images/detailed/10/ba-62-1-iso-1_s879-6p.jpg,yes,main_candidate,filename_matches_article,0.5,true,no,0,stellazhi,review_required,true
ba-62-1,article_hint_exact,woodright-kids.ru,https://woodright-kids.ru/catalogue/stellazh-dlya-knig-ballet/,Стеллаж для книг Ballet,BA-62-1,https://woodright-kids.ru/wp-content/uploads/2015/05/ba-62-1-iso-1.jpg,wp-content/uploads/2015/05/ba-62-1-iso-1.jpg,/Users/leonidmbp/Documents/woodright-legacy-private-export/2026-07-07/raw/public-crawl/woodright-kids.ru/images/wp-content/uploads/2015/05/ba-62-1-iso-1.jpg,yes,gallery_candidate,html_img_on_product_page,0.75,true,no,1,,review_required,true
ba-62-1,article_hint_exact,woodright.ru,https://woodright.ru/kollekcii/willie-winkie/stellazh-dlya-knig-willie-winkie-ru-2/,Стеллаж для книг Ballet (гл. 560),BA-62-1,https://woodright.ru/images/detailed/10/ba-62-1-iso_8w7a-9q.jpg,detailed/10/ba-62-1-iso_8w7a-9q.jpg,/Users/leonidmbp/Documents/woodright-legacy-private-export/2026-07-07/raw/public-crawl/woodright.ru/images/detailed/10/ba-62-1-iso_8w7a-9q.jpg,yes,gallery_candidate,filename_matches_article,0.5,true,no,1,stellazhi,review_required,true
ba-62-1,article_hint_exact,woodright.ru,https://woodright.ru/kollekcii/willie-winkie/stellazh-dlya-knig-willie-winkie-ru/,Стеллаж для книг Ballet (гл. 440),BA-62-1,https://woodright.ru/images/detailed/10/ba-62-1-iso_mp61-s0.jpg,detailed/10/ba-62-1-iso_mp61-s0.jpg,/Users/leonidmbp/Documents/woodright-legacy-private-export/2026-07-07/raw/public-crawl/woodright.ru/images/detailed/10/ba-62-1-iso_mp61-s0.jpg,yes,gallery_candidate,filename_matches_article,0.5,true,no,1,stellazhi,review_required,true
fa-05-3,article_hint_exact,woodright-kids.ru,https://woodright-kids.ru/catalogue/komod-vysokij-fairies/,Комод высокий Fairies,FA-05-3,https://woodright-kids.ru/wp-content/uploads/2015/05/fa-05-3-iso.jpg,wp-content/uploads/2015/05/fa-05-3-iso.jpg,/Users/leonidmbp/Documents/woodright-legacy-private-export/2026-07-07/raw/public-crawl/woodright-kids.ru/images/wp-content/uploads/2015/05/fa-05-3-iso.jpg,yes,main_candidate,html_img_on_product_page,0.75,true,no,0,,review_required,true
fa-05-3,article_hint_exact,woodright.ru,https://woodright.ru/kollekcii/willie-winkie/komod-vysokiy-willie-winkie-ru-9/,Комод высокий Fairies (гл.440),FA-05-3,https://woodright.ru/images/detailed/10/fa-05-3-iso.jpg,detailed/10/fa-05-3-iso.jpg,/Users/leonidmbp/Documents/woodright-legacy-private-export/2026-07-07/raw/public-crawl/woodright.ru/images/detailed/10/fa-05-3-iso.jpg,yes,main_candidate,filename_matches_article,0.5,true,no,0,komody,review_required,true
fa-05-3,article_hint_exact,woodright.ru,https://woodright.ru/kollekcii/willie-winkie/komod-vysokiy-willie-winkie-ru-10/,Комод высокий Fairies (гл.560),FA-05-3,https://woodright.ru/images/detailed/10/fa-05-3-iso_qmc6-u8.jpg,detailed/10/fa-05-3-iso_qmc6-u8.jpg,/Users/leonidmbp/Documents/woodright-legacy-private-export/2026-07-07/raw/public-crawl/woodright.ru/images/detailed/10/fa-05-3-iso_qmc6-u8.jpg,yes,main_candidate,filename_matches_article,0.5,true,no,0,komody,review_required,true
fa-05-3,article_hint_exact,woodright-kids.ru,https://woodright-kids.ru/catalogue/komod-vysokij-fairies/,Комод высокий Fairies,FA-05-3,https://woodright-kids.ru/wp-content/uploads/2015/05/fa-05-3-iso-1.jpg,wp-content/uploads/2015/05/fa-05-3-iso-1.jpg,/Users/leonidmbp/Documents/woodright-legacy-private-export/2026-07-07/raw/public-crawl/woodright-kids.ru/images/wp-content/uploads/2015/05/fa-05-3-iso-1.jpg,yes,gallery_candidate,html_img_on_product_page,0.75,true,no,1,,review_required,true
fa-05-3,article_hint_exact,woodright.ru,https://woodright.ru/kollekcii/willie-winkie/komod-vysokiy-willie-winkie-ru-9/,Комод высокий Fairies (гл.440),FA-05-3,https://woodright.ru/images/detailed/10/fa-05-3-iso-1.jpg,detailed/10/fa-05-3-iso-1.jpg,/Users/leonidmbp/Documents/woodright-legacy-private-export/2026-07-07/raw/public-crawl/woodright.ru/images/detailed/10/fa-05-3-iso-1.jpg,yes,gallery_candidate,filename_matches_article,0.5,true,no,1,komody,review_required,true
fa-05-3,article_hint_exact,woodright.ru,https://woodright.ru/kollekcii/willie-winkie/komod-vysokiy-willie-winkie-ru-10/,Комод высокий Fairies (гл.560),FA-05-3,https://woodright.ru/images/detailed/10/fa-05-3-iso-1_jb6v-r9.jpg,detailed/10/fa-05-3-iso-1_jb6v-r9.jpg,/Users/leonidmbp/Documents/woodright-legacy-private-export/2026-07-07/raw/public-crawl/woodright.ru/images/detailed/10/fa-05-3-iso-1_jb6v-r9.jpg,yes,gallery_candidate,filename_matches_article,0.5,true,no,1,komody,review_required,true
fa-06-1,article_hint_exact,woodright-kids.ru,https://woodright-kids.ru/catalogue/stolik-tualetnyj-s-zerkalom-fairies/,Столик туалетный с зеркалом Fairies,FA-06-1,https://woodright-kids.ru/wp-content/uploads/2015/05/fa-06-1-iso.jpg,wp-content/uploads/2015/05/fa-06-1-iso.jpg,/Users/leonidmbp/Documents/woodright-legacy-private-export/2026-07-07/raw/public-crawl/woodright-kids.ru/images/wp-content/uploads/2015/05/fa-06-1-iso.jpg,yes,main_candidate,html_img_on_product_page,0.75,true,no,0,,review_required,true
fa-06-1,article_hint_exact,woodright.ru,https://woodright.ru/kollekcii/willie-winkie/stolik-tualetnyy-s-zerkalom-willie-winkie-ru-3/,Столик туалетный с зеркалом Fairies,FA-06-1,https://woodright.ru/images/detailed/10/fa-06-1-iso.jpg,detailed/10/fa-06-1-iso.jpg,/Users/leonidmbp/Documents/woodright-legacy-private-export/2026-07-07/raw/public-crawl/woodright.ru/images/detailed/10/fa-06-1-iso.jpg,yes,main_candidate,filename_matches_article,0.5,true,no,0,stoly-i-stoliki,review_required,true
fa-06-1,article_hint_exact,woodright-kids.ru,https://woodright-kids.ru/catalogue/stolik-tualetnyj-s-zerkalom-fairies/,Столик туалетный с зеркалом Fairies,FA-06-1,https://woodright-kids.ru/wp-content/uploads/2015/05/fa-06-1-iso-1.jpg,wp-content/uploads/2015/05/fa-06-1-iso-1.jpg,/Users/leonidmbp/Documents/woodright-legacy-private-export/2026-07-07/raw/public-crawl/woodright-kids.ru/images/wp-content/uploads/2015/05/fa-06-1-iso-1.jpg,yes,gallery_candidate,html_img_on_product_page,0.75,true,no,1,,review_required,true
fa-06-1,article_hint_exact,woodright.ru,https://woodright.ru/kollekcii/willie-winkie/stolik-tualetnyy-s-zerkalom-willie-winkie-ru-3/,Столик туалетный с зеркалом Fairies,FA-06-1,https://woodright.ru/images/detailed/10/fa-06-1-iso-1.jpg,detailed/10/fa-06-1-iso-1.jpg,/Users/leonidmbp/Documents/woodright-legacy-private-export/2026-07-07/raw/public-crawl/woodright.ru/images/detailed/10/fa-06-1-iso-1.jpg,yes,gallery_candidate,filename_matches_article,0.5,true,no,1,stoly-i-stoliki,review_required,true
fa-67-1,article_hint_exact,woodright-kids.ru,https://woodright-kids.ru/catalogue/stol-rabochij-fairies/,Стол рабочий Fairies,FA-67-1,https://woodright-kids.ru/wp-content/uploads/2015/05/fa-67-1-iso.jpg,wp-content/uploads/2015/05/fa-67-1-iso.jpg,/Users/leonidmbp/Documents/woodright-legacy-private-export/2026-07-07/raw/public-crawl/woodright-kids.ru/images/wp-content/uploads/2015/05/fa-67-1-iso.jpg,yes,main_candidate,html_img_on_product_page,0.75,true,no,0,,review_required,true
fa-67-1,article_hint_exact,woodright.ru,https://woodright.ru/kollekcii/willie-winkie/stol-rabochiy-willie-winkie-ru-13/,Стол рабочий Fairies,FA-67-1,https://woodright.ru/images/detailed/10/fa-67-1-iso__1_.jpg,detailed/10/fa-67-1-iso__1_.jpg,/Users/leonidmbp/Documents/woodright-legacy-private-export/2026-07-07/raw/public-crawl/woodright.ru/images/detailed/10/fa-67-1-iso__1_.jpg,yes,main_candidate,filename_matches_article,0.5,true,no,0,stoly-i-stoliki,review_required,true
fa-67-1,article_hint_exact,woodright-kids.ru,https://woodright-kids.ru/catalogue/stol-rabochij-fairies/,Стол рабочий Fairies,FA-67-1,https://woodright-kids.ru/wp-content/uploads/2015/05/fa-67-1-iso-1.jpg,wp-content/uploads/2015/05/fa-67-1-iso-1.jpg,/Users/leonidmbp/Documents/woodright-legacy-private-export/2026-07-07/raw/public-crawl/woodright-kids.ru/images/wp-content/uploads/2015/05/fa-67-1-iso-1.jpg,yes,gallery_candidate,html_img_on_product_page,0.75,true,no,1,,review_required,true
fa-67-1,article_hint_exact,woodright.ru,https://woodright.ru/kollekcii/willie-winkie/stol-rabochiy-willie-winkie-ru-13/,Стол рабочий Fairies,FA-67-1,https://woodright.ru/images/detailed/10/fa-67-1-iso-1__1_.jpg,detailed/10/fa-67-1-iso-1__1_.jpg,/Users/leonidmbp/Documents/woodright-legacy-private-export/2026-07-07/raw/public-crawl/woodright.ru/images/detailed/10/fa-67-1-iso-1__1_.jpg,yes,gallery_candidate,filename_matches_article,0.5,true,no,1,stoly-i-stoliki,review_required,true
fk-05-1,article_hint_exact,woodright-kids.ru,https://woodright-kids.ru/catalogue/komod-standartnyj-fantasy-kingdom/,Комод стандартный Fantasy Kingdom,FK-05-1,https://woodright-kids.ru/wp-content/uploads/2015/05/fk-05-1-iso.jpg,wp-content/uploads/2015/05/fk-05-1-iso.jpg,/Users/leonidmbp/Documents/woodright-legacy-private-export/2026-07-07/raw/public-crawl/woodright-kids.ru/images/wp-content/uploads/2015/05/fk-05-1-iso.jpg,yes,main_candidate,html_img_on_product_page,0.75,true,no,0,,review_required,true
fk-05-1,article_hint_exact,woodright.ru,https://woodright.ru/kollekcii/willie-winkie/komod-willie-winkie-ru-10/,Комод стандартный Fantasy Kingdom (гл.440),FK-05-1,https://woodright.ru/images/detailed/10/fk-05-1-iso.jpg,detailed/10/fk-05-1-iso.jpg,/Users/leonidmbp/Documents/woodright-legacy-private-export/2026-07-07/raw/public-crawl/woodright.ru/images/detailed/10/fk-05-1-iso.jpg,yes,main_candidate,filename_matches_article,0.5,true,no,0,komody,review_required,true
fk-05-1,article_hint_exact,woodright.ru,https://woodright.ru/kollekcii/willie-winkie/komod-willie-winkie-ru-11/,Комод стандартный Fantasy Kingdom (гл.560,FK-05-1,https://woodright.ru/images/detailed/10/fk-05-1-iso_mxz1-y9.jpg,detailed/10/fk-05-1-iso_mxz1-y9.jpg,/Users/leonidmbp/Documents/woodright-legacy-private-export/2026-07-07/raw/public-crawl/woodright.ru/images/detailed/10/fk-05-1-iso_mxz1-y9.jpg,yes,main_candidate,filename_matches_article,0.5,true,no,0,komody,review_required,true
fk-05-1,article_hint_exact,woodright-kids.ru,https://woodright-kids.ru/catalogue/komod-standartnyj-fantasy-kingdom/,Комод стандартный Fantasy Kingdom,FK-05-1,https://woodright-kids.ru/wp-content/uploads/2015/05/fk-05-1-iso-1.jpg,wp-content/uploads/2015/05/fk-05-1-iso-1.jpg,/Users/leonidmbp/Documents/woodright-legacy-private-export/2026-07-07/raw/public-crawl/woodright-kids.ru/images/wp-content/uploads/2015/05/fk-05-1-iso-1.jpg,yes,gallery_candidate,html_img_on_product_page,0.75,true,no,1,,review_required,true
fk-05-1,article_hint_exact,woodright.ru,https://woodright.ru/kollekcii/willie-winkie/komod-willie-winkie-ru-10/,Комод стандартный Fantasy Kingdom (гл.440),FK-05-1,https://woodright.ru/images/detailed/10/fk-05-1-iso-1.jpg,detailed/10/fk-05-1-iso-1.jpg,/Users/leonidmbp/Documents/woodright-legacy-private-export/2026-07-07/raw/public-crawl/woodright.ru/images/detailed/10/fk-05-1-iso-1.jpg,yes,gallery_candidate,filename_matches_article,0.5,true,no,1,komody,review_required,true
fk-05-1,article_hint_exact,woodright.ru,https://woodright.ru/kollekcii/willie-winkie/komod-willie-winkie-ru-11/,Комод стандартный Fantasy Kingdom (гл.560,FK-05-1,https://woodright.ru/images/detailed/10/fk-05-1-iso-1_jb76-09.jpg,detailed/10/fk-05-1-iso-1_jb76-09.jpg,/Users/leonidmbp/Documents/woodright-legacy-private-export/2026-07-07/raw/public-crawl/woodright.ru/images/detailed/10/fk-05-1-iso-1_jb76-09.jpg,yes,gallery_candidate,filename_matches_article,0.5,true,no,1,komody,review_required,true
fk-05-3,article_hint_exact,woodright-kids.ru,https://woodright-kids.ru/catalogue/komod-vysokij-fantasy-kingdom/,Комод высокий Fantasy Kingdom,FK-05-3,https://woodright-kids.ru/wp-content/uploads/2015/05/fk-05-3-iso.jpg,wp-content/uploads/2015/05/fk-05-3-iso.jpg,/Users/leonidmbp/Documents/woodright-legacy-private-export/2026-07-07/raw/public-crawl/woodright-kids.ru/images/wp-content/uploads/2015/05/fk-05-3-iso.jpg,yes,main_candidate,html_img_on_product_page,0.75,true,no,0,,review_required,true
fk-05-3,article_hint_exact,woodright.ru,https://woodright.ru/kollekcii/willie-winkie/komod-vysokiy-willie-winkie-ru-11/,Комод высокий Fantasy Kingdom (гл.440),FK-05-3,https://woodright.ru/images/detailed/10/fk-05-3-i1.png,detailed/10/fk-05-3-i1.png,/Users/leonidmbp/Documents/woodright-legacy-private-export/2026-07-07/raw/public-crawl/woodright.ru/images/detailed/10/fk-05-3-i1.png,yes,main_candidate,filename_matches_article,0.5,true,no,0,komody,review_required,true
fk-05-3,article_hint_exact,woodright.ru,https://woodright.ru/kollekcii/willie-winkie/komod-vysokiy-willie-winkie-ru-12/,Комод высокий Fantasy Kingdom (гл.560),FK-05-3,https://woodright.ru/images/detailed/10/fk-05-3-i1_heqg-hj.png,detailed/10/fk-05-3-i1_heqg-hj.png,/Users/leonidmbp/Documents/woodright-legacy-private-export/2026-07-07/raw/public-crawl/woodright.ru/images/detailed/10/fk-05-3-i1_heqg-hj.png,yes,main_candidate,filename_matches_article,0.5,true,no,0,komody,review_required,true
fk-05-3,article_hint_exact,woodright-kids.ru,https://woodright-kids.ru/catalogue/komod-vysokij-fantasy-kingdom/,Комод высокий Fantasy Kingdom,FK-05-3,https://woodright-kids.ru/wp-content/uploads/2015/05/fk-05-3-iso-1.jpg,wp-content/uploads/2015/05/fk-05-3-iso-1.jpg,/Users/leonidmbp/Documents/woodright-legacy-private-export/2026-07-07/raw/public-crawl/woodright-kids.ru/images/wp-content/uploads/2015/05/fk-05-3-iso-1.jpg,yes,gallery_candidate,html_img_on_product_page,0.75,true,no,1,,review_required,true
fk-05-3,article_hint_exact,woodright.ru,https://woodright.ru/kollekcii/willie-winkie/komod-vysokiy-willie-winkie-ru-11/,Комод высокий Fantasy Kingdom (гл.440),FK-05-3,https://woodright.ru/images/detailed/10/fk-05-3-i2.png,detailed/10/fk-05-3-i2.png,/Users/leonidmbp/Documents/woodright-legacy-private-export/2026-07-07/raw/public-crawl/woodright.ru/images/detailed/10/fk-05-3-i2.png,yes,gallery_candidate,filename_matches_article,0.5,true,no,1,komody,review_required,true
fk-05-3,article_hint_exact,woodright.ru,https://woodright.ru/kollekcii/willie-winkie/komod-vysokiy-willie-winkie-ru-12/,Комод высокий Fantasy Kingdom (гл.560),FK-05-3,https://woodright.ru/images/detailed/10/fk-05-3-i2_ma1n-ca.png,detailed/10/fk-05-3-i2_ma1n-ca.png,/Users/leonidmbp/Documents/woodright-legacy-private-export/2026-07-07/raw/public-crawl/woodright.ru/images/detailed/10/fk-05-3-i2_ma1n-ca.png,yes,gallery_candidate,filename_matches_article,0.5,true,no,1,komody,review_required,true
in-67-1,article_hint_exact,woodright-kids.ru,https://woodright-kids.ru/catalogue/stol-rabochij-infanta/,Стол рабочий Infanta,IN-67-1,https://woodright-kids.ru/wp-content/uploads/2015/05/in-67-1-iso.jpg,wp-content/uploads/2015/05/in-67-1-iso.jpg,/Users/leonidmbp/Documents/woodright-legacy-private-export/2026-07-07/raw/public-crawl/woodright-kids.ru/images/wp-content/uploads/2015/05/in-67-1-iso.jpg,yes,main_candidate,html_img_on_product_page,0.75,true,no,0,,review_required,true
in-67-1,article_hint_exact,woodright.ru,https://woodright.ru/kollekcii/willie-winkie/stol-rabochiy-willie-winkie-ru-5/,Стол рабочий Infanta,IN-67-1,https://woodright.ru/images/detailed/10/in-67-1-iso.jpg,detailed/10/in-67-1-iso.jpg,/Users/leonidmbp/Documents/woodright-legacy-private-export/2026-07-07/raw/public-crawl/woodright.ru/images/detailed/10/in-67-1-iso.jpg,yes,main_candidate,filename_matches_article,0.5,true,no,0,stoly-i-stoliki,review_required,true
mo-02-1,article_hint_exact,woodright-kids.ru,https://woodright-kids.ru/catalogue/shkaf-dlya-odezhdy-2-dv-molly/,Шкаф для одежды 2-дв. Molly,MO-02-1,https://woodright-kids.ru/wp-content/uploads/2015/05/mo-02-1-iso.jpg,wp-content/uploads/2015/05/mo-02-1-iso.jpg,/Users/leonidmbp/Documents/woodright-legacy-private-export/2026-07-07/raw/public-crawl/woodright-kids.ru/images/wp-content/uploads/2015/05/mo-02-1-iso.jpg,yes,main_candidate,html_img_on_product_page,0.75,true,no,0,,review_required,true
mo-02-1,article_hint_exact,woodright.ru,https://woodright.ru/kollekcii/willie-winkie/shkaf-dlya-odezhdy-2-dv-ru-22/,Шкаф для одежды 2-дв Molly (гл. 560),MO-02-1,https://woodright.ru/images/detailed/9/mo-02-1-iso_e3ce-to.jpg,detailed/9/mo-02-1-iso_e3ce-to.jpg,/Users/leonidmbp/Documents/woodright-legacy-private-export/2026-07-07/raw/public-crawl/woodright.ru/images/detailed/9/mo-02-1-iso_e3ce-to.jpg,yes,main_candidate,filename_matches_article,0.5,true,no,0,shkafy,review_required,true
mo-02-1,article_hint_exact,woodright-kids.ru,https://woodright-kids.ru/catalogue/shkaf-dlya-odezhdy-2-dv-molly/,Шкаф для одежды 2-дв. Molly,MO-02-1,https://woodright-kids.ru/wp-content/uploads/2015/05/mo-02-1-iso-1.jpg,wp-content/uploads/2015/05/mo-02-1-iso-1.jpg,/Users/leonidmbp/Documents/woodright-legacy-private-export/2026-07-07/raw/public-crawl/woodright-kids.ru/images/wp-content/uploads/2015/05/mo-02-1-iso-1.jpg,yes,gallery_candidate,html_img_on_product_page,0.75,true,no,1,,review_required,true
mo-02-1,article_hint_exact,woodright.ru,https://woodright.ru/kollekcii/willie-winkie/shkaf-dlya-odezhdy-2-dv-ru-22/,Шкаф для одежды 2-дв Molly (гл. 560),MO-02-1,https://woodright.ru/images/detailed/9/mo-02-1-iso-1_um3o-6y.jpg,detailed/9/mo-02-1-iso-1_um3o-6y.jpg,/Users/leonidmbp/Documents/woodright-legacy-private-export/2026-07-07/raw/public-crawl/woodright.ru/images/detailed/9/mo-02-1-iso-1_um3o-6y.jpg,yes,gallery_candidate,filename_matches_article,0.5,true,no,1,shkafy,review_required,true
mo-02-1,article_hint_exact,woodright.ru,https://woodright.ru/kollekcii/willie-winkie/shkaf-dlya-odezhdy-2-dv-ru-22/,Шкаф для одежды 2-дв Molly (гл. 560),MO-02-1,https://woodright.ru/images/detailed/9/6_vksb-9h.jpg,detailed/9/6_vksb-9h.jpg,/Users/leonidmbp/Documents/woodright-legacy-private-export/2026-07-07/raw/public-crawl/woodright.ru/images/detailed/9/6_vksb-9h.jpg,yes,gallery_candidate,directory_matches_product_slug,0.3,true,no,2,shkafy,review_required,true
mo-02-1,article_hint_exact,woodright.ru,https://woodright.ru/kollekcii/willie-winkie/shkaf-dlya-odezhdy-2-dv-ru-22/,Шкаф для одежды 2-дв Molly (гл. 560),MO-02-1,https://woodright.ru/images/detailed/9/3_iemg-3x.jpg,detailed/9/3_iemg-3x.jpg,/Users/leonidmbp/Documents/woodright-legacy-private-export/2026-07-07/raw/public-crawl/woodright.ru/images/detailed/9/3_iemg-3x.jpg,yes,gallery_candidate,directory_matches_product_slug,0.3,true,no,3,shkafy,review_required,true
mo-02-1,article_hint_exact,woodright.ru,https://woodright.ru/kollekcii/willie-winkie/shkaf-dlya-odezhdy-2-dv-ru-22/,Шкаф для одежды 2-дв Molly (гл. 560),MO-02-1,https://woodright.ru/images/detailed/9/Molly_3_gf5b-9o.jpg,detailed/9/Molly_3_gf5b-9o.jpg,/Users/leonidmbp/Documents/woodright-legacy-private-export/2026-07-07/raw/public-crawl/woodright.ru/images/detailed/9/Molly_3_gf5b-9o.jpg,yes,gallery_candidate,directory_matches_product_slug,0.3,true,no,4,shkafy,review_required,true
mo-81-1,article_hint_exact,woodright-kids.ru,https://woodright-kids.ru/catalogue/stolik-detskij-molly/,Столик детский Molly,MO-81-1,https://woodright-kids.ru/wp-content/uploads/2015/05/mo-81-1-iso.jpg,wp-content/uploads/2015/05/mo-81-1-iso.jpg,/Users/leonidmbp/Documents/woodright-legacy-private-export/2026-07-07/raw/public-crawl/woodright-kids.ru/images/wp-content/uploads/2015/05/mo-81-1-iso.jpg,yes,main_candidate,html_img_on_product_page,0.75,true,no,0,,review_required,true
mo-81-1,article_hint_exact,woodright.ru,https://woodright.ru/kollekcii/willie-winkie/stolik-detskiy-willie-winkie-ru-8/,Столик детский Molly,MO-81-1,https://woodright.ru/images/detailed/10/mo-81-1-iso.jpg,detailed/10/mo-81-1-iso.jpg,/Users/leonidmbp/Documents/woodright-legacy-private-export/2026-07-07/raw/public-crawl/woodright.ru/images/detailed/10/mo-81-1-iso.jpg,yes,main_candidate,filename_matches_article,0.5,true,no,0,stoly-i-stoliki,review_required,true
mo-81-1,article_hint_exact,woodright.ru,https://woodright.ru/kollekcii/willie-winkie/stolik-detskiy-willie-winkie-ru-8/,Столик детский Molly,MO-81-1,https://woodright.ru/images/detailed/12/Столик_сверху.jpg,detailed/12/Столик_сверху.jpg,/Users/leonidmbp/Documents/woodright-legacy-private-export/2026-07-07/raw/public-crawl/woodright.ru/images/detailed/12/Столик_сверху.jpg,yes,gallery_candidate,directory_matches_product_slug,0.3,true,no,1,stoly-i-stoliki,review_required,true
mo-81-1,article_hint_exact,woodright.ru,https://woodright.ru/kollekcii/willie-winkie/stolik-detskiy-willie-winkie-ru-8/,Столик детский Molly,MO-81-1,https://woodright.ru/images/detailed/12/Столик_спереди_2.jpg,detailed/12/Столик_спереди_2.jpg,/Users/leonidmbp/Documents/woodright-legacy-private-export/2026-07-07/raw/public-crawl/woodright.ru/images/detailed/12/Столик_спереди_2.jpg,yes,gallery_candidate,directory_matches_product_slug,0.3,true,no,2,stoly-i-stoliki,review_required,true
pa-05-1,article_hint_exact,woodright-kids.ru,https://woodright-kids.ru/catalogue/komod-standartnyj-pastoral/,Комод стандартный Pastoral,PA-05-1,https://woodright-kids.ru/wp-content/uploads/2015/05/pa-05-1-iso.jpg,wp-content/uploads/2015/05/pa-05-1-iso.jpg,/Users/leonidmbp/Documents/woodright-legacy-private-export/2026-07-07/raw/public-crawl/woodright-kids.ru/images/wp-content/uploads/2015/05/pa-05-1-iso.jpg,yes,main_candidate,html_img_on_product_page,0.75,true,no,0,,review_required,true
pa-05-1,article_hint_exact,woodright.ru,https://woodright.ru/kollekcii/willie-winkie/komod-willie-winkie-ru-16/,Комод стандартный Pastoral (гл.440),PA-05-1,https://woodright.ru/images/detailed/10/pa-05-1-iso.jpg,detailed/10/pa-05-1-iso.jpg,/Users/leonidmbp/Documents/woodright-legacy-private-export/2026-07-07/raw/public-crawl/woodright.ru/images/detailed/10/pa-05-1-iso.jpg,yes,main_candidate,filename_matches_article,0.5,true,no,0,komody,review_required,true
pa-05-1,article_hint_exact,woodright.ru,https://woodright.ru/kollekcii/willie-winkie/komod-willie-winkie-ru-17/,Комод стандартный Pastoral (гл.560),PA-05-1,https://woodright.ru/images/detailed/10/pa-05-1-iso_1ifx-yg.jpg,detailed/10/pa-05-1-iso_1ifx-yg.jpg,/Users/leonidmbp/Documents/woodright-legacy-private-export/2026-07-07/raw/public-crawl/woodright.ru/images/detailed/10/pa-05-1-iso_1ifx-yg.jpg,yes,main_candidate,filename_matches_article,0.5,true,no,0,komody,review_required,true
pa-05-1,article_hint_exact,woodright-kids.ru,https://woodright-kids.ru/catalogue/komod-standartnyj-pastoral/,Комод стандартный Pastoral,PA-05-1,https://woodright-kids.ru/wp-content/uploads/2015/05/pa-05-1-iso-1.jpg,wp-content/uploads/2015/05/pa-05-1-iso-1.jpg,/Users/leonidmbp/Documents/woodright-legacy-private-export/2026-07-07/raw/public-crawl/woodright-kids.ru/images/wp-content/uploads/2015/05/pa-05-1-iso-1.jpg,yes,gallery_candidate,html_img_on_product_page,0.75,true,no,1,,review_required,true
pa-05-1,article_hint_exact,woodright.ru,https://woodright.ru/kollekcii/willie-winkie/komod-willie-winkie-ru-16/,Комод стандартный Pastoral (гл.440),PA-05-1,https://woodright.ru/images/detailed/10/pa-05-1-iso-1.jpg,detailed/10/pa-05-1-iso-1.jpg,/Users/leonidmbp/Documents/woodright-legacy-private-export/2026-07-07/raw/public-crawl/woodright.ru/images/detailed/10/pa-05-1-iso-1.jpg,yes,gallery_candidate,filename_matches_article,0.5,true,no,1,komody,review_required,true
pa-05-1,article_hint_exact,woodright.ru,https://woodright.ru/kollekcii/willie-winkie/komod-willie-winkie-ru-17/,Комод стандартный Pastoral (гл.560),PA-05-1,https://woodright.ru/images/detailed/10/pa-05-1-iso-1_cj7c-0k.jpg,detailed/10/pa-05-1-iso-1_cj7c-0k.jpg,/Users/leonidmbp/Documents/woodright-legacy-private-export/2026-07-07/raw/public-crawl/woodright.ru/images/detailed/10/pa-05-1-iso-1_cj7c-0k.jpg,yes,gallery_candidate,filename_matches_article,0.5,true,no,1,komody,review_required,true
pa-05-1,article_hint_exact,woodright.ru,https://woodright.ru/kollekcii/willie-winkie/komod-willie-winkie-ru-16/,Комод стандартный Pastoral (гл.440),PA-05-1,https://woodright.ru/images/detailed/10/Pastoral__4_.jpg,detailed/10/Pastoral__4_.jpg,/Users/leonidmbp/Documents/woodright-legacy-private-export/2026-07-07/raw/public-crawl/woodright.ru/images/detailed/10/Pastoral__4_.jpg,yes,gallery_candidate,directory_matches_product_slug,0.3,true,no,2,komody,review_required,true
pa-05-1,article_hint_exact,woodright.ru,https://woodright.ru/kollekcii/willie-winkie/komod-willie-winkie-ru-17/,Комод стандартный Pastoral (гл.560),PA-05-1,https://woodright.ru/images/detailed/10/Pastoral__4__p64f-nr.jpg,detailed/10/Pastoral__4__p64f-nr.jpg,/Users/leonidmbp/Documents/woodright-legacy-private-export/2026-07-07/raw/public-crawl/woodright.ru/images/detailed/10/Pastoral__4__p64f-nr.jpg,yes,gallery_candidate,directory_matches_product_slug,0.3,true,no,2,komody,review_required,true
pa-05-1,article_hint_exact,woodright.ru,https://woodright.ru/kollekcii/willie-winkie/komod-willie-winkie-ru-16/,Комод стандартный Pastoral (гл.440),PA-05-1,https://woodright.ru/images/detailed/10/Pastoral__8_.jpg,detailed/10/Pastoral__8_.jpg,/Users/leonidmbp/Documents/woodright-legacy-private-export/2026-07-07/raw/public-crawl/woodright.ru/images/detailed/10/Pastoral__8_.jpg,yes,gallery_candidate,directory_matches_product_slug,0.3,true,no,3,komody,review_required,true
pa-05-1,article_hint_exact,woodright.ru,https://woodright.ru/kollekcii/willie-winkie/komod-willie-winkie-ru-17/,Комод стандартный Pastoral (гл.560),PA-05-1,https://woodright.ru/images/detailed/10/Pastoral__8__v52d-e5.jpg,detailed/10/Pastoral__8__v52d-e5.jpg,/Users/leonidmbp/Documents/woodright-legacy-private-export/2026-07-07/raw/public-crawl/woodright.ru/images/detailed/10/Pastoral__8__v52d-e5.jpg,yes,gallery_candidate,directory_matches_product_slug,0.3,true,no,3,komody,review_required,true
pa-05-3,article_hint_exact,woodright-kids.ru,https://woodright-kids.ru/catalogue/komod-vysokij-pastoral/,Комод высокий Pastoral,PA-05-3,https://woodright-kids.ru/wp-content/uploads/2015/05/pa-05-3-iso.jpg,wp-content/uploads/2015/05/pa-05-3-iso.jpg,/Users/leonidmbp/Documents/woodright-legacy-private-export/2026-07-07/raw/public-crawl/woodright-kids.ru/images/wp-content/uploads/2015/05/pa-05-3-iso.jpg,yes,main_candidate,html_img_on_product_page,0.75,true,no,0,,review_required,true
pa-05-3,article_hint_exact,woodright.ru,https://woodright.ru/kollekcii/willie-winkie/komod-vysokiy-willie-winkie-ru-17/,Комод высокий  Pastoral (гл.440),PA-05-3,https://woodright.ru/images/detailed/10/pa-05-3-iso.jpg,detailed/10/pa-05-3-iso.jpg,/Users/leonidmbp/Documents/woodright-legacy-private-export/2026-07-07/raw/public-crawl/woodright.ru/images/detailed/10/pa-05-3-iso.jpg,yes,main_candidate,filename_matches_article,0.5,true,no,0,komody,review_required,true
pa-05-3,article_hint_exact,woodright.ru,https://woodright.ru/kollekcii/willie-winkie/komod-vysokiy-willie-winkie-ru-18/,Комод высокий Pastoral (гл.560),PA-05-3,https://woodright.ru/images/detailed/10/pa-05-3-iso_xjox-o6.jpg,detailed/10/pa-05-3-iso_xjox-o6.jpg,/Users/leonidmbp/Documents/woodright-legacy-private-export/2026-07-07/raw/public-crawl/woodright.ru/images/detailed/10/pa-05-3-iso_xjox-o6.jpg,yes,main_candidate,filename_matches_article,0.5,true,no,0,komody,review_required,true
pa-05-3,article_hint_exact,woodright-kids.ru,https://woodright-kids.ru/catalogue/komod-vysokij-pastoral/,Комод высокий Pastoral,PA-05-3,https://woodright-kids.ru/wp-content/uploads/2015/05/pa-05-3-iso-1.jpg,wp-content/uploads/2015/05/pa-05-3-iso-1.jpg,/Users/leonidmbp/Documents/woodright-legacy-private-export/2026-07-07/raw/public-crawl/woodright-kids.ru/images/wp-content/uploads/2015/05/pa-05-3-iso-1.jpg,yes,gallery_candidate,html_img_on_product_page,0.75,true,no,1,,review_required,true
pa-05-3,article_hint_exact,woodright.ru,https://woodright.ru/kollekcii/willie-winkie/komod-vysokiy-willie-winkie-ru-17/,Комод высокий  Pastoral (гл.440),PA-05-3,https://woodright.ru/images/detailed/10/pa-05-3-iso-1.jpg,detailed/10/pa-05-3-iso-1.jpg,/Users/leonidmbp/Documents/woodright-legacy-private-export/2026-07-07/raw/public-crawl/woodright.ru/images/detailed/10/pa-05-3-iso-1.jpg,yes,gallery_candidate,filename_matches_article,0.5,true,no,1,komody,review_required,true
pa-05-3,article_hint_exact,woodright.ru,https://woodright.ru/kollekcii/willie-winkie/komod-vysokiy-willie-winkie-ru-18/,Комод высокий Pastoral (гл.560),PA-05-3,https://woodright.ru/images/detailed/10/pa-05-3-iso-1_gg8c-6t.jpg,detailed/10/pa-05-3-iso-1_gg8c-6t.jpg,/Users/leonidmbp/Documents/woodright-legacy-private-export/2026-07-07/raw/public-crawl/woodright.ru/images/detailed/10/pa-05-3-iso-1_gg8c-6t.jpg,yes,gallery_candidate,filename_matches_article,0.5,true,no,1,komody,review_required,true
pa-62-1,article_hint_exact,woodright-kids.ru,https://woodright-kids.ru/catalogue/stellazh-dlya-knig-pastoral/,Стеллаж для книг Pastoral,PA-62-1,https://woodright-kids.ru/wp-content/uploads/2015/05/pa-62-1-iso.jpg,wp-content/uploads/2015/05/pa-62-1-iso.jpg,/Users/leonidmbp/Documents/woodright-legacy-private-export/2026-07-07/raw/public-crawl/woodright-kids.ru/images/wp-content/uploads/2015/05/pa-62-1-iso.jpg,yes,main_candidate,html_img_on_product_page,0.75,true,no,0,,review_required,true
pa-62-1,article_hint_exact,woodright.ru,https://woodright.ru/kollekcii/willie-winkie/stellazh-dlya-knig-willie-winkie-ru-7/,Стеллаж для книг Pastoral (гл. 440),PA-62-1,https://woodright.ru/images/detailed/10/pa-62-1-iso_0nob-rr.jpg,detailed/10/pa-62-1-iso_0nob-rr.jpg,/Users/leonidmbp/Documents/woodright-legacy-private-export/2026-07-07/raw/public-crawl/woodright.ru/images/detailed/10/pa-62-1-iso_0nob-rr.jpg,yes,main_candidate,filename_matches_article,0.5,true,no,0,stellazhi,review_required,true
pa-62-1,article_hint_exact,woodright.ru,https://woodright.ru/pastoral/stellazh-dlya-knig-pastoral-vysokiy/,Стеллаж для книг Pastoral высокий,PA-62-1,https://woodright.ru/images/detailed/12/pa-62-1-iso-1.jpg,detailed/12/pa-62-1-iso-1.jpg,/Users/leonidmbp/Documents/woodright-legacy-private-export/2026-07-07/raw/public-crawl/woodright.ru/images/detailed/12/pa-62-1-iso-1.jpg,yes,main_candidate,filename_matches_article,0.5,true,no,0,stellazhi,review_required,true
pa-62-1,article_hint_exact,woodright-kids.ru,https://woodright-kids.ru/catalogue/stellazh-dlya-knig-pastoral/,Стеллаж для книг Pastoral,PA-62-1,https://woodright-kids.ru/wp-content/uploads/2015/05/pa-62-1-iso-1.jpg,wp-content/uploads/2015/05/pa-62-1-iso-1.jpg,/Users/leonidmbp/Documents/woodright-legacy-private-export/2026-07-07/raw/public-crawl/woodright-kids.ru/images/wp-content/uploads/2015/05/pa-62-1-iso-1.jpg,yes,gallery_candidate,html_img_on_product_page,0.75,true,no,1,,review_required,true
pa-62-1,article_hint_exact,woodright.ru,https://woodright.ru/kollekcii/willie-winkie/stellazh-dlya-knig-willie-winkie-ru-7/,Стеллаж для книг Pastoral (гл. 440),PA-62-1,https://woodright.ru/images/detailed/10/pa-62-1-iso-1_r5pg-zg.jpg,detailed/10/pa-62-1-iso-1_r5pg-zg.jpg,/Users/leonidmbp/Documents/woodright-legacy-private-export/2026-07-07/raw/public-crawl/woodright.ru/images/detailed/10/pa-62-1-iso-1_r5pg-zg.jpg,yes,gallery_candidate,filename_matches_article,0.5,true,no,1,stellazhi,review_required,true
pa-62-1,article_hint_exact,woodright.ru,https://woodright.ru/pastoral/stellazh-dlya-knig-pastoral-vysokiy/,Стеллаж для книг Pastoral высокий,PA-62-1,https://woodright.ru/images/detailed/12/pa-62-1-iso.jpg,detailed/12/pa-62-1-iso.jpg,/Users/leonidmbp/Documents/woodright-legacy-private-export/2026-07-07/raw/public-crawl/woodright.ru/images/detailed/12/pa-62-1-iso.jpg,yes,gallery_candidate,filename_matches_article,0.5,true,no,1,stellazhi,review_required,true
pa-62-1,article_hint_exact,woodright.ru,https://woodright.ru/kollekcii/willie-winkie/stellazh-dlya-knig-willie-winkie-ru-7/,Стеллаж для книг Pastoral (гл. 440),PA-62-1,https://woodright.ru/images/detailed/10/Pastoral__5__ox6i-ji.jpg,detailed/10/Pastoral__5__ox6i-ji.jpg,/Users/leonidmbp/Documents/woodright-legacy-private-export/2026-07-07/raw/public-crawl/woodright.ru/images/detailed/10/Pastoral__5__ox6i-ji.jpg,yes,gallery_candidate,directory_matches_product_slug,0.3,true,no,2,stellazhi,review_required,true
rl-05-3,article_hint_exact,woodright-kids.ru,https://woodright-kids.ru/catalogue/komod-vysokij-royal-lilies/,Комод высокий Royal Lilies,RL-05-3,https://woodright-kids.ru/wp-content/uploads/2015/05/rl-05-3-iso.jpg,wp-content/uploads/2015/05/rl-05-3-iso.jpg,/Users/leonidmbp/Documents/woodright-legacy-private-export/2026-07-07/raw/public-crawl/woodright-kids.ru/images/wp-content/uploads/2015/05/rl-05-3-iso.jpg,yes,main_candidate,html_img_on_product_page,0.75,true,no,0,,review_required,true
rl-05-3,article_hint_exact,woodright.ru,https://woodright.ru/kollekcii/willie-winkie/komod-vysokiy-willie-winkie-ru-19/,Комод высокий Royal Lilies (гл.440),RL-05-3,https://woodright.ru/images/detailed/10/rl-05-3-i1.png,detailed/10/rl-05-3-i1.png,/Users/leonidmbp/Documents/woodright-legacy-private-export/2026-07-07/raw/public-crawl/woodright.ru/images/detailed/10/rl-05-3-i1.png,yes,main_candidate,filename_matches_article,0.5,true,no,0,komody,review_required,true
rl-05-3,article_hint_exact,woodright.ru,https://woodright.ru/kollekcii/willie-winkie/komod-vysokiy-willie-winkie-ru-20/,Комод высокий Royal Lilies (гл.560),RL-05-3,https://woodright.ru/images/detailed/10/rl-05-3-i1_jkt4-tg.png,detailed/10/rl-05-3-i1_jkt4-tg.png,/Users/leonidmbp/Documents/woodright-legacy-private-export/2026-07-07/raw/public-crawl/woodright.ru/images/detailed/10/rl-05-3-i1_jkt4-tg.png,yes,main_candidate,filename_matches_article,0.5,true,no,0,komody,review_required,true
rl-05-3,article_hint_exact,woodright.ru,https://woodright.ru/kollekcii/willie-winkie/komod-vysokiy-willie-winkie-ru-19/,Комод высокий Royal Lilies (гл.440),RL-05-3,https://woodright.ru/images/detailed/10/rl-05-3-iso.jpg,detailed/10/rl-05-3-iso.jpg,/Users/leonidmbp/Documents/woodright-legacy-private-export/2026-07-07/raw/public-crawl/woodright.ru/images/detailed/10/rl-05-3-iso.jpg,yes,gallery_candidate,filename_matches_article,0.5,true,no,1,komody,review_required,true
rl-05-3,article_hint_exact,woodright.ru,https://woodright.ru/kollekcii/willie-winkie/komod-vysokiy-willie-winkie-ru-20/,Комод высокий Royal Lilies (гл.560),RL-05-3,https://woodright.ru/images/detailed/10/rl-05-3-iso_bpwa-ct.jpg,detailed/10/rl-05-3-iso_bpwa-ct.jpg,/Users/leonidmbp/Documents/woodright-legacy-private-export/2026-07-07/raw/public-crawl/woodright.ru/images/detailed/10/rl-05-3-iso_bpwa-ct.jpg,yes,gallery_candidate,filename_matches_article,0.5,true,no,1,komody,review_required,true
rl-67-1,article_hint_exact,woodright-kids.ru,https://woodright-kids.ru/catalogue/stol-rabochij-royal-lilies/,Стол рабочий Royal Lilies,RL-67-1,https://woodright-kids.ru/wp-content/uploads/2015/05/rl-67-1-iso.jpg,wp-content/uploads/2015/05/rl-67-1-iso.jpg,/Users/leonidmbp/Documents/woodright-legacy-private-export/2026-07-07/raw/public-crawl/woodright-kids.ru/images/wp-content/uploads/2015/05/rl-67-1-iso.jpg,yes,main_candidate,html_img_on_product_page,0.75,true,no,0,,review_required,true
rl-67-1,article_hint_exact,woodright.ru,https://woodright.ru/kollekcii/willie-winkie/stol-rabochiy-willie-winkie-ru-7/,Стол рабочий Royal Lilies,RL-67-1,https://woodright.ru/images/detailed/10/rl-67-1-iso.jpg,detailed/10/rl-67-1-iso.jpg,/Users/leonidmbp/Documents/woodright-legacy-private-export/2026-07-07/raw/public-crawl/woodright.ru/images/detailed/10/rl-67-1-iso.jpg,yes,main_candidate,filename_matches_article,0.5,true,no,0,stoly-i-stoliki,review_required,true
rs-05-3,article_hint_exact,woodright-kids.ru,https://woodright-kids.ru/catalogue/komod-vysokij-rural-scenery/,Комод высокий Rural Scenery,RS-05-3,https://woodright-kids.ru/wp-content/uploads/2015/05/rs-05-3-iso.jpg,wp-content/uploads/2015/05/rs-05-3-iso.jpg,/Users/leonidmbp/Documents/woodright-legacy-private-export/2026-07-07/raw/public-crawl/woodright-kids.ru/images/wp-content/uploads/2015/05/rs-05-3-iso.jpg,yes,main_candidate,html_img_on_product_page,0.75,true,no,0,,review_required,true
rs-05-3,article_hint_exact,woodright.ru,https://woodright.ru/kollekcii/willie-winkie/komod-vysokiy-willie-winkie-ru-21/,Комод высокий Rural Scenery (гл.440),RS-05-3,https://woodright.ru/images/detailed/10/rs-05-3-iso.jpg,detailed/10/rs-05-3-iso.jpg,/Users/leonidmbp/Documents/woodright-legacy-private-export/2026-07-07/raw/public-crawl/woodright.ru/images/detailed/10/rs-05-3-iso.jpg,yes,main_candidate,filename_matches_article,0.5,true,no,0,komody,review_required,true
rs-05-3,article_hint_exact,woodright.ru,https://woodright.ru/kollekcii/willie-winkie/komod-vysokiy-willie-winkie-ru-22/,Комод высокий Rural Scenery (гл.560),RS-05-3,https://woodright.ru/images/detailed/10/rs-05-3-iso_2h9y-rp.jpg,detailed/10/rs-05-3-iso_2h9y-rp.jpg,/Users/leonidmbp/Documents/woodright-legacy-private-export/2026-07-07/raw/public-crawl/woodright.ru/images/detailed/10/rs-05-3-iso_2h9y-rp.jpg,yes,main_candidate,filename_matches_article,0.5,true,no,0,komody,review_required,true
rs-05-3,article_hint_exact,woodright-kids.ru,https://woodright-kids.ru/catalogue/komod-vysokij-rural-scenery/,Комод высокий Rural Scenery,RS-05-3,https://woodright-kids.ru/wp-content/uploads/2015/05/rs-05-3-iso-1.jpg,wp-content/uploads/2015/05/rs-05-3-iso-1.jpg,/Users/leonidmbp/Documents/woodright-legacy-private-export/2026-07-07/raw/public-crawl/woodright-kids.ru/images/wp-content/uploads/2015/05/rs-05-3-iso-1.jpg,yes,gallery_candidate,html_img_on_product_page,0.75,true,no,1,,review_required,true
rs-05-3,article_hint_exact,woodright.ru,https://woodright.ru/kollekcii/willie-winkie/komod-vysokiy-willie-winkie-ru-21/,Комод высокий Rural Scenery (гл.440),RS-05-3,https://woodright.ru/images/detailed/10/rs-05-3-iso-1.jpg,detailed/10/rs-05-3-iso-1.jpg,/Users/leonidmbp/Documents/woodright-legacy-private-export/2026-07-07/raw/public-crawl/woodright.ru/images/detailed/10/rs-05-3-iso-1.jpg,yes,gallery_candidate,filename_matches_article,0.5,true,no,1,komody,review_required,true
rs-05-3,article_hint_exact,woodright.ru,https://woodright.ru/kollekcii/willie-winkie/komod-vysokiy-willie-winkie-ru-22/,Комод высокий Rural Scenery (гл.560),RS-05-3,https://woodright.ru/images/detailed/10/rs-05-3-iso-1_hg88-1z.jpg,detailed/10/rs-05-3-iso-1_hg88-1z.jpg,/Users/leonidmbp/Documents/woodright-legacy-private-export/2026-07-07/raw/public-crawl/woodright.ru/images/detailed/10/rs-05-3-iso-1_hg88-1z.jpg,yes,gallery_candidate,filename_matches_article,0.5,true,no,1,komody,review_required,true
rs-62-1,article_hint_exact,woodright-kids.ru,https://woodright-kids.ru/catalogue/stellazh-dlya-knig-rural-scenery/,Стеллаж для книг Rural Scenery,RS-62-1,https://woodright-kids.ru/wp-content/uploads/2015/05/rs-62-1-iso-1.jpg,wp-content/uploads/2015/05/rs-62-1-iso-1.jpg,/Users/leonidmbp/Documents/woodright-legacy-private-export/2026-07-07/raw/public-crawl/woodright-kids.ru/images/wp-content/uploads/2015/05/rs-62-1-iso-1.jpg,yes,main_candidate,html_img_on_product_page,0.75,true,no,0,,review_required,true
rs-62-1,article_hint_exact,woodright.ru,https://woodright.ru/kollekcii/willie-winkie/stellazh-dlya-knig-willie-winkie-ru-40/,Стеллаж для книг Rural Scenery (гл. 560),RS-62-1,https://woodright.ru/images/detailed/10/rs-62-1-iso-1_ghhh-00.jpg,detailed/10/rs-62-1-iso-1_ghhh-00.jpg,/Users/leonidmbp/Documents/woodright-legacy-private-export/2026-07-07/raw/public-crawl/woodright.ru/images/detailed/10/rs-62-1-iso-1_ghhh-00.jpg,yes,main_candidate,filename_matches_article,0.5,true,no,0,stellazhi,review_required,true
rs-62-1,article_hint_exact,woodright.ru,https://woodright.ru/kollekcii/willie-winkie/stellazh-dlya-knig-willie-winkie-ru-41/,Стеллаж для книг Rural Scenery (гл. 440),RS-62-1,https://woodright.ru/images/detailed/10/rs-62-1-iso_353m-33.jpg,detailed/10/rs-62-1-iso_353m-33.jpg,/Users/leonidmbp/Documents/woodright-legacy-private-export/2026-07-07/raw/public-crawl/woodright.ru/images/detailed/10/rs-62-1-iso_353m-33.jpg,yes,main_candidate,filename_matches_article,0.5,true,no,0,stellazhi,review_required,true
rs-62-1,article_hint_exact,woodright.ru,https://woodright.ru/kollekcii/willie-winkie/stellazh-dlya-knig-willie-winkie-ru-42/,Стеллаж для книг Rural Scenery высокий,RS-62-1,https://woodright.ru/images/detailed/10/rs-62-1-iso_y7lu-80.jpg,detailed/10/rs-62-1-iso_y7lu-80.jpg,/Users/leonidmbp/Documents/woodright-legacy-private-export/2026-07-07/raw/public-crawl/woodright.ru/images/detailed/10/rs-62-1-iso_y7lu-80.jpg,yes,main_candidate,filename_matches_article,0.5,true,no,0,stellazhi,review_required,true
rs-62-1,article_hint_exact,woodright-kids.ru,https://woodright-kids.ru/catalogue/stellazh-dlya-knig-rural-scenery/,Стеллаж для книг Rural Scenery,RS-62-1,https://woodright-kids.ru/wp-content/uploads/2015/05/rs-62-1-iso.jpg,wp-content/uploads/2015/05/rs-62-1-iso.jpg,/Users/leonidmbp/Documents/woodright-legacy-private-export/2026-07-07/raw/public-crawl/woodright-kids.ru/images/wp-content/uploads/2015/05/rs-62-1-iso.jpg,yes,gallery_candidate,html_img_on_product_page,0.75,true,no,1,,review_required,true
rs-62-1,article_hint_exact,woodright.ru,https://woodright.ru/kollekcii/willie-winkie/stellazh-dlya-knig-willie-winkie-ru-42/,Стеллаж для книг Rural Scenery высокий,RS-62-1,https://woodright.ru/images/detailed/10/rs-62-1-iso-1_b5hy-if.jpg,detailed/10/rs-62-1-iso-1_b5hy-if.jpg,/Users/leonidmbp/Documents/woodright-legacy-private-export/2026-07-07/raw/public-crawl/woodright.ru/images/detailed/10/rs-62-1-iso-1_b5hy-if.jpg,yes,gallery_candidate,filename_matches_article,0.5,true,no,1,stellazhi,review_required,true
rs-62-1,article_hint_exact,woodright.ru,https://woodright.ru/kollekcii/willie-winkie/stellazh-dlya-knig-willie-winkie-ru-41/,Стеллаж для книг Rural Scenery (гл. 440),RS-62-1,https://woodright.ru/images/detailed/10/rs-62-1-iso-1_gg7l-5v.jpg,detailed/10/rs-62-1-iso-1_gg7l-5v.jpg,/Users/leonidmbp/Documents/woodright-legacy-private-export/2026-07-07/raw/public-crawl/woodright.ru/images/detailed/10/rs-62-1-iso-1_gg7l-5v.jpg,yes,gallery_candidate,filename_matches_article,0.5,true,no,1,stellazhi,review_required,true
rs-62-1,article_hint_exact,woodright.ru,https://woodright.ru/kollekcii/willie-winkie/stellazh-dlya-knig-willie-winkie-ru-40/,Стеллаж для книг Rural Scenery (гл. 560),RS-62-1,https://woodright.ru/images/detailed/10/rs-62-1-iso_knrw-8c.jpg,detailed/10/rs-62-1-iso_knrw-8c.jpg,/Users/leonidmbp/Documents/woodright-legacy-private-export/2026-07-07/raw/public-crawl/woodright.ru/images/detailed/10/rs-62-1-iso_knrw-8c.jpg,yes,gallery_candidate,filename_matches_article,0.5,true,no,1,stellazhi,review_required,true
sh-81-1,article_hint_exact,woodright-kids.ru,https://woodright-kids.ru/catalogue/stolik-sh/,Столик  детский Sweet Home,SH-81-1,https://woodright-kids.ru/wp-content/uploads/sh-81-1-iso.jpg,wp-content/uploads/sh-81-1-iso.jpg,/Users/leonidmbp/Documents/woodright-legacy-private-export/2026-07-07/raw/public-crawl/woodright-kids.ru/images/wp-content/uploads/sh-81-1-iso.jpg,yes,main_candidate,html_img_on_product_page,0.75,true,no,0,,review_required,true
sh-81-1,article_hint_exact,woodright.ru,https://woodright.ru/kollekcii/willie-winkie/stolik-detskiy-willie-winkie-ru-17/,Столик детский Sweet Home,SH-81-1,https://woodright.ru/images/detailed/10/sh-81-1-iso.jpg,detailed/10/sh-81-1-iso.jpg,/Users/leonidmbp/Documents/woodright-legacy-private-export/2026-07-07/raw/public-crawl/woodright.ru/images/detailed/10/sh-81-1-iso.jpg,yes,main_candidate,filename_matches_article,0.5,true,no,0,stoly-i-stoliki,review_required,true
sh-81-1,article_hint_exact,woodright-kids.ru,https://woodright-kids.ru/catalogue/stolik-sh/,Столик  детский Sweet Home,SH-81-1,https://woodright-kids.ru/wp-content/uploads/sh-81-1-iso-1.jpg,wp-content/uploads/sh-81-1-iso-1.jpg,/Users/leonidmbp/Documents/woodright-legacy-private-export/2026-07-07/raw/public-crawl/woodright-kids.ru/images/wp-content/uploads/sh-81-1-iso-1.jpg,yes,gallery_candidate,html_img_on_product_page,0.75,true,no,1,,review_required,true
sh-81-1,article_hint_exact,woodright.ru,https://woodright.ru/kollekcii/willie-winkie/stolik-detskiy-willie-winkie-ru-17/,Столик детский Sweet Home,SH-81-1,https://woodright.ru/images/detailed/10/sh-81-1-iso-1_s30u-ab.jpg,detailed/10/sh-81-1-iso-1_s30u-ab.jpg,/Users/leonidmbp/Documents/woodright-legacy-private-export/2026-07-07/raw/public-crawl/woodright.ru/images/detailed/10/sh-81-1-iso-1_s30u-ab.jpg,yes,gallery_candidate,filename_matches_article,0.5,true,no,1,stoly-i-stoliki,review_required,true
tb-05-3,article_hint_exact,woodright-kids.ru,https://woodright-kids.ru/catalogue/komod-vysokij-teddy-bear/,Комод высокий Teddy Bear,TB-05-3,https://woodright-kids.ru/wp-content/uploads/2015/05/tb-05-3-iso.jpg,wp-content/uploads/2015/05/tb-05-3-iso.jpg,/Users/leonidmbp/Documents/woodright-legacy-private-export/2026-07-07/raw/public-crawl/woodright-kids.ru/images/wp-content/uploads/2015/05/tb-05-3-iso.jpg,yes,main_candidate,html_img_on_product_page,0.75,true,no,0,,review_required,true
tb-05-3,article_hint_exact,woodright.ru,https://woodright.ru/kollekcii/willie-winkie/komod-vysokiy-willie-winkie-ru-23/,Комод высокий Teddy Bear  (гл.560),TB-05-3,https://woodright.ru/images/detailed/10/tb-05-3-iso.jpg,detailed/10/tb-05-3-iso.jpg,/Users/leonidmbp/Documents/woodright-legacy-private-export/2026-07-07/raw/public-crawl/woodright.ru/images/detailed/10/tb-05-3-iso.jpg,yes,main_candidate,filename_matches_article,0.5,true,no,0,komody,review_required,true
tb-05-3,article_hint_exact,woodright.ru,https://woodright.ru/kollekcii/willie-winkie/komod-vysokiy-willie-winkie-ru-24/,Комод высокий  Teddy Bear (гл.440),TB-05-3,https://woodright.ru/images/detailed/10/tb-05-3-iso_bjma-8x.jpg,detailed/10/tb-05-3-iso_bjma-8x.jpg,/Users/leonidmbp/Documents/woodright-legacy-private-export/2026-07-07/raw/public-crawl/woodright.ru/images/detailed/10/tb-05-3-iso_bjma-8x.jpg,yes,main_candidate,filename_matches_article,0.5,true,no,0,komody,review_required,true
tb-05-3,article_hint_exact,woodright-kids.ru,https://woodright-kids.ru/catalogue/komod-vysokij-teddy-bear/,Комод высокий Teddy Bear,TB-05-3,https://woodright-kids.ru/wp-content/uploads/2015/05/tb-05-3-iso-1.jpg,wp-content/uploads/2015/05/tb-05-3-iso-1.jpg,/Users/leonidmbp/Documents/woodright-legacy-private-export/2026-07-07/raw/public-crawl/woodright-kids.ru/images/wp-content/uploads/2015/05/tb-05-3-iso-1.jpg,yes,gallery_candidate,html_img_on_product_page,0.75,true,no,1,,review_required,true
tb-05-3,article_hint_exact,woodright.ru,https://woodright.ru/kollekcii/willie-winkie/komod-vysokiy-willie-winkie-ru-23/,Комод высокий Teddy Bear  (гл.560),TB-05-3,https://woodright.ru/images/detailed/10/tb-05-3-iso-1.jpg,detailed/10/tb-05-3-iso-1.jpg,/Users/leonidmbp/Documents/woodright-legacy-private-export/2026-07-07/raw/public-crawl/woodright.ru/images/detailed/10/tb-05-3-iso-1.jpg,yes,gallery_candidate,filename_matches_article,0.5,true,no,1,komody,review_required,true
tb-05-3,article_hint_exact,woodright.ru,https://woodright.ru/kollekcii/willie-winkie/komod-vysokiy-willie-winkie-ru-24/,Комод высокий  Teddy Bear (гл.440),TB-05-3,https://woodright.ru/images/detailed/10/tb-05-3-iso-1_sqfh-8k.jpg,detailed/10/tb-05-3-iso-1_sqfh-8k.jpg,/Users/leonidmbp/Documents/woodright-legacy-private-export/2026-07-07/raw/public-crawl/woodright.ru/images/detailed/10/tb-05-3-iso-1_sqfh-8k.jpg,yes,gallery_candidate,filename_matches_article,0.5,true,no,1,komody,review_required,true
tb-62-1,article_hint_exact,woodright-kids.ru,https://woodright-kids.ru/catalogue/stellazh-dlya-knig-teddy-bear/,Стеллаж для книг Teddy Bear,TB-62-1,https://woodright-kids.ru/wp-content/uploads/2015/05/tb-62-1-iso.jpg,wp-content/uploads/2015/05/tb-62-1-iso.jpg,/Users/leonidmbp/Documents/woodright-legacy-private-export/2026-07-07/raw/public-crawl/woodright-kids.ru/images/wp-content/uploads/2015/05/tb-62-1-iso.jpg,yes,main_candidate,html_img_on_product_page,0.75,true,no,0,,review_required,true
tb-62-1,article_hint_exact,woodright.ru,https://woodright.ru/kollekcii/willie-winkie/stellazh-dlya-knig-willie-winkie-ru-32/,Стеллаж для книг Teddy Bear (гл. 560),TB-62-1,https://woodright.ru/images/detailed/12/tb-62-1-iso-1_msto-04.jpg,detailed/12/tb-62-1-iso-1_msto-04.jpg,/Users/leonidmbp/Documents/woodright-legacy-private-export/2026-07-07/raw/public-crawl/woodright.ru/images/detailed/12/tb-62-1-iso-1_msto-04.jpg,yes,main_candidate,filename_matches_article,0.5,true,no,0,stellazhi,review_required,true
tb-62-1,article_hint_exact,woodright.ru,https://woodright.ru/kollekcii/willie-winkie/stellazh-dlya-knig-willie-winkie-ru-52/,Стеллаж для книг Teddy Bear ( гл. 440),TB-62-1,https://woodright.ru/images/detailed/12/tb-62-1-iso.jpg,detailed/12/tb-62-1-iso.jpg,/Users/leonidmbp/Documents/woodright-legacy-private-export/2026-07-07/raw/public-crawl/woodright.ru/images/detailed/12/tb-62-1-iso.jpg,yes,main_candidate,filename_matches_article,0.5,true,no,0,stellazhi,review_required,true
tb-62-1,article_hint_exact,woodright.ru,https://woodright.ru/teddy-bear/stellazh-dlya-knig-vysokiy-teddy-bear/,Стеллаж для книг высокий Teddy Bear,TB-62-1,https://woodright.ru/images/detailed/12/tb-62-1-iso_2nww-4v.jpg,detailed/12/tb-62-1-iso_2nww-4v.jpg,/Users/leonidmbp/Documents/woodright-legacy-private-export/2026-07-07/raw/public-crawl/woodright.ru/images/detailed/12/tb-62-1-iso_2nww-4v.jpg,yes,main_candidate,filename_matches_article,0.5,true,no,0,stellazhi,review_required,true
tb-62-1,article_hint_exact,woodright-kids.ru,https://woodright-kids.ru/catalogue/stellazh-dlya-knig-teddy-bear/,Стеллаж для книг Teddy Bear,TB-62-1,https://woodright-kids.ru/wp-content/uploads/2015/05/tb-62-1-iso-1.jpg,wp-content/uploads/2015/05/tb-62-1-iso-1.jpg,/Users/leonidmbp/Documents/woodright-legacy-private-export/2026-07-07/raw/public-crawl/woodright-kids.ru/images/wp-content/uploads/2015/05/tb-62-1-iso-1.jpg,yes,gallery_candidate,html_img_on_product_page,0.75,true,no,1,,review_required,true
tb-62-1,article_hint_exact,woodright.ru,https://woodright.ru/kollekcii/willie-winkie/stellazh-dlya-knig-willie-winkie-ru-52/,Стеллаж для книг Teddy Bear ( гл. 440),TB-62-1,https://woodright.ru/images/detailed/12/tb-62-1-iso-1.jpg,detailed/12/tb-62-1-iso-1.jpg,/Users/leonidmbp/Documents/woodright-legacy-private-export/2026-07-07/raw/public-crawl/woodright.ru/images/detailed/12/tb-62-1-iso-1.jpg,yes,gallery_candidate,filename_matches_article,0.5,true,no,1,stellazhi,review_required,true
tb-62-1,article_hint_exact,woodright.ru,https://woodright.ru/teddy-bear/stellazh-dlya-knig-vysokiy-teddy-bear/,Стеллаж для книг высокий Teddy Bear,TB-62-1,https://woodright.ru/images/detailed/12/tb-62-1-iso-1_myrt-d9.jpg,detailed/12/tb-62-1-iso-1_myrt-d9.jpg,/Users/leonidmbp/Documents/woodright-legacy-private-export/2026-07-07/raw/public-crawl/woodright.ru/images/detailed/12/tb-62-1-iso-1_myrt-d9.jpg,yes,gallery_candidate,filename_matches_article,0.5,true,no,1,stellazhi,review_required,true
tb-62-1,article_hint_exact,woodright.ru,https://woodright.ru/kollekcii/willie-winkie/stellazh-dlya-knig-willie-winkie-ru-32/,Стеллаж для книг Teddy Bear (гл. 560),TB-62-1,https://woodright.ru/images/detailed/12/tb-62-1-iso_v4k0-q0.jpg,detailed/12/tb-62-1-iso_v4k0-q0.jpg,/Users/leonidmbp/Documents/woodright-legacy-private-export/2026-07-07/raw/public-crawl/woodright.ru/images/detailed/12/tb-62-1-iso_v4k0-q0.jpg,yes,gallery_candidate,filename_matches_article,0.5,true,no,1,stellazhi,review_required,true
tb-67-1,article_hint_exact,woodright-kids.ru,https://woodright-kids.ru/catalogue/stol-rabochij-teddy-bear/,Стол рабочий Teddy Bear,TB-67-1,https://woodright-kids.ru/wp-content/uploads/2015/05/tb-67-1-iso.jpg,wp-content/uploads/2015/05/tb-67-1-iso.jpg,/Users/leonidmbp/Documents/woodright-legacy-private-export/2026-07-07/raw/public-crawl/woodright-kids.ru/images/wp-content/uploads/2015/05/tb-67-1-iso.jpg,yes,main_candidate,html_img_on_product_page,0.75,true,no,0,,review_required,true
tb-67-1,article_hint_exact,woodright.ru,https://woodright.ru/kollekcii/willie-winkie/stol-rabochiy-willie-winkie-ru-8/,Стол рабочий Teddy Bear,TB-67-1,https://woodright.ru/images/detailed/10/tb-67-1-iso.jpg,detailed/10/tb-67-1-iso.jpg,/Users/leonidmbp/Documents/woodright-legacy-private-export/2026-07-07/raw/public-crawl/woodright.ru/images/detailed/10/tb-67-1-iso.jpg,yes,main_candidate,filename_matches_article,0.5,true,no,0,stoly-i-stoliki,review_required,true
tb-67-1,article_hint_exact,woodright-kids.ru,https://woodright-kids.ru/catalogue/stol-rabochij-teddy-bear/,Стол рабочий Teddy Bear,TB-67-1,https://woodright-kids.ru/wp-content/uploads/2015/05/tb-67-1-iso-1.jpg,wp-content/uploads/2015/05/tb-67-1-iso-1.jpg,/Users/leonidmbp/Documents/woodright-legacy-private-export/2026-07-07/raw/public-crawl/woodright-kids.ru/images/wp-content/uploads/2015/05/tb-67-1-iso-1.jpg,yes,gallery_candidate,html_img_on_product_page,0.75,true,no,1,,review_required,true
tb-67-1,article_hint_exact,woodright.ru,https://woodright.ru/kollekcii/willie-winkie/stol-rabochiy-willie-winkie-ru-8/,Стол рабочий Teddy Bear,TB-67-1,https://woodright.ru/images/detailed/10/tb-67-1-iso-1.jpg,detailed/10/tb-67-1-iso-1.jpg,/Users/leonidmbp/Documents/woodright-legacy-private-export/2026-07-07/raw/public-crawl/woodright.ru/images/detailed/10/tb-67-1-iso-1.jpg,yes,gallery_candidate,filename_matches_article,0.5,true,no,1,stoly-i-stoliki,review_required,true
te-02-2,article_hint_exact,woodright.ru,https://woodright.ru/kollekcii/willie-winkie/shkaf-dlya-odezhdy-2-dv-ru-14/,Шкаф для одежды 2-дв Templars (гл.560),TE-02-2,https://woodright.ru/images/detailed/9/te-02-2-iso-1_3xns-wl.jpg,detailed/9/te-02-2-iso-1_3xns-wl.jpg,/Users/leonidmbp/Documents/woodright-legacy-private-export/2026-07-07/raw/public-crawl/woodright.ru/images/detailed/9/te-02-2-iso-1_3xns-wl.jpg,yes,main_candidate,filename_matches_article,0.5,true,no,0,shkafy,review_required,true
te-02-2,article_hint_exact,woodright.ru,https://woodright.ru/kollekcii/willie-winkie/shkaf-dlya-odezhdy-2-dv-ru-29/,Шкаф для одежды 2-дв Templars (гл.440),TE-02-2,https://woodright.ru/images/detailed/9/te-02-2-iso-1_nmmg-rz.jpg,detailed/9/te-02-2-iso-1_nmmg-rz.jpg,/Users/leonidmbp/Documents/woodright-legacy-private-export/2026-07-07/raw/public-crawl/woodright.ru/images/detailed/9/te-02-2-iso-1_nmmg-rz.jpg,yes,main_candidate,filename_matches_article,0.5,true,no,0,shkafy,review_required,true
te-02-2,article_hint_exact,woodright.ru,https://woodright.ru/kollekcii/willie-winkie/shkaf-dlya-odezhdy-2-dv-ru-29/,Шкаф для одежды 2-дв Templars (гл.440),TE-02-2,https://woodright.ru/images/detailed/9/te-02-2-iso-2_oih2-p5.jpg,detailed/9/te-02-2-iso-2_oih2-p5.jpg,/Users/leonidmbp/Documents/woodright-legacy-private-export/2026-07-07/raw/public-crawl/woodright.ru/images/detailed/9/te-02-2-iso-2_oih2-p5.jpg,yes,gallery_candidate,filename_matches_article,0.5,true,no,1,shkafy,review_required,true
te-02-2,article_hint_exact,woodright.ru,https://woodright.ru/kollekcii/willie-winkie/shkaf-dlya-odezhdy-2-dv-ru-14/,Шкаф для одежды 2-дв Templars (гл.560),TE-02-2,https://woodright.ru/images/detailed/9/te-02-2-iso-2_p8jy-us.jpg,detailed/9/te-02-2-iso-2_p8jy-us.jpg,/Users/leonidmbp/Documents/woodright-legacy-private-export/2026-07-07/raw/public-crawl/woodright.ru/images/detailed/9/te-02-2-iso-2_p8jy-us.jpg,yes,gallery_candidate,filename_matches_article,0.5,true,no,1,shkafy,review_required,true
te-02-2,article_hint_exact,woodright.ru,https://woodright.ru/kollekcii/willie-winkie/shkaf-dlya-odezhdy-2-dv-ru-29/,Шкаф для одежды 2-дв Templars (гл.440),TE-02-2,https://woodright.ru/images/detailed/9/3__2_.jpg,detailed/9/3__2_.jpg,/Users/leonidmbp/Documents/woodright-legacy-private-export/2026-07-07/raw/public-crawl/woodright.ru/images/detailed/9/3__2_.jpg,yes,gallery_candidate,directory_matches_product_slug,0.3,true,no,2,shkafy,review_required,true
te-02-2,article_hint_exact,woodright.ru,https://woodright.ru/kollekcii/willie-winkie/shkaf-dlya-odezhdy-2-dv-ru-14/,Шкаф для одежды 2-дв Templars (гл.560),TE-02-2,https://woodright.ru/images/detailed/9/3__2__t2it-9o.jpg,detailed/9/3__2__t2it-9o.jpg,/Users/leonidmbp/Documents/woodright-legacy-private-export/2026-07-07/raw/public-crawl/woodright.ru/images/detailed/9/3__2__t2it-9o.jpg,yes,gallery_candidate,directory_matches_product_slug,0.3,true,no,2,shkafy,review_required,true
te-02-2,article_hint_exact,woodright.ru,https://woodright.ru/kollekcii/willie-winkie/shkaf-dlya-odezhdy-2-dv-ru-14/,Шкаф для одежды 2-дв Templars (гл.560),TE-02-2,https://woodright.ru/images/detailed/9/1__1__qwa9-n7.jpg,detailed/9/1__1__qwa9-n7.jpg,/Users/leonidmbp/Documents/woodright-legacy-private-export/2026-07-07/raw/public-crawl/woodright.ru/images/detailed/9/1__1__qwa9-n7.jpg,yes,gallery_candidate,directory_matches_product_slug,0.3,true,no,3,shkafy,review_required,true
te-02-2,article_hint_exact,woodright.ru,https://woodright.ru/kollekcii/willie-winkie/shkaf-dlya-odezhdy-2-dv-ru-29/,Шкаф для одежды 2-дв Templars (гл.440),TE-02-2,https://woodright.ru/images/detailed/9/1__1__tcg4-l8.jpg,detailed/9/1__1__tcg4-l8.jpg,/Users/leonidmbp/Documents/woodright-legacy-private-export/2026-07-07/raw/public-crawl/woodright.ru/images/detailed/9/1__1__tcg4-l8.jpg,yes,gallery_candidate,directory_matches_product_slug,0.3,true,no,3,shkafy,review_required,true
te-05-1,article_hint_exact,woodright-kids.ru,https://woodright-kids.ru/catalogue/komod-standartnyj-templars/,Комод стандартный Templars,TE-05-1,https://woodright-kids.ru/wp-content/uploads/te-05-1-iso-2.jpg,wp-content/uploads/te-05-1-iso-2.jpg,/Users/leonidmbp/Documents/woodright-legacy-private-export/2026-07-07/raw/public-crawl/woodright-kids.ru/images/wp-content/uploads/te-05-1-iso-2.jpg,yes,main_candidate,html_img_on_product_page,0.75,true,no,0,,review_required,true
te-05-1,article_hint_exact,woodright.ru,https://woodright.ru/kollekcii/willie-winkie/komod-willie-winkie-ru-26/,Комод стандартный Templars (гл.560),TE-05-1,https://woodright.ru/images/detailed/10/te-05-1-iso-2.jpg,detailed/10/te-05-1-iso-2.jpg,/Users/leonidmbp/Documents/woodright-legacy-private-export/2026-07-07/raw/public-crawl/woodright.ru/images/detailed/10/te-05-1-iso-2.jpg,yes,main_candidate,filename_matches_article,0.5,true,no,0,komody,review_required,true
te-05-1,article_hint_exact,woodright.ru,https://woodright.ru/kollekcii/willie-winkie/komod-willie-winkie-ru-27/,Комод стандарт Templars (гл.440),TE-05-1,https://woodright.ru/images/detailed/10/te-05-1-iso-2_sijy-ah.jpg,detailed/10/te-05-1-iso-2_sijy-ah.jpg,/Users/leonidmbp/Documents/woodright-legacy-private-export/2026-07-07/raw/public-crawl/woodright.ru/images/detailed/10/te-05-1-iso-2_sijy-ah.jpg,yes,main_candidate,filename_matches_article,0.5,true,no,0,komody,review_required,true
te-05-1,article_hint_exact,woodright-kids.ru,https://woodright-kids.ru/catalogue/komod-standartnyj-templars/,Комод стандартный Templars,TE-05-1,https://woodright-kids.ru/wp-content/uploads/te-05-1-iso-1.jpg,wp-content/uploads/te-05-1-iso-1.jpg,/Users/leonidmbp/Documents/woodright-legacy-private-export/2026-07-07/raw/public-crawl/woodright-kids.ru/images/wp-content/uploads/te-05-1-iso-1.jpg,yes,gallery_candidate,html_img_on_product_page,0.75,true,no,1,,review_required,true
te-05-1,article_hint_exact,woodright.ru,https://woodright.ru/kollekcii/willie-winkie/komod-willie-winkie-ru-26/,Комод стандартный Templars (гл.560),TE-05-1,https://woodright.ru/images/detailed/10/te-05-1-iso-1.jpg,detailed/10/te-05-1-iso-1.jpg,/Users/leonidmbp/Documents/woodright-legacy-private-export/2026-07-07/raw/public-crawl/woodright.ru/images/detailed/10/te-05-1-iso-1.jpg,yes,gallery_candidate,filename_matches_article,0.5,true,no,1,komody,review_required,true
te-05-1,article_hint_exact,woodright.ru,https://woodright.ru/kollekcii/willie-winkie/komod-willie-winkie-ru-27/,Комод стандарт Templars (гл.440),TE-05-1,https://woodright.ru/images/detailed/10/te-05-1-iso-1_kfck-07.jpg,detailed/10/te-05-1-iso-1_kfck-07.jpg,/Users/leonidmbp/Documents/woodright-legacy-private-export/2026-07-07/raw/public-crawl/woodright.ru/images/detailed/10/te-05-1-iso-1_kfck-07.jpg,yes,gallery_candidate,filename_matches_article,0.5,true,no,1,komody,review_required,true
te-05-1,article_hint_exact,woodright.ru,https://woodright.ru/kollekcii/willie-winkie/komod-willie-winkie-ru-26/,Комод стандартный Templars (гл.560),TE-05-1,https://woodright.ru/images/detailed/10/6__1__bkgo-1g.jpg,detailed/10/6__1__bkgo-1g.jpg,/Users/leonidmbp/Documents/woodright-legacy-private-export/2026-07-07/raw/public-crawl/woodright.ru/images/detailed/10/6__1__bkgo-1g.jpg,yes,gallery_candidate,directory_matches_product_slug,0.3,true,no,2,komody,review_required,true
te-05-1,article_hint_exact,woodright.ru,https://woodright.ru/kollekcii/willie-winkie/komod-willie-winkie-ru-27/,Комод стандарт Templars (гл.440),TE-05-1,https://woodright.ru/images/detailed/10/7_a52k-v5.jpg,detailed/10/7_a52k-v5.jpg,/Users/leonidmbp/Documents/woodright-legacy-private-export/2026-07-07/raw/public-crawl/woodright.ru/images/detailed/10/7_a52k-v5.jpg,yes,gallery_candidate,directory_matches_product_slug,0.3,true,no,3,komody,review_required,true
te-05-1,article_hint_exact,woodright.ru,https://woodright.ru/kollekcii/willie-winkie/komod-willie-winkie-ru-26/,Комод стандартный Templars (гл.560),TE-05-1,https://woodright.ru/images/detailed/10/7_hlc8-yc.jpg,detailed/10/7_hlc8-yc.jpg,/Users/leonidmbp/Documents/woodright-legacy-private-export/2026-07-07/raw/public-crawl/woodright.ru/images/detailed/10/7_hlc8-yc.jpg,yes,gallery_candidate,directory_matches_product_slug,0.3,true,no,3,komody,review_required,true
te-05-3,article_hint_exact,woodright-kids.ru,https://woodright-kids.ru/catalogue/komod-vysokij-templars/,Комод высокий Templars,TE-05-3,https://woodright-kids.ru/wp-content/uploads/te-05-3-iso-1.jpg,wp-content/uploads/te-05-3-iso-1.jpg,/Users/leonidmbp/Documents/woodright-legacy-private-export/2026-07-07/raw/public-crawl/woodright-kids.ru/images/wp-content/uploads/te-05-3-iso-1.jpg,yes,main_candidate,html_img_on_product_page,0.75,true,no,0,,review_required,true
te-05-3,article_hint_exact,woodright.ru,https://woodright.ru/kollekcii/willie-winkie/komod-vysokiy-willie-winkie-ru-26/,Комод высокий Templars (гл.560),TE-05-3,https://woodright.ru/images/detailed/10/te-05-3-iso-1_pi5l-lp.jpg,detailed/10/te-05-3-iso-1_pi5l-lp.jpg,/Users/leonidmbp/Documents/woodright-legacy-private-export/2026-07-07/raw/public-crawl/woodright.ru/images/detailed/10/te-05-3-iso-1_pi5l-lp.jpg,yes,main_candidate,filename_matches_article,0.5,true,no,0,komody,review_required,true
te-05-3,article_hint_exact,woodright.ru,https://woodright.ru/templars/komod-vysokiy-templars-gl.440/,Комод высокий Templars (гл.440),TE-05-3,https://woodright.ru/images/detailed/12/te-05-3-iso-2.jpg,detailed/12/te-05-3-iso-2.jpg,/Users/leonidmbp/Documents/woodright-legacy-private-export/2026-07-07/raw/public-crawl/woodright.ru/images/detailed/12/te-05-3-iso-2.jpg,yes,main_candidate,filename_matches_article,0.5,true,no,0,komody,review_required,true
te-05-3,article_hint_exact,woodright-kids.ru,https://woodright-kids.ru/catalogue/komod-vysokij-templars/,Комод высокий Templars,TE-05-3,https://woodright-kids.ru/wp-content/uploads/te-05-3-iso-2.jpg,wp-content/uploads/te-05-3-iso-2.jpg,/Users/leonidmbp/Documents/woodright-legacy-private-export/2026-07-07/raw/public-crawl/woodright-kids.ru/images/wp-content/uploads/te-05-3-iso-2.jpg,yes,gallery_candidate,html_img_on_product_page,0.75,true,no,1,,review_required,true
te-05-3,article_hint_exact,woodright.ru,https://woodright.ru/kollekcii/willie-winkie/komod-vysokiy-willie-winkie-ru-26/,Комод высокий Templars (гл.560),TE-05-3,https://woodright.ru/images/detailed/10/te-05-3-iso-2_5ekt-r9.jpg,detailed/10/te-05-3-iso-2_5ekt-r9.jpg,/Users/leonidmbp/Documents/woodright-legacy-private-export/2026-07-07/raw/public-crawl/woodright.ru/images/detailed/10/te-05-3-iso-2_5ekt-r9.jpg,yes,gallery_candidate,filename_matches_article,0.5,true,no,1,komody,review_required,true
te-05-3,article_hint_exact,woodright.ru,https://woodright.ru/templars/komod-vysokiy-templars-gl.440/,Комод высокий Templars (гл.440),TE-05-3,https://woodright.ru/images/detailed/12/6jgykvqgtwh7mmmf3lxvctey7bp6eqs3.jpg,detailed/12/6jgykvqgtwh7mmmf3lxvctey7bp6eqs3.jpg,/Users/leonidmbp/Documents/woodright-legacy-private-export/2026-07-07/raw/public-crawl/woodright.ru/images/detailed/12/6jgykvqgtwh7mmmf3lxvctey7bp6eqs3.jpg,yes,gallery_candidate,directory_matches_product_slug,0.3,true,no,1,komody,review_required,true
te-62-1,article_hint_exact,woodright-kids.ru,https://woodright-kids.ru/catalogue/stellazh-dlya-knig-templars/,Стеллаж для книг Templars,TE-62-1,https://woodright-kids.ru/wp-content/uploads/te-62-1-iso-1.jpg,wp-content/uploads/te-62-1-iso-1.jpg,/Users/leonidmbp/Documents/woodright-legacy-private-export/2026-07-07/raw/public-crawl/woodright-kids.ru/images/wp-content/uploads/te-62-1-iso-1.jpg,yes,main_candidate,html_img_on_product_page,0.75,true,no,0,,review_required,true
te-62-1,article_hint_exact,woodright.ru,https://woodright.ru/kollekcii/willie-winkie/stellazh-dlya-knig-willie-winkie-ru-34/,Стеллаж для книг Templars (гл. 440),TE-62-1,https://woodright.ru/images/detailed/10/te-62-1-iso-1_2ogx-io.jpg,detailed/10/te-62-1-iso-1_2ogx-io.jpg,/Users/leonidmbp/Documents/woodright-legacy-private-export/2026-07-07/raw/public-crawl/woodright.ru/images/detailed/10/te-62-1-iso-1_2ogx-io.jpg,yes,main_candidate,filename_matches_article,0.5,true,no,0,stellazhi,review_required,true
te-62-1,article_hint_exact,woodright.ru,https://woodright.ru/kollekcii/willie-winkie/stellazh-dlya-knig-willie-winkie-ru-22/,Стеллаж для книг Templars (гл. 560),TE-62-1,https://woodright.ru/images/detailed/10/te-62-1-iso-1_hcdo-q1.jpg,detailed/10/te-62-1-iso-1_hcdo-q1.jpg,/Users/leonidmbp/Documents/woodright-legacy-private-export/2026-07-07/raw/public-crawl/woodright.ru/images/detailed/10/te-62-1-iso-1_hcdo-q1.jpg,yes,main_candidate,filename_matches_article,0.5,true,no,0,stellazhi,review_required,true
te-62-1,article_hint_exact,woodright.ru,https://woodright.ru/kollekcii/willie-winkie/stellazh-dlya-knig-willie-winkie-ru-49/,Стеллаж для книг Templars высокий,TE-62-1,https://woodright.ru/images/detailed/10/te-62-1-iso-1_l6g2-ba.jpg,detailed/10/te-62-1-iso-1_l6g2-ba.jpg,/Users/leonidmbp/Documents/woodright-legacy-private-export/2026-07-07/raw/public-crawl/woodright.ru/images/detailed/10/te-62-1-iso-1_l6g2-ba.jpg,yes,main_candidate,filename_matches_article,0.5,true,no,0,stellazhi,review_required,true
te-62-1,article_hint_exact,woodright-kids.ru,https://woodright-kids.ru/catalogue/stellazh-dlya-knig-templars/,Стеллаж для книг Templars,TE-62-1,https://woodright-kids.ru/wp-content/uploads/te-62-1-iso-2.jpg,wp-content/uploads/te-62-1-iso-2.jpg,/Users/leonidmbp/Documents/woodright-legacy-private-export/2026-07-07/raw/public-crawl/woodright-kids.ru/images/wp-content/uploads/te-62-1-iso-2.jpg,yes,gallery_candidate,html_img_on_product_page,0.75,true,no,1,,review_required,true
te-62-1,article_hint_exact,woodright.ru,https://woodright.ru/kollekcii/willie-winkie/stellazh-dlya-knig-willie-winkie-ru-22/,Стеллаж для книг Templars (гл. 560),TE-62-1,https://woodright.ru/images/detailed/10/te-62-1-iso-2_stzl-ux.jpg,detailed/10/te-62-1-iso-2_stzl-ux.jpg,/Users/leonidmbp/Documents/woodright-legacy-private-export/2026-07-07/raw/public-crawl/woodright.ru/images/detailed/10/te-62-1-iso-2_stzl-ux.jpg,yes,gallery_candidate,filename_matches_article,0.5,true,no,1,stellazhi,review_required,true
te-62-1,article_hint_exact,woodright.ru,https://woodright.ru/kollekcii/willie-winkie/stellazh-dlya-knig-willie-winkie-ru-34/,Стеллаж для книг Templars (гл. 440),TE-62-1,https://woodright.ru/images/detailed/12/te-62-1-iso-2-600x600.jpg,detailed/12/te-62-1-iso-2-600x600.jpg,/Users/leonidmbp/Documents/woodright-legacy-private-export/2026-07-07/raw/public-crawl/woodright.ru/images/detailed/12/te-62-1-iso-2-600x600.jpg,yes,gallery_candidate,filename_matches_article,0.5,true,no,1,stellazhi,review_required,true
te-62-1,article_hint_exact,woodright.ru,https://woodright.ru/kollekcii/willie-winkie/stellazh-dlya-knig-willie-winkie-ru-49/,Стеллаж для книг Templars высокий,TE-62-1,https://woodright.ru/images/detailed/12/te-62-1-iso-2-600x600_uyqi-s2.jpg,detailed/12/te-62-1-iso-2-600x600_uyqi-s2.jpg,/Users/leonidmbp/Documents/woodright-legacy-private-export/2026-07-07/raw/public-crawl/woodright.ru/images/detailed/12/te-62-1-iso-2-600x600_uyqi-s2.jpg,yes,gallery_candidate,filename_matches_article,0.5,true,no,1,stellazhi,review_required,true
te-62-1,article_hint_exact,woodright.ru,https://woodright.ru/kollekcii/willie-winkie/stellazh-dlya-knig-willie-winkie-ru-22/,Стеллаж для книг Templars (гл. 560),TE-62-1,https://woodright.ru/images/detailed/12/021.png,detailed/12/021.png,/Users/leonidmbp/Documents/woodright-legacy-private-export/2026-07-07/raw/public-crawl/woodright.ru/images/detailed/12/021.png,yes,gallery_candidate,directory_matches_product_slug,0.3,true,no,2,stellazhi,review_required,true
te-62-1,article_hint_exact,woodright.ru,https://woodright.ru/kollekcii/willie-winkie/stellazh-dlya-knig-willie-winkie-ru-34/,Стеллаж для книг Templars (гл. 440),TE-62-1,https://woodright.ru/images/detailed/12/021_1t6x-7a.png,detailed/12/021_1t6x-7a.png,/Users/leonidmbp/Documents/woodright-legacy-private-export/2026-07-07/raw/public-crawl/woodright.ru/images/detailed/12/021_1t6x-7a.png,yes,gallery_candidate,directory_matches_product_slug,0.3,true,no,2,stellazhi,review_required,true
te-62-1,article_hint_exact,woodright.ru,https://woodright.ru/kollekcii/willie-winkie/stellazh-dlya-knig-willie-winkie-ru-49/,Стеллаж для книг Templars высокий,TE-62-1,https://woodright.ru/images/detailed/12/021_jfi9-ua.png,detailed/12/021_jfi9-ua.png,/Users/leonidmbp/Documents/woodright-legacy-private-export/2026-07-07/raw/public-crawl/woodright.ru/images/detailed/12/021_jfi9-ua.png,yes,gallery_candidate,directory_matches_product_slug,0.3,true,no,2,stellazhi,review_required,true
to-62-1,article_hint_exact,woodright-kids.ru,https://woodright-kids.ru/catalogue/stellazh-dlya-knig-tommy/,Стеллаж для книг Tommy,TO-62-1,https://woodright-kids.ru/wp-content/uploads/2015/05/to-62-1-iso.jpg,wp-content/uploads/2015/05/to-62-1-iso.jpg,/Users/leonidmbp/Documents/woodright-legacy-private-export/2026-07-07/raw/public-crawl/woodright-kids.ru/images/wp-content/uploads/2015/05/to-62-1-iso.jpg,yes,main_candidate,html_img_on_product_page,0.75,true,no,0,,review_required,true
to-62-1,article_hint_exact,woodright.ru,https://woodright.ru/kollekcii/willie-winkie/stellazh-dlya-knig-willie-winkie/,Стеллаж для книг Molly высокий 2220,TO-62-1,https://woodright.ru/images/detailed/10/IMG_3620_.tif.png,detailed/10/IMG_3620_.tif.png,/Users/leonidmbp/Documents/woodright-legacy-private-export/2026-07-07/raw/public-crawl/woodright.ru/images/detailed/10/IMG_3620_.tif.png,yes,main_candidate,directory_matches_product_slug,0.3,true,no,0,stellazhi,review_required,true
to-62-1,article_hint_exact,woodright.ru,https://woodright.ru/kollekcii/willie-winkie/stellazh-dlya-knig-willie-winkie-ru-8/,Стеллаж для книг Tommy (гл. 560),TO-62-1,https://woodright.ru/images/detailed/10/IMG_3620_.tif_3q2p-5c.png,detailed/10/IMG_3620_.tif_3q2p-5c.png,/Users/leonidmbp/Documents/woodright-legacy-private-export/2026-07-07/raw/public-crawl/woodright.ru/images/detailed/10/IMG_3620_.tif_3q2p-5c.png,yes,main_candidate,directory_matches_product_slug,0.3,true,no,0,stellazhi,review_required,true
to-62-1,article_hint_exact,woodright.ru,https://woodright.ru/kollekcii/willie-winkie/stellazh-dlya-knig-willie-winkie-ru-19/,Стеллаж для книг Tommy (гл. 440),TO-62-1,https://woodright.ru/images/detailed/12/to-62-1-iso.jpg,detailed/12/to-62-1-iso.jpg,/Users/leonidmbp/Documents/woodright-legacy-private-export/2026-07-07/raw/public-crawl/woodright.ru/images/detailed/12/to-62-1-iso.jpg,yes,main_candidate,filename_matches_article,0.5,true,no,0,stellazhi,review_required,true
to-62-1,article_hint_exact,woodright.ru,https://woodright.ru/tommy/stellazh-dlya-knig-tommy-vysokiy/,Стеллаж для  книг Tommy высокий,TO-62-1,https://woodright.ru/images/detailed/13/to-62-1-iso.jpg,detailed/13/to-62-1-iso.jpg,/Users/leonidmbp/Documents/woodright-legacy-private-export/2026-07-07/raw/public-crawl/woodright.ru/images/detailed/13/to-62-1-iso.jpg,yes,main_candidate,filename_matches_article,0.5,true,no,0,stellazhi,review_required,true
to-62-1,article_hint_exact,woodright.ru,https://woodright.ru/kollekcii/willie-winkie/stellazh-dlya-knig-willie-winkie/,Стеллаж для книг Molly высокий 2220,TO-62-1,https://woodright.ru/images/detailed/10/to-62-1-iso.jpg,detailed/10/to-62-1-iso.jpg,/Users/leonidmbp/Documents/woodright-legacy-private-export/2026-07-07/raw/public-crawl/woodright.ru/images/detailed/10/to-62-1-iso.jpg,yes,gallery_candidate,filename_matches_article,0.5,true,no,1,stellazhi,review_required,true
to-62-1,article_hint_exact,woodright.ru,https://woodright.ru/kollekcii/willie-winkie/stellazh-dlya-knig-willie-winkie-ru-8/,Стеллаж для книг Tommy (гл. 560),TO-62-1,https://woodright.ru/images/detailed/10/to-62-1-iso_bqjd-7l.jpg,detailed/10/to-62-1-iso_bqjd-7l.jpg,/Users/leonidmbp/Documents/woodright-legacy-private-export/2026-07-07/raw/public-crawl/woodright.ru/images/detailed/10/to-62-1-iso_bqjd-7l.jpg,yes,gallery_candidate,filename_matches_article,0.5,true,no,1,stellazhi,review_required,true
to-62-1,article_hint_exact,woodright.ru,https://woodright.ru/tommy/stellazh-dlya-knig-tommy-vysokiy/,Стеллаж для  книг Tommy высокий,TO-62-1,https://woodright.ru/images/detailed/13/va49jnji100ejepa870qpu9l134djgrp.jpg,detailed/13/va49jnji100ejepa870qpu9l134djgrp.jpg,/Users/leonidmbp/Documents/woodright-legacy-private-export/2026-07-07/raw/public-crawl/woodright.ru/images/detailed/13/va49jnji100ejepa870qpu9l134djgrp.jpg,yes,gallery_candidate,directory_matches_product_slug,0.3,true,no,1,stellazhi,review_required,true
tw-05-3,article_hint_exact,woodright.ru,https://woodright.ru/kollekcii/willie-winkie/komod-vysokiy-willie-winkie-ru-27/,Комод высокий Tiggy-Winkle (гл.440),TW-05-3,https://woodright.ru/images/detailed/10/tw-05-3-i1.png,detailed/10/tw-05-3-i1.png,/Users/leonidmbp/Documents/woodright-legacy-private-export/2026-07-07/raw/public-crawl/woodright.ru/images/detailed/10/tw-05-3-i1.png,yes,main_candidate,filename_matches_article,0.5,true,no,0,komody,review_required,true
tw-05-3,article_hint_exact,woodright.ru,https://woodright.ru/kollekcii/willie-winkie/komod-vysokiy-willie-winkie-ru-28/,Комод высокий Tiggy-Winkle (гл.560),TW-05-3,https://woodright.ru/images/detailed/10/tw-05-3-i1_h2re-fr.png,detailed/10/tw-05-3-i1_h2re-fr.png,/Users/leonidmbp/Documents/woodright-legacy-private-export/2026-07-07/raw/public-crawl/woodright.ru/images/detailed/10/tw-05-3-i1_h2re-fr.png,yes,main_candidate,filename_matches_article,0.5,true,no,0,komody,review_required,true
tw-05-3,article_hint_exact,woodright.ru,https://woodright.ru/kollekcii/willie-winkie/komod-vysokiy-willie-winkie-ru-27/,Комод высокий Tiggy-Winkle (гл.440),TW-05-3,https://woodright.ru/images/detailed/10/tw-05-3-i2.png,detailed/10/tw-05-3-i2.png,/Users/leonidmbp/Documents/woodright-legacy-private-export/2026-07-07/raw/public-crawl/woodright.ru/images/detailed/10/tw-05-3-i2.png,yes,gallery_candidate,filename_matches_article,0.5,true,no,1,komody,review_required,true
tw-05-3,article_hint_exact,woodright.ru,https://woodright.ru/kollekcii/willie-winkie/komod-vysokiy-willie-winkie-ru-28/,Комод высокий Tiggy-Winkle (гл.560),TW-05-3,https://woodright.ru/images/detailed/10/tw-05-3-i2_hnsj-o7.png,detailed/10/tw-05-3-i2_hnsj-o7.png,/Users/leonidmbp/Documents/woodright-legacy-private-export/2026-07-07/raw/public-crawl/woodright.ru/images/detailed/10/tw-05-3-i2_hnsj-o7.png,yes,gallery_candidate,filename_matches_article,0.5,true,no,1,komody,review_required,true
