sheet,collection,sku_raw,sku_normalized,title,retail_solid,retail_black_gloss_bi,retail_ldsp,finish_prices,catalog_verdict,confidence,catalog_sku,catalog_handle,catalog_title,note
ОЛИВЕР - ЧЕРНЫЙ,Oliver,55-2,OL-55-2,Банкетка большая,19900.0,22885.0,,,MATCH_EXACT,high,OL-55-2,ol-55-2,Банкетка большая,Exact SKU on live demo Oliver also has BI +15% and optional LDSP on the same SKU.
ОЛИВЕР - ЧЕРНЫЙ,Oliver,55-1,OL-55-1,Банкетка малая,14500.0,16675.0,,,MATCH_EXACT,high,OL-55-1,ol-55-1,Банкетка малая,Exact SKU on live demo Oliver also has BI +15% and optional LDSP on the same SKU.
ОЛИВЕР - ЧЕРНЫЙ,Oliver,84-2,OL-84-2,Бортик к кровати большой,7500.0,8625.0,,,NO_CATALOG,high,,,,Not in current live demo merchandising (117 SKU + split handles)
ОЛИВЕР - ЧЕРНЫЙ,Oliver,84-1,OL-84-1,Бортик к кровати малый,5500.0,6325.0,,,NO_CATALOG,high,,,,Not in current live demo merchandising (117 SKU + split handles)
ОЛИВЕР - ЧЕРНЫЙ,Oliver,57-2,OL-57-2,Диван большой,145000.0,166750.0,,,MATCH_EXACT,high,OL-57-2,ol-57-2,Диван большой,Exact SKU on live demo Oliver also has BI +15% and optional LDSP on the same SKU.
ОЛИВЕР - ЧЕРНЫЙ,Oliver,57-1,OL-57-1,Диван малый,118000.0,135700.0,,,MATCH_EXACT,high,OL-57-1,ol-57-1,Диван малый,Exact SKU on live demo Oliver also has BI +15% and optional LDSP on the same SKU.
ОЛИВЕР - ЧЕРНЫЙ,Oliver,57-3,OL-57-3,Диван-кровать малый (140*190),125000.0,143750.0,,,MATCH_EXACT,high,OL-57-3,ol-57-3,Диван-кровать малый (140×190),Exact SKU on live demo Oliver also has BI +15% and optional LDSP on the same SKU.
ОЛИВЕР - ЧЕРНЫЙ,Oliver,08-1,OL-08-1,Зеркало навесное овальное,19950.0,22942.5,17600.0,,MATCH_SPLIT_HANDLE,high,OL-08-1,ol-08-1-mirror,Зеркало навесное овальное,Workbook reused the SKU for two products. Live catalog already split the handle.
ОЛИВЕР - ЧЕРНЫЙ,Oliver,09-2,OL-09-2,Зеркало напольное,38900.0,44735.0,36400.0,,MATCH_EXACT,high,OL-09-2,ol-09-2,Зеркало напольное,Exact SKU on live demo Oliver also has BI +15% and optional LDSP on the same SKU.
ОЛИВЕР - ЧЕРНЫЙ,Oliver,86-1,OL-86-1,Каркас для балдахина,5500.0,6325.0,,,NO_CATALOG,high,,,,Not in current live demo merchandising (117 SKU + split handles)
ОЛИВЕР - ЧЕРНЫЙ,Oliver,05-3,OL-05-3,Комод высокий,119500.0,137425.0,103700.0,,MATCH_EXACT,high,OL-05-3,ol-05-3,Комод высокий,Exact SKU on live demo Oliver also has BI +15% and optional LDSP on the same SKU.
ОЛИВЕР - ЧЕРНЫЙ,Oliver,05-1,OL-05-1,Комод стандартный,89900.0,103385.0,71400.0,,MATCH_EXACT,high,OL-05-1,ol-05-1,Комод стандартный,Exact SKU on live demo Oliver also has BI +15% and optional LDSP on the same SKU.
ОЛИВЕР - ЧЕРНЫЙ,Oliver,25-1,OL-25-1,Комод столовый,142900.0,164335.0,117000.0,,MATCH_EXACT,high,OL-25-1,ol-25-1,Комод столовый,Exact SKU on live demo Oliver also has BI +15% and optional LDSP on the same SKU.
ОЛИВЕР - ЧЕРНЫЙ,Oliver,05-2,OL-05-2,Комод широкий,123500.0,142025.0,103700.0,,MATCH_EXACT,high,OL-05-2,ol-05-2,Комод широкий,Exact SKU on live demo Oliver also has BI +15% and optional LDSP on the same SKU.
ОЛИВЕР - ЧЕРНЫЙ,Oliver,44-1,OL-44-1,Консоль,45900.0,52785.0,42800.0,,MATCH_EXACT,high,OL-44-1,ol-44-1,Консоль,Exact SKU on live demo Oliver also has BI +15% and optional LDSP on the same SKU.
ОЛИВЕР - ЧЕРНЫЙ,Oliver,44-2,OL-44-2,Консоль с полками,70950.0,81592.5,66900.0,,MATCH_EXACT,high,OL-44-2,ol-44-2,Консоль с полками,Exact SKU on live demo Oliver also has BI +15% and optional LDSP on the same SKU.
ОЛИВЕР - ЧЕРНЫЙ,Oliver,56-1,OL-56-1,Кресло,58900.0,67735.0,,,MATCH_EXACT,high,OL-56-1,ol-56-1,Кресло,Exact SKU on live demo Oliver also has BI +15% and optional LDSP on the same SKU.
ОЛИВЕР - ЧЕРНЫЙ,Oliver,85-1,OL-85-1,Кроватка для новорожденного (60*120),72700.0,83605.0,,,MATCH_EXACT,high,OL-85-1,ol-85-1,Кроватка для новорожденного (60 × 120),Exact SKU on live demo Oliver also has BI +15% and optional LDSP on the same SKU.
ОЛИВЕР - ЧЕРНЫЙ,Oliver,85-2,OL-85-2,Кроватка приставная + матрас,33900.0,38985.0,,,MATCH_EXACT,high,OL-85-2,ol-85-2,Кроватка приставная + матрас,Exact SKU on live demo Oliver also has BI +15% and optional LDSP on the same SKU.
ОЛИВЕР - ЧЕРНЫЙ,Oliver,95-1,OL-95-1,Кровать - трансформер (80*150) с рисунком,118000.0,135700.0,,,MATCH_EXACT,high,OL-95-1,ol-95-1,Кровать-трансформер (80×150) с рисунком,Exact SKU on live demo Oliver also has BI +15% and optional LDSP on the same SKU.
ОЛИВЕР - ЧЕРНЫЙ,Oliver,95-3,OL-95-3,Кровать - трансформер (80*150) с тканью,118700.0,136505.0,,,NO_CATALOG,high,,,,Not in current live demo merchandising (117 SKU + split handles)
ОЛИВЕР - ЧЕРНЫЙ,Oliver,14-1,OL-14-1,Кровать 1-сп. (90*190),72900.0,83835.0,,,MATCH_EXACT,high,OL-14-1,ol-14-1,Кровать 1-сп. (90×190),Exact SKU on live demo Oliver also has BI +15% and optional LDSP on the same SKU.
ОЛИВЕР - ЧЕРНЫЙ,Oliver,14-2,OL-14-2,Кровать 1-сп. (90*190) без изножья,69900.0,80385.0,,,MATCH_EXACT,high,OL-14-2,ol-14-2,Кровать 1-сп. (90×190) без изножья,Exact SKU on live demo Oliver also has BI +15% and optional LDSP on the same SKU.
ОЛИВЕР - ЧЕРНЫЙ,Oliver,14-3,OL-14-3,Кровать  1-сп. (90*190) с под механиз SINGLE,89900.0,103385.0,,,NO_CATALOG,high,,,,Not in current live demo merchandising (117 SKU + split handles)
ОЛИВЕР - ЧЕРНЫЙ,Oliver,15-1,OL-15-1,"Кровать 1,5-сп. (120*190)",98900.0,113735.0,,,MATCH_EXACT,high,OL-15-1,ol-15-1,"Кровать 1,5-сп. (120×190)",Exact SKU on live demo Oliver also has BI +15% and optional LDSP on the same SKU.
ОЛИВЕР - ЧЕРНЫЙ,Oliver,15-2,OL-15-2,"Кровать 1,5-сп. (120*190) без изножья",93600.0,107640.0,,,MATCH_EXACT,high,OL-15-2,ol-15-2,"Кровать 1,5-сп. (120×190) без изножья",Exact SKU on live demo Oliver also has BI +15% and optional LDSP on the same SKU.
ОЛИВЕР - ЧЕРНЫЙ,Oliver,15-3,OL-15-3,"Кровать 1,5-сп. (120*190) с подъемн.мех-змом",126900.0,145935.0,,,NO_CATALOG,high,,,,Not in current live demo merchandising (117 SKU + split handles)
ОЛИВЕР - ЧЕРНЫЙ,Oliver,16-1,OL-16-1,"Кровать 1,5-сп. (140*190)",113400.0,130410.0,,,MATCH_EXACT,high,OL-16-1,ol-16-1,"Кровать 1,5-сп. (140×190)",Exact SKU on live demo Oliver also has BI +15% and optional LDSP on the same SKU.
ОЛИВЕР - ЧЕРНЫЙ,Oliver,16-2,OL-16-2,"Кровать 1,5-сп. (140*190) без изножья",109200.0,125580.0,,,MATCH_EXACT,high,OL-16-2,ol-16-2,"Кровать 1,5-сп. (140×190) без изножья",Exact SKU on live demo Oliver also has BI +15% and optional LDSP on the same SKU.
ОЛИВЕР - ЧЕРНЫЙ,Oliver,16-3,OL-16-3,"Кровать 1,5-сп. (140*190) с подъемн.мех",140000.0,161000.0,,,NO_CATALOG,high,,,,Not in current live demo merchandising (117 SKU + split handles)
ОЛИВЕР - ЧЕРНЫЙ,Oliver,17-1,OL-17-1,Кровать 2-сп. (160*200),134900.0,155135.0,,,MATCH_EXACT,high,OL-17-1,ol-17-1,Кровать 2-сп. (160×200),Exact SKU on live demo Oliver also has BI +15% and optional LDSP on the same SKU.
ОЛИВЕР - ЧЕРНЫЙ,Oliver,17-2,OL-17-2,Кровать 2-сп. (160*200) без изножья,124800.0,143520.0,,,MATCH_EXACT,high,OL-17-2,ol-17-2,Кровать 2-сп. (160×200) без изножья,Exact SKU on live demo Oliver also has BI +15% and optional LDSP on the same SKU.
ОЛИВЕР - ЧЕРНЫЙ,Oliver,17-3,OL-17-3,Кровать 2-сп. (160*200) с подъемн.мех-змом,160000.0,184000.0,,,MATCH_EXACT,high,OL-17-3,ol-17-3,Кровать 2-сп. (160×200) с подъёмным механизмом,Exact SKU on live demo Oliver also has BI +15% and optional LDSP on the same SKU.
ОЛИВЕР - ЧЕРНЫЙ,Oliver,18-1,OL-18-1,Кровать 2-сп. (180*200),149900.0,172385.0,,,MATCH_EXACT,high,OL-18-1,ol-18-1,Кровать 2-сп. (180×200),Exact SKU on live demo Oliver also has BI +15% and optional LDSP on the same SKU.
ОЛИВЕР - ЧЕРНЫЙ,Oliver,18-2,OL-18-2,Кровать 2-сп. (180*200) без изножья,140400.0,161460.0,,,MATCH_EXACT,high,OL-18-2,ol-18-2,Кровать 2-сп. (180×200) без изножья,Exact SKU on live demo Oliver also has BI +15% and optional LDSP on the same SKU.
ОЛИВЕР - ЧЕРНЫЙ,Oliver,69-1,OL-69-1,Полка книжная 1-ярусная,14900.0,17135.0,12400.0,,MATCH_EXACT,high,OL-69-1,ol-69-1,Полка книжная 1-ярусная,Exact SKU on live demo Oliver also has BI +15% and optional LDSP on the same SKU.
ОЛИВЕР - ЧЕРНЫЙ,Oliver,69-2,OL-69-2,Полка книжная 2-ярусная,18000.0,20700.0,15500.0,,MATCH_EXACT,high,OL-69-2,ol-69-2,Полка книжная 2-ярусная,Exact SKU on live demo Oliver also has BI +15% and optional LDSP on the same SKU.
ОЛИВЕР - ЧЕРНЫЙ,Oliver,69-3,OL-69-3,Полка книжная 3-ярусная,22900.0,26335.0,19400.0,,MATCH_EXACT,high,OL-69-3,ol-69-3,Полка книжная 3-ярусная,Exact SKU on live demo Oliver also has BI +15% and optional LDSP on the same SKU.
ОЛИВЕР - ЧЕРНЫЙ,Oliver,69-4,OL-69-4,Полка книжная угловая,13900.0,15985.0,11700.0,,MATCH_EXACT,high,OL-69-4,ol-69-4,Полка книжная угловая,Exact SKU on live demo Oliver also has BI +15% and optional LDSP on the same SKU.
ОЛИВЕР - ЧЕРНЫЙ,Oliver,62-1,OL-62-1,Стеллаж для книг,103900.0,119485.0,96800.0,,MATCH_EXACT,high,OL-62-1,ol-62-1,Стеллаж для книг,Exact SKU on live demo Oliver also has BI +15% and optional LDSP on the same SKU.
ОЛИВЕР - ЧЕРНЫЙ,Oliver,62-2,OL-62-2,Стеллаж широкий,72900.0,83835.0,59300.0,,MATCH_EXACT,high,OL-62-2,ol-62-2,Стеллаж широкий,Exact SKU on live demo Oliver also has BI +15% and optional LDSP on the same SKU.
ОЛИВЕР - ЧЕРНЫЙ,Oliver,21-1,OL-21-1,Стол обеденный раздвижной,212000.0,243800.0,195000.0,,MATCH_EXACT,high,OL-21-1,ol-21-1,Стол обеденный раздвижной,Exact SKU on live demo Oliver also has BI +15% and optional LDSP on the same SKU.
ОЛИВЕР - ЧЕРНЫЙ,Oliver,65-1,OL-65-1,Стол письменный 1-тумб. 0П,89900.0,103385.0,65300.0,,NO_CATALOG,high,,,,Not in current live demo merchandising (117 SKU + split handles)
ОЛИВЕР - ЧЕРНЫЙ,Oliver,65-2,OL-65-2,Стол письменный 1-тумб. П0,89900.0,103385.0,65300.0,,NO_CATALOG,high,,,,Not in current live demo merchandising (117 SKU + split handles)
ОЛИВЕР - ЧЕРНЫЙ,Oliver,66-1,OL-66-1,Стол письменный 2-тумб. ПП,131900.0,151685.0,105300.0,,MATCH_EXACT,high,OL-66-1,ol-66-1,Стол письменный двухтумбовый Оливер (полки с обеих сторон),Exact SKU on live demo Oliver also has BI +15% and optional LDSP on the same SKU.
ОЛИВЕР - ЧЕРНЫЙ,Oliver,66-4,OL-66-4,Стол кабинетный письменный 2-тумб. ПП,152600.0,175490.0,108000.0,,MATCH_EXACT,high,OL-66-4,ol-66-4,Стол кабинетный письменный двухтумбовый Оливер (полки с обеих сторон),Exact SKU on live demo Oliver also has BI +15% and optional LDSP on the same SKU.
ОЛИВЕР - ЧЕРНЫЙ,Oliver,67-1,OL-67-1,Стол рабочий,69900.0,80385.0,65000.0,,MATCH_EXACT,high,OL-67-1,ol-67-1,Стол рабочий,Exact SKU on live demo Oliver also has BI +15% and optional LDSP on the same SKU.
ОЛИВЕР - ЧЕРНЫЙ,Oliver,64-1,OL-64-1,Стол-бюро,188900.0,217235.0,163100.0,,MATCH_EXACT,high,OL-64-1,ol-64-1,Стол-бюро,Exact SKU on live demo Oliver also has BI +15% and optional LDSP on the same SKU.
ОЛИВЕР - ЧЕРНЫЙ,Oliver,83-1,OL-83-1,Столешница пеленальная съемная,14950.0,17192.5,10400.0,,NO_CATALOG,high,,,,Not in current live demo merchandising (117 SKU + split handles)
ОЛИВЕР - ЧЕРНЫЙ,Oliver,81-1,OL-81-1,Столик  детский,39900.0,45885.0,,,MATCH_EXACT,high,OL-81-1,ol-81-1,Столик детский,Exact SKU on live demo Oliver also has BI +15% and optional LDSP on the same SKU.
ОЛИВЕР - ЧЕРНЫЙ,Oliver,06-1,OL-06-1,Столик  туалетный с зеркалом,81950.0,94242.5,65000.0,,MATCH_EXACT,high,OL-06-1,ol-06-1,Столик туалетный с зеркалом,Exact SKU on live demo Oliver also has BI +15% and optional LDSP on the same SKU.
ОЛИВЕР - ЧЕРНЫЙ,Oliver,43-1,OL-43-1,Столик чайный  круглый,19950.0,22942.5,21000.0,,MATCH_EXACT,high,OL-43-1,ol-43-1,Столик чайный круглый,Exact SKU on live demo Oliver also has BI +15% and optional LDSP on the same SKU.
ОЛИВЕР - ЧЕРНЫЙ,Oliver,23-1,OL-23-1,Стул,27900.0,32085.0,,,MATCH_EXACT,high,OL-23-1,ol-23-1,Стул,Exact SKU on live demo Oliver also has BI +15% and optional LDSP on the same SKU.
ОЛИВЕР - ЧЕРНЫЙ,Oliver,82-1,OL-82-1,Стульчик  детский,14300.0,16445.0,,,MATCH_EXACT,high,OL-82-1,ol-82-1,Стульчик детский,Exact SKU on live demo Oliver also has BI +15% and optional LDSP on the same SKU.
ОЛИВЕР - ЧЕРНЫЙ,Oliver,07-1,OL-07-1,Сундук,39900.0,45885.0,34300.0,,MATCH_EXACT,high,OL-07-1,ol-07-1,Сундук,Exact SKU on live demo Oliver also has BI +15% and optional LDSP on the same SKU.
ОЛИВЕР - ЧЕРНЫЙ,Oliver,42-1,OL-42-1,Тумба для телевизора,55950.0,64342.5,46700.0,,MATCH_EXACT,high,OL-42-1,ol-42-1,Тумба для телевизора,Exact SKU on live demo Oliver also has BI +15% and optional LDSP on the same SKU.
ОЛИВЕР - ЧЕРНЫЙ,Oliver,08-1,OL-08-1,Тумбочка прикроватная,34950.0,40192.5,32500.0,,MATCH_SPLIT_HANDLE,high,OL-08-1,ol-08-1,Тумбочка прикроватная,Workbook reused the SKU for two products. Live catalog already split the handle.
ОЛИВЕР - ЧЕРНЫЙ,Oliver,08-2,OL-08-2,Тумбочка прикроватная  с дверкой (руч.лев/пр),39950.0,45942.5,36400.0,,MATCH_EXACT,high,OL-08-2,ol-08-2,Тумбочка прикроватная с дверкой,Exact SKU on live demo Oliver also has BI +15% and optional LDSP on the same SKU.
ОЛИВЕР - ЧЕРНЫЙ,Oliver,30-1,OL-30-1,Часы,9950.0,11442.5,,,MATCH_EXACT,high,OL-30-1,ol-30-1,Часы,Exact SKU on live demo Oliver also has BI +15% and optional LDSP on the same SKU.
ОЛИВЕР - ЧЕРНЫЙ,Oliver,26-1,OL-26-1,Шкаф буфетный со стеклом/филенгками.,150650.0,173247.5,116900.0,,MATCH_EXACT,high,OL-26-1,ol-26-1,Шкаф буфетный со стеклом и филенками,Exact SKU on live demo Oliver also has BI +15% and optional LDSP on the same SKU.
ОЛИВЕР - ЧЕРНЫЙ,Oliver,26-2,OL-26-2,Шкаф-витрина,159900.0,183885.0,129700.0,,MATCH_EXACT,high,OL-26-2,ol-26-2,Шкаф-витрина,Exact SKU on live demo Oliver also has BI +15% and optional LDSP on the same SKU.
ОЛИВЕР - ЧЕРНЫЙ,Oliver,01-2,OL-01-2,Шкаф для одежды 1-дв. с зеркалом  (руч.лев/пр),111900.0,128685.0,68600.0,,MATCH_EXACT,high,OL-01-2,ol-01-2,Шкаф для одежды 1-дв. с зеркалом,Exact SKU on live demo Oliver also has BI +15% and optional LDSP on the same SKU.
ОЛИВЕР - ЧЕРНЫЙ,Oliver,02-1,OL-02-1,Шкаф для одежды 2-дв.,157900.0,181585.0,97300.0,,MATCH_EXACT,high,OL-02-1,ol-02-1,Шкаф для одежды 2-дв,Exact SKU on live demo Oliver also has BI +15% and optional LDSP on the same SKU.
ОЛИВЕР - ЧЕРНЫЙ,Oliver,03-1,OL-03-1,Шкаф для одежды 3-дв.,258900.0,297735.0,130400.0,,MATCH_EXACT,high,OL-03-1,ol-03-1,Шкаф для одежды 3-дв,Exact SKU on live demo Oliver also has BI +15% and optional LDSP on the same SKU.
ОЛИВЕР - ЧЕРНЫЙ,Oliver,61-2,OL-61-2,Шкаф кабинетный,121900.0,140185.0,97700.0,,MATCH_EXACT,high,OL-61-2,ol-61-2,Шкаф кабинетный,Exact SKU on live demo Oliver also has BI +15% and optional LDSP on the same SKU.
ОЛИВЕР - ЧЕРНЫЙ,Oliver,61-1,OL-61-1,Шкаф книжный со стеклом,137900.0,158585.0,97300.0,,MATCH_EXACT,high,OL-61-1,ol-61-1,Шкаф книжный со стеклом,Exact SKU on live demo Oliver also has BI +15% and optional LDSP on the same SKU.
ОЛИВЕР - ЧЕРНЫЙ,Oliver,00-1,OL-00-1,Шкаф угловой  (руч.лев/пр),119900.0,137885.0,91200.0,,MATCH_EXACT,high,OL-00-1,ol-00-1,Шкаф угловой,Exact SKU on live demo Oliver also has BI +15% and optional LDSP on the same SKU.
ОЛИВЕР - ЧЕРНЫЙ,Oliver,68-2,OL-68-2,Этажерка большая 6 полок,48900.0,56235.0,,,MATCH_EXACT,high,OL-68-2,ol-68-2,Этажерка большая 6 полок,Exact SKU on live demo Oliver also has BI +15% and optional LDSP on the same SKU.
ОЛИВЕР - ЧЕРНЫЙ,Oliver,68-1,OL-68-1,Этажерка малая 3 полки,24900.0,28635.0,,,MATCH_EXACT,high,OL-68-1,ol-68-1,Этажерка малая 3 полки,Exact SKU on live demo Oliver also has BI +15% and optional LDSP on the same SKU.
ГРИНВИЧ,Greenwich,GR-09-1,GR-09-1,Зеркало навесное,28400.0,,0.0,,MATCH_SPLIT_HANDLE,high,GR-09-1,greenwich-gr-09-1-mirror,Зеркало навесное,Workbook reused the SKU for two products. Live catalog already split the handle.
ГРИНВИЧ,Greenwich,GR-05-1,GR-05-1,Комод,109500.0,,0.0,,MATCH_EXACT,high,GR-05-1,greenwich-gr-05-1,Комод Скейл,Exact SKU on live demo
ГРИНВИЧ,Greenwich,GR-44-1,GR-44-1,Консоль,45900.0,,0.0,,MATCH_EXACT,high,GR-44-1,greenwich-gr-44-1,Консоль Степ,Exact SKU on live demo
ГРИНВИЧ,Greenwich,GR-67-1,GR-67-1,Рабочий стол,77650.0,,36800.0,,MATCH_EXACT,high,GR-67-1,greenwich-gr-67-1,Рабочий стол Бейс,Exact SKU on live demo
ГРИНВИЧ,Greenwich,GR-42-1,GR-42-1,Тумба ТВ,68800.0,,0.0,,MATCH_EXACT,high,GR-42-1,greenwich-gr-42-1,Тумба ТВ Уайд,Exact SKU on live demo
ГРИНВИЧ,Greenwich,GR-08-1,GR-08-1,Прикроватная тумба с 2 ящиками,36500.0,,0.0,,MATCH_EXACT,high,GR-08-1,greenwich-gr-08-1,Прикроватная тумба с 2 ящиками Хоул,Exact SKU on live demo
ГРИНВИЧ,Greenwich,GR-08-2,GR-08-2,Прикроватная тумба с 1 ящиком,31200.0,,0.0,,MATCH_EXACT,high,GR-08-2,greenwich-gr-08-2,Прикроватная тумба с 1 ящиком Стоун,Exact SKU on live demo
ГРИНВИЧ,Greenwich,GR-26-1,GR-26-1,Шкаф-витрина Кристалл,146650.0,,0.0,,MATCH_EXACT,high,GR-26-1,greenwich-gr-26-1,Шкаф-витрина Кристалл,Exact SKU on live demo
ГРИНВИЧ,Greenwich,GR-02-1,GR-02-1,Гардероб 2 -х дв.  с ящиками,169200.0,,0.0,,MATCH_EXACT,high,GR-02-1,greenwich-gr-02-1,Гардероб 2-дв. с ящиками Левел,Exact SKU on live demo
ГРИНВИЧ,Greenwich,GR-02-2,GR-02-2,Гардероб 2-дв.,167450.0,,0.0,,MATCH_EXACT,high,GR-02-2,greenwich-gr-02-2,Гардероб 2-дв. Тотал,Exact SKU on live demo
ГРИНВИЧ,Greenwich,GR-09-1,GR-09-1,Кровать  1-сп. (90*200),71900.0,,0.0,,MATCH_SPLIT_HANDLE,high,GR-09-1,greenwich-gr-09-1-bed-90,Кровать 1-сп. (90×200),Workbook reused the SKU for two products. Live catalog already split the handle.
ГРИНВИЧ,Greenwich,GR-12-1,GR-12-1,"Кровать  1,5-сп. (120*200)",81100.0,,0.0,,MATCH_EXACT,high,GR-12-1,greenwich-gr-12-1,"Кровать 1,5-сп. (120×200)",Exact SKU on live demo
ГРИНВИЧ,Greenwich,GR-14-1,GR-14-1,"Кровать  1,5-сп. (140*200)",89700.0,,0.0,,MATCH_EXACT,high,GR-14-1,greenwich-gr-14-1,"Кровать 1,5-сп. (140×200)",Exact SKU on live demo
ГРИНВИЧ,Greenwich,GR-16-1,GR-16-1,Кровать  2-сп. (160*200),94000.0,,0.0,,MATCH_EXACT,high,GR-16-1,greenwich-gr-16-1,Кровать 2-сп. (160×200),Exact SKU on live demo
ГРИНВИЧ,Greenwich,GR-18-1,GR-18-1,Кровать  2-сп. (180*200),110400.0,,0.0,,MATCH_EXACT,high,GR-18-1,greenwich-gr-18-1,Кровать 2-сп. (180×200),Exact SKU on live demo
МОНЧЕЛСИ,Monchelsea,MNm-55-1,MNM-55-1,Банкетка малая,10340.0,,,,NO_CATALOG,high,,,,Not in current live demo merchandising (117 SKU + split handles)
МОНЧЕЛСИ,Monchelsea,MNm-57-3,MNM-57-3,Диван с выкатной кроватью,120780.0,,92700.0,,NO_CATALOG,high,,,,Not in current live demo merchandising (117 SKU + split handles)
МОНЧЕЛСИ,Monchelsea,MNm-09-1,MNM-09-1,Зеркало навесное,18810.0,,14500.0,,NO_CATALOG,high,,,,Not in current live demo merchandising (117 SKU + split handles)
МОНЧЕЛСИ,Monchelsea,MNm-09-2,MNM-09-2,Зеркало напольное,43120.0,,33100.0,,NO_CATALOG,high,,,,Not in current live demo merchandising (117 SKU + split handles)
МОНЧЕЛСИ,Monchelsea,MNm-09-3,MNM-09-3,Зеркало настольное,14080.0,,,,NO_CATALOG,high,,,,Not in current live demo merchandising (117 SKU + split handles)
МОНЧЕЛСИ,Monchelsea,MNm-05-3,MNM-05-3,Комод высокий,99330.0,,129200.0,,NO_CATALOG,high,,,,Not in current live demo merchandising (117 SKU + split handles)
МОНЧЕЛСИ,Monchelsea,MNm-05-2,MNM-05-2,Комод широкий,98670.0,,75800.0,,NO_CATALOG,high,,,,Not in current live demo merchandising (117 SKU + split handles)
МОНЧЕЛСИ,Monchelsea,MNm-05-4,MNM-05-4,Комод с зеркалом,162580.0,,124700.0,,NO_CATALOG,high,,,,Not in current live demo merchandising (117 SKU + split handles)
МОНЧЕЛСИ,Monchelsea,MNm-15-1,MNM-15-1,"Кровать 1,5-сп. (120*190)",79310.0,,,,NO_CATALOG,high,,,,Not in current live demo merchandising (117 SKU + split handles)
МОНЧЕЛСИ,Monchelsea,MNm-15-2,MNM-15-2,"Кровать 1,5-сп. (120*190) без изножья",73040.0,,,,NO_CATALOG,high,,,,Not in current live demo merchandising (117 SKU + split handles)
МОНЧЕЛСИ,Monchelsea,MNm-15-3,MNM-15-3,"Кровать 1,5-сп. (120*190) с подъем мех",104610.0,,,,NO_CATALOG,high,,,,Not in current live demo merchandising (117 SKU + split handles)
МОНЧЕЛСИ,Monchelsea,MNm-16-1,MNM-16-1,"Кровать 1,5-сп. (140*190)",93940.0,,,,NO_CATALOG,high,,,,Not in current live demo merchandising (117 SKU + split handles)
МОНЧЕЛСИ,Monchelsea,MNm-16-2,MNM-16-2,"Кровать 1,5-сп. (140*190) без изножья",87010.0,,,,NO_CATALOG,high,,,,Not in current live demo merchandising (117 SKU + split handles)
МОНЧЕЛСИ,Monchelsea,MNm-16-3,MNM-16-3,"Кровать 1,5-сп. (140*190) с подъем мех",111210.0,,,,NO_CATALOG,high,,,,Not in current live demo merchandising (117 SKU + split handles)
МОНЧЕЛСИ,Monchelsea,MNm-14-1,MNM-14-1,Кровать 1-сп. (90*190),68530.0,,,,NO_CATALOG,high,,,,Not in current live demo merchandising (117 SKU + split handles)
МОНЧЕЛСИ,Monchelsea,MNm-14-2,MNM-14-2,Кровать 1-сп. (90*190) без изножья,63910.0,,,,NO_CATALOG,high,,,,Not in current live demo merchandising (117 SKU + split handles)
МОНЧЕЛСИ,Monchelsea,MNm-14-3,MNM-14-3,Кровать 1-сп.(90*190)с подъем мех,89100.0,,,,NO_CATALOG,high,,,,Not in current live demo merchandising (117 SKU + split handles)
МОНЧЕЛСИ,Monchelsea,MNm-17-1,MNM-17-1,Кровать 2-сп. (160*200),101200.0,,,,NO_CATALOG,high,,,,Not in current live demo merchandising (117 SKU + split handles)
МОНЧЕЛСИ,Monchelsea,MNm-17-2,MNM-17-2,Кровать 2-сп. (160*200) без изножья,92510.0,,,,NO_CATALOG,high,,,,Not in current live demo merchandising (117 SKU + split handles)
МОНЧЕЛСИ,Monchelsea,MNm-17-3,MNM-17-3,Кровать 2-сп. (160*200) с подъем мех,124630.0,,,,NO_CATALOG,high,,,,Not in current live demo merchandising (117 SKU + split handles)
МОНЧЕЛСИ,Monchelsea,MNm-18-1,MNM-18-1,Кровать 2-сп. (180*200),108020.0,,,,NO_CATALOG,high,,,,Not in current live demo merchandising (117 SKU + split handles)
МОНЧЕЛСИ,Monchelsea,MNm-18-2,MNM-18-2,Кровать 2-сп. (180*200) без изножья,98560.0,,,,NO_CATALOG,high,,,,Not in current live demo merchandising (117 SKU + split handles)
МОНЧЕЛСИ,Monchelsea,MNm-18-3,MNM-18-3,Кровать 2-сп. (180*200) с подъем мех,129690.0,,,,NO_CATALOG,high,,,,Not in current live demo merchandising (117 SKU + split handles)
МОНЧЕЛСИ,Monchelsea,MNm-69-3,MNM-69-3,Полка книжная,21560.0,,16600.0,,NO_CATALOG,high,,,,Not in current live demo merchandising (117 SKU + split handles)
МОНЧЕЛСИ,Monchelsea,MNm-69-1,MNM-69-1,Полка навесная (модуль),37620.0,,28900.0,,NO_CATALOG,high,,,,Not in current live demo merchandising (117 SKU + split handles)
МОНЧЕЛСИ,Monchelsea,MNm-69-2,MNM-69-2,Полка навесная с дверкой (модуль),60720.0,,46600.0,,NO_CATALOG,high,,,,Not in current live demo merchandising (117 SKU + split handles)
МОНЧЕЛСИ,Monchelsea,MNm-62-1,MNM-62-1,Секция угловая открытая (модуль),63470.0,,48700.0,,NO_CATALOG,high,,,,Not in current live demo merchandising (117 SKU + split handles)
МОНЧЕЛСИ,Monchelsea,MNm-65-1,MNM-65-1,Стол письменный 1-тумб. 0П,84370.0,,64800.0,,NO_CATALOG,high,,,,Not in current live demo merchandising (117 SKU + split handles)
МОНЧЕЛСИ,Monchelsea,MNm-65-3,MNM-65-3,Стол письменный 1-тумб. 0Я,92180.0,,70700.0,,NO_CATALOG,high,,,,Not in current live demo merchandising (117 SKU + split handles)
МОНЧЕЛСИ,Monchelsea,MNm-65-2,MNM-65-2,Стол письменный 1-тумб. П0,84370.0,,64800.0,,NO_CATALOG,high,,,,Not in current live demo merchandising (117 SKU + split handles)
МОНЧЕЛСИ,Monchelsea,MNm-65-4,MNM-65-4,Стол письменный 1-тумб. Я0,92180.0,,70700.0,,NO_CATALOG,high,,,,Not in current live demo merchandising (117 SKU + split handles)
МОНЧЕЛСИ,Monchelsea,MNm-66-1,MNM-66-1,Стол письменный 2-тумб. ПП,120450.0,,92400.0,,NO_CATALOG,high,,,,Not in current live demo merchandising (117 SKU + split handles)
МОНЧЕЛСИ,Monchelsea,MNm-66-2,MNM-66-2,Стол письменный 2-тумб. ПЯ,128700.0,,98800.0,,NO_CATALOG,high,,,,Not in current live demo merchandising (117 SKU + split handles)
МОНЧЕЛСИ,Monchelsea,MNm-66-3,MNM-66-3,Стол письменный 2-тумб. ЯП,128700.0,,98800.0,,NO_CATALOG,high,,,,Not in current live demo merchandising (117 SKU + split handles)
МОНЧЕЛСИ,Monchelsea,MNm-66-4,MNM-66-4,Стол письменный 2-тумб. ЯЯ,140910.0,,108100.0,,NO_CATALOG,high,,,,Not in current live demo merchandising (117 SKU + split handles)
МОНЧЕЛСИ,Monchelsea,MNm-06-2,MNM-06-2,Столик туалетный без зеркала,52580.0,,40400.0,,NO_CATALOG,high,,,,Not in current live demo merchandising (117 SKU + split handles)
МОНЧЕЛСИ,Monchelsea,MNm-06-1,MNM-06-1,Столик  туалетный с зеркалом,58410.0,,44800.0,,NO_CATALOG,high,,,,Not in current live demo merchandising (117 SKU + split handles)
МОНЧЕЛСИ,Monchelsea,MNm-23-1,MNM-23-1,Стул,30140.0,,,,NO_CATALOG,high,,,,Not in current live demo merchandising (117 SKU + split handles)
МОНЧЕЛСИ,Monchelsea,MNm-42-1,MNM-42-1,Тумба для телевизора,73150.0,,56100.0,,NO_CATALOG,high,,,,Not in current live demo merchandising (117 SKU + split handles)
МОНЧЕЛСИ,Monchelsea,MNm-42-2,MNM-42-2,Тумба для телевизора (модуль),67430.0,,51800.0,,NO_CATALOG,high,,,,Not in current live demo merchandising (117 SKU + split handles)
МОНЧЕЛСИ,Monchelsea,MNm-08-1,MNM-08-1,Тумбочка прикроватная,27060.0,,22900.0,,NO_CATALOG,high,,,,Not in current live demo merchandising (117 SKU + split handles)
МОНЧЕЛСИ,Monchelsea,MNm-01-1,MNM-01-1,Шкаф для одежды 1-дв. (модуль/Ш/ручка слева),96690.0,,70000.0,,NO_CATALOG,high,,,,Not in current live demo merchandising (117 SKU + split handles)
МОНЧЕЛСИ,Monchelsea,MNm-01-2,MNM-01-2,Шкаф для одежды 1-дв. (модуль/Ш/ручка справа),96690.0,,70000.0,,NO_CATALOG,high,,,,Not in current live demo merchandising (117 SKU + split handles)
МОНЧЕЛСИ,Monchelsea,MNm-01-5,MNM-01-5,Шкаф для одежды 1-дв. (модуль/ЯП/ручка слева),133540.0,,85000.0,,NO_CATALOG,high,,,,Not in current live demo merchandising (117 SKU + split handles)
МОНЧЕЛСИ,Monchelsea,MNm-01-6,MNM-01-6,Шкаф для одежды 1-дв. (модуль/ЯП/ручка справа),133540.0,,85000.0,,NO_CATALOG,high,,,,Not in current live demo merchandising (117 SKU + split handles)
МОНЧЕЛСИ,Monchelsea,MNm-01-3,MNM-01-3,Шкаф для одежды 1-дв. (модуль/ЯШ/ручка слева),118030.0,,81000.0,,NO_CATALOG,high,,,,Not in current live demo merchandising (117 SKU + split handles)
МОНЧЕЛСИ,Monchelsea,MNm-01-4,MNM-01-4,Шкаф для одежды 1-дв. (модуль/ЯШ/ручка справа),118030.0,,81000.0,,NO_CATALOG,high,,,,Not in current live demo merchandising (117 SKU + split handles)
МОНЧЕЛСИ,Monchelsea,MNm-02-1,MNM-02-1,Шкаф для одежды 2-дв. (модуль/Ш),133430.0,,119600.0,,NO_CATALOG,high,,,,Not in current live demo merchandising (117 SKU + split handles)
МОНЧЕЛСИ,Monchelsea,MNm-02-3,MNM-02-3,Шкаф для одежды 2-дв. (модуль/ЯП),203720.0,,159800.0,,NO_CATALOG,high,,,,Not in current live demo merchandising (117 SKU + split handles)
МОНЧЕЛСИ,Monchelsea,MNm-02-2,MNM-02-2,Шкаф для одежды 2-дв. (модуль/ЯШ),184800.0,,151800.0,,NO_CATALOG,high,,,,Not in current live demo merchandising (117 SKU + split handles)
МОНЧЕЛСИ,Monchelsea,MNm-03-1,MNM-03-1,Шкаф для одежды 3-дв. (модуль/П+ЯШ+Ш),241890.0,,226000.0,,NO_CATALOG,high,,,,Not in current live demo merchandising (117 SKU + split handles)
МОНЧЕЛСИ,Monchelsea,MNm-03-3,MNM-03-3,Шкаф для одежды 3-дв. (модуль/Ш+ЯП+Ш),217200.0,,225000.0,,NO_CATALOG,high,,,,Not in current live demo merchandising (117 SKU + split handles)
МОНЧЕЛСИ,Monchelsea,MNm-03-2,MNM-03-2,Шкаф для одежды 3-дв. (модуль/ЯШ+П+ЯШ),271590.0,,237000.0,,NO_CATALOG,high,,,,Not in current live demo merchandising (117 SKU + split handles)
МОНЧЕЛСИ,Monchelsea,MNm-03-4,MNM-03-4,Шкаф для одежды 3-дв. (модуль/2Ш+ЯП+Ш),238480.0,,225000.0,,NO_CATALOG,high,,,,Not in current live demo merchandising (117 SKU + split handles)
МОНЧЕЛСИ,Monchelsea,MNm-00-1,MNM-00-1,Шкаф для одежды угловой (модуль/ручка слева),196570.0,,187000.0,,NO_CATALOG,high,,,,Not in current live demo merchandising (117 SKU + split handles)
МОНЧЕЛСИ,Monchelsea,MNm-00-2,MNM-00-2,Шкаф для одежды угловой (модуль/ручка справа),196570.0,,187000.0,,NO_CATALOG,high,,,,Not in current live demo merchandising (117 SKU + split handles)
МОНЧЕЛСИ,Monchelsea,MNm-61-2,MNM-61-2,Шкаф книжный 1-дв. (модуль/ручка слева),96030.0,,67900.0,,NO_CATALOG,high,,,,Not in current live demo merchandising (117 SKU + split handles)
МОНЧЕЛСИ,Monchelsea,MNm-61-3,MNM-61-3,Шкаф книжный 1-дв. (модуль/ручка справа),96030.0,,67900.0,,NO_CATALOG,high,,,,Not in current live demo merchandising (117 SKU + split handles)
МОНЧЕЛСИ,Monchelsea,MNm-61-1,MNM-61-1,Шкаф книжный 2-дв. (модуль),167090.0,,125450.0,,NO_CATALOG,high,,,,Not in current live demo merchandising (117 SKU + split handles)
МОНЧЕЛСИ,Monchelsea,MNm-61-4,MNM-61-4,Шкаф книжный 3-дв. (модуль),241890.0,,193500.0,,NO_CATALOG,high,,,,Not in current live demo merchandising (117 SKU + split handles)
МОНЧЕЛСИ,Monchelsea,MNm-00-3,MNM-00-3,Шкаф книжный угловой ручка справа,140580.0,,135800.0,,NO_CATALOG,high,,,,Not in current live demo merchandising (117 SKU + split handles)
МОНЧЕЛСИ,Monchelsea,MNm-00-4,MNM-00-4,Шкаф книжный угловой ручка слева,140580.0,,135800.0,,NO_CATALOG,high,,,,Not in current live demo merchandising (117 SKU + split handles)
МОНЧЕЛСИ,Monchelsea,MN-49-1,MN-49-1,Обувница,44330.0,,28900.0,,NO_CATALOG,high,,,,Not in current live demo merchandising (117 SKU + split handles)
ВВ,Willie Winkie,55-1,WW-BODY-55-1,Банкетка малая,14080.0,,0.0,"{""motif_cat_1"": 14080.0, ""motif_cat_2"": 14080.0, ""motif_cat_3"": 14080.0, ""ldsp_cat_4"": 0.0}",NO_CATALOG,high,,,,WW body not present as a live motif SKU (demo kids are only 05-3 ×5 and RL-67-1)
ВВ,Willie Winkie,84-2,WW-BODY-84-2,Бортик к кровати большой,7920.0,,0.0,"{""motif_cat_1"": 7920.0, ""motif_cat_2"": 7920.0, ""motif_cat_3"": 7920.0, ""ldsp_cat_4"": 0.0}",NO_CATALOG,high,,,,WW body not present as a live motif SKU (demo kids are only 05-3 ×5 and RL-67-1)
ВВ,Willie Winkie,84-1,WW-BODY-84-1,Бортик к кровати малый,5940.0,,0.0,"{""motif_cat_1"": 5940.0, ""motif_cat_2"": 5940.0, ""motif_cat_3"": 5940.0, ""ldsp_cat_4"": 0.0}",NO_CATALOG,high,,,,WW body not present as a live motif SKU (demo kids are only 05-3 ×5 and RL-67-1)
ВВ,Willie Winkie,57-2,WW-BODY-57-2,Диван большой (90*190),140920.0,,0.0,"{""motif_cat_1"": 140920.0, ""motif_cat_2"": 147620.0, ""motif_cat_3"": 165110.0, ""ldsp_cat_4"": 0.0}",NO_CATALOG,high,,,,WW body not present as a live motif SKU (demo kids are only 05-3 ×5 and RL-67-1)
ВВ,Willie Winkie,57-1,WW-BODY-57-1,Диван малый (80*150),107250.0,,0.0,"{""motif_cat_1"": 107250.0, ""motif_cat_2"": 112310.0, ""motif_cat_3"": 120010.0, ""ldsp_cat_4"": 0.0}",NO_CATALOG,high,,,,WW body not present as a live motif SKU (demo kids are only 05-3 ×5 and RL-67-1)
ВВ,Willie Winkie,09-1,WW-BODY-09-1,Зеркало навесное овальное,14040.0,,9050.0,"{""motif_cat_1"": 14040.0, ""motif_cat_2"": 14080.0, ""motif_cat_3"": 14080.0, ""ldsp_cat_4"": 9050.0}",NO_CATALOG,high,,,,WW body not present as a live motif SKU (demo kids are only 05-3 ×5 and RL-67-1)
ВВ,Willie Winkie,09-2,WW-BODY-09-2,Зеркало напольное,38060.0,,27250.0,"{""motif_cat_1"": 38060.0, ""motif_cat_2"": 38060.0, ""motif_cat_3"": 38060.0, ""ldsp_cat_4"": 27250.0}",NO_CATALOG,high,,,,WW body not present as a live motif SKU (demo kids are only 05-3 ×5 and RL-67-1)
ВВ,Willie Winkie,86-1,WW-BODY-86-1,Каркас для балдахина,5280.0,,0.0,"{""motif_cat_1"": 5280.0, ""motif_cat_2"": 5280.0, ""motif_cat_3"": 5280.0, ""ldsp_cat_4"": 0.0}",NO_CATALOG,high,,,,WW body not present as a live motif SKU (demo kids are only 05-3 ×5 and RL-67-1)
ВВ,Willie Winkie,05-3,WW-BODY-05-3,Комод высокий    440,113080.0,,90350.0,"{""motif_cat_1"": 113080.0, ""motif_cat_2"": 118800.0, ""motif_cat_3"": 124300.0, ""ldsp_cat_4"": 90350.0}",MATCH_WW_MOTIF_BODY,high,FA-05-3;BA-05-3;TE-05-3;RS-05-3;PA-05-3,fa-05-3;ba-05-3;te-05-3;rs-05-3;pa-05-3,Комод высокий;Комод высокий;Комод высокий;Комод высокий;Комод высокий,"One workbook body, motif category prices 1/2/3. Live SKUs: FA-05-3→cat2, BA-05-3→cat3, TE-05-3→cat3, RS-05-3→cat3, PA-05-3→cat3"
ВВ,Willie Winkie,05-4,WW-BODY-05-4,Комод высокий   560,122950.0,,97850.0,"{""motif_cat_1"": 122950.0, ""motif_cat_2"": 128920.0, ""motif_cat_3"": 134970.0, ""ldsp_cat_4"": 97850.0}",NO_CATALOG,high,,,,WW body not present as a live motif SKU (demo kids are only 05-3 ×5 and RL-67-1)
ВВ,Willie Winkie,05-1,WW-BODY-05-1,Комод стандартный 440,83820.0,,70380.0,"{""motif_cat_1"": 83820.0, ""motif_cat_2"": 87780.0, ""motif_cat_3"": 96360.0, ""ldsp_cat_4"": 70380.0}",NO_CATALOG,high,,,,WW body not present as a live motif SKU (demo kids are only 05-3 ×5 and RL-67-1)
ВВ,Willie Winkie,05-2,WW-BODY-05-2,Комод стандартный 560,93940.0,,77050.0,"{""motif_cat_1"": 93940.0, ""motif_cat_2"": 98450.0, ""motif_cat_3"": 105270.0, ""ldsp_cat_4"": 77050.0}",NO_CATALOG,high,,,,WW body not present as a live motif SKU (demo kids are only 05-3 ×5 and RL-67-1)
ВВ,Willie Winkie,85-1,WW-BODY-85-1,Кроватка для новорожденного (60*120),110440.0,,0.0,"{""motif_cat_1"": 110440.0, ""motif_cat_2"": 115720.0, ""motif_cat_3"": 125620.0, ""ldsp_cat_4"": 0.0}",NO_CATALOG,high,,,,WW body not present as a live motif SKU (demo kids are only 05-3 ×5 and RL-67-1)
ВВ,Willie Winkie,95-1,WW-BODY-95-1,Кровать - трансформер (80*150) с рисунком,139150.0,,0.0,"{""motif_cat_1"": 139150.0, ""motif_cat_2"": 142560.0, ""motif_cat_3"": 146080.0, ""ldsp_cat_4"": 0.0}",NO_CATALOG,high,,,,WW body not present as a live motif SKU (demo kids are only 05-3 ×5 and RL-67-1)
ВВ,Willie Winkie,95-3,WW-BODY-95-3,Кровать - трансформер (80*150) с тканью,141460.0,,0.0,"{""motif_cat_1"": 141460.0, ""motif_cat_2"": 141460.0, ""motif_cat_3"": 141460.0, ""ldsp_cat_4"": 0.0}",NO_CATALOG,high,,,,WW body not present as a live motif SKU (demo kids are only 05-3 ×5 and RL-67-1)
ВВ,Willie Winkie,15-1,WW-BODY-15-1,"Кровать 1,5-сп. (120*190)",108900.0,,0.0,"{""motif_cat_1"": 108900.0, ""motif_cat_2"": 114070.0, ""motif_cat_3"": 119570.0, ""ldsp_cat_4"": 0.0}",NO_CATALOG,high,,,,WW body not present as a live motif SKU (demo kids are only 05-3 ×5 and RL-67-1)
ВВ,Willie Winkie,15-2,WW-BODY-15-2,"Кровать 1,5-сп. (120*190) с ящиками",170280.0,,0.0,"{""motif_cat_1"": 170280.0, ""motif_cat_2"": 174240.0, ""motif_cat_3"": 183920.0, ""ldsp_cat_4"": 0.0}",NO_CATALOG,high,,,,WW body not present as a live motif SKU (demo kids are only 05-3 ×5 and RL-67-1)
ВВ,Willie Winkie,14-1,WW-BODY-14-1,Кровать 1-сп. (90*190),90750.0,,0.0,"{""motif_cat_1"": 90750.0, ""motif_cat_2"": 95260.0, ""motif_cat_3"": 99770.0, ""ldsp_cat_4"": 0.0}",NO_CATALOG,high,,,,WW body not present as a live motif SKU (demo kids are only 05-3 ×5 and RL-67-1)
ВВ,Willie Winkie,14-2,WW-BODY-14-2,Кровать 1-сп. (90*190) с ящиками,137170.0,,0.0,"{""motif_cat_1"": 137170.0, ""motif_cat_2"": 143990.0, ""motif_cat_3"": 150810.0, ""ldsp_cat_4"": 0.0}",NO_CATALOG,high,,,,WW body not present as a live motif SKU (demo kids are only 05-3 ×5 and RL-67-1)
ВВ,Willie Winkie,13-1,WW-BODY-13-1,Кровать детская (80*150),87890.0,,0.0,"{""motif_cat_1"": 87890.0, ""motif_cat_2"": 92730.0, ""motif_cat_3"": 98890.0, ""ldsp_cat_4"": 0.0}",NO_CATALOG,high,,,,WW body not present as a live motif SKU (demo kids are only 05-3 ×5 and RL-67-1)
ВВ,Willie Winkie,13-2,WW-BODY-13-2,Кровать детская (80*150) с ящиками,105270.0,,0.0,"{""motif_cat_1"": 105270.0, ""motif_cat_2"": 109010.0, ""motif_cat_3"": 117370.0, ""ldsp_cat_4"": 0.0}",NO_CATALOG,high,,,,WW body not present as a live motif SKU (demo kids are only 05-3 ×5 and RL-67-1)
ВВ,Willie Winkie,69-1,WW-BODY-69-1,Полка книжная,9570.0,,0.0,"{""motif_cat_1"": 9570.0, ""motif_cat_2"": 10010.0, ""motif_cat_3"": 10450.0, ""ldsp_cat_4"": 0.0}",NO_CATALOG,high,,,,WW body not present as a live motif SKU (demo kids are only 05-3 ×5 and RL-67-1)
ВВ,Willie Winkie,62-1,WW-BODY-62-1,Стеллаж для книг   440,99390.0,,0.0,"{""motif_cat_1"": 99390.0, ""motif_cat_2"": 95370.0, ""motif_cat_3"": 100320.0, ""ldsp_cat_4"": 0.0}",NO_CATALOG,high,,,,WW body not present as a live motif SKU (demo kids are only 05-3 ×5 and RL-67-1)
ВВ,Willie Winkie,62-2,WW-BODY-62-2,Стеллаж для книг   560,109340.0,,0.0,"{""motif_cat_1"": 109340.0, ""motif_cat_2"": 111870.0, ""motif_cat_3"": 117040.0, ""ldsp_cat_4"": 0.0}",NO_CATALOG,high,,,,WW body not present as a live motif SKU (demo kids are only 05-3 ×5 and RL-67-1)
ВВ,Willie Winkie,62-3,WW-BODY-62-3,Стеллаж для книг   высокий и гл.560,118800.0,,0.0,"{""motif_cat_1"": 118800.0, ""motif_cat_2"": 121440.0, ""motif_cat_3"": 129030.0, ""ldsp_cat_4"": 0.0}",NO_CATALOG,high,,,,WW body not present as a live motif SKU (demo kids are only 05-3 ×5 and RL-67-1)
ВВ,Willie Winkie,65-1,WW-BODY-65-1,Стол письменный 1-тумб. 0П,81180.0,,55850.0,"{""motif_cat_1"": 81180.0, ""motif_cat_2"": 83270.0, ""motif_cat_3"": 85250.0, ""ldsp_cat_4"": 55850.0}",NO_CATALOG,high,,,,WW body not present as a live motif SKU (demo kids are only 05-3 ×5 and RL-67-1)
ВВ,Willie Winkie,65-2,WW-BODY-65-2,Стол письменный 1-тумб. П0,81180.0,,55850.0,"{""motif_cat_1"": 81180.0, ""motif_cat_2"": 83270.0, ""motif_cat_3"": 85250.0, ""ldsp_cat_4"": 55850.0}",NO_CATALOG,high,,,,WW body not present as a live motif SKU (demo kids are only 05-3 ×5 and RL-67-1)
ВВ,Willie Winkie,65-3,WW-BODY-65-3,Cтол письменный 1-тумб.ОЯ,90860.0,,62050.0,"{""motif_cat_1"": 90860.0, ""motif_cat_2"": 93060.0, ""motif_cat_3"": 95370.0, ""ldsp_cat_4"": 62050.0}",NO_CATALOG,high,,,,WW body not present as a live motif SKU (demo kids are only 05-3 ×5 and RL-67-1)
ВВ,Willie Winkie,65-4,WW-BODY-65-4,Стол письменный 1-тумб.ЯО,90860.0,,62050.0,"{""motif_cat_1"": 90860.0, ""motif_cat_2"": 93060.0, ""motif_cat_3"": 95370.0, ""ldsp_cat_4"": 62050.0}",NO_CATALOG,high,,,,WW body not present as a live motif SKU (demo kids are only 05-3 ×5 and RL-67-1)
ВВ,Willie Winkie,66-1,WW-BODY-66-1,Стол письменный 2-тумб.ПП,114400.0,,78600.0,"{""motif_cat_1"": 114400.0, ""motif_cat_2"": 117260.0, ""motif_cat_3"": 120010.0, ""ldsp_cat_4"": 78600.0}",NO_CATALOG,high,,,,WW body not present as a live motif SKU (demo kids are only 05-3 ×5 and RL-67-1)
ВВ,Willie Winkie,66-3,WW-BODY-66-3,Стол письменный 2-тумб.ЯП,123310.0,,84800.0,"{""motif_cat_1"": 123310.0, ""motif_cat_2"": 126390.0, ""motif_cat_3"": 129580.0, ""ldsp_cat_4"": 84800.0}",NO_CATALOG,high,,,,WW body not present as a live motif SKU (demo kids are only 05-3 ×5 and RL-67-1)
ВВ,Willie Winkie,66-2,WW-BODY-66-2,Стол письменный 2-тумб.ПЯ,123310.0,,84800.0,"{""motif_cat_1"": 123310.0, ""motif_cat_2"": 126390.0, ""motif_cat_3"": 129580.0, ""ldsp_cat_4"": 84800.0}",NO_CATALOG,high,,,,WW body not present as a live motif SKU (demo kids are only 05-3 ×5 and RL-67-1)
ВВ,Willie Winkie,66-4,WW-BODY-66-4,Стол письменный 2-тумб.ЯЯ,132990.0,,91450.0,"{""motif_cat_1"": 132990.0, ""motif_cat_2"": 136290.0, ""motif_cat_3"": 139700.0, ""ldsp_cat_4"": 91450.0}",NO_CATALOG,high,,,,WW body not present as a live motif SKU (demo kids are only 05-3 ×5 and RL-67-1)
ВВ,Willie Winkie,67-1,WW-BODY-67-1,Стол рабочий,85250.0,,75200.0,"{""motif_cat_1"": 85250.0, ""motif_cat_2"": 85250.0, ""motif_cat_3"": 85250.0, ""ldsp_cat_4"": 75200.0}",MATCH_WW_MOTIF_BODY,high,RL-67-1,rl-67-1,Стол рабочий,"One workbook body, motif category prices 1/2/3. Live SKUs: RL-67-1→cat1"
ВВ,Willie Winkie,64-1,WW-BODY-64-1,Стол-бюро,133760.0,,91800.0,"{""motif_cat_1"": 133760.0, ""motif_cat_2"": 136950.0, ""motif_cat_3"": 140360.0, ""ldsp_cat_4"": 91800.0}",NO_CATALOG,high,,,,WW body not present as a live motif SKU (demo kids are only 05-3 ×5 and RL-67-1)
ВВ,Willie Winkie,83-1,WW-BODY-83-1,Столешница пеленальная съемная,15180.0,,0.0,"{""motif_cat_1"": 15180.0, ""motif_cat_2"": 15950.0, ""motif_cat_3"": 16700.0, ""ldsp_cat_4"": 0.0}",NO_CATALOG,high,,,,WW body not present as a live motif SKU (demo kids are only 05-3 ×5 and RL-67-1)
ВВ,Willie Winkie,81-1,WW-BODY-81-1,Столик  детский,22660.0,,0.0,"{""motif_cat_1"": 22660.0, ""motif_cat_2"": 23760.0, ""motif_cat_3"": 24970.0, ""ldsp_cat_4"": 0.0}",NO_CATALOG,high,,,,WW body not present as a live motif SKU (demo kids are only 05-3 ×5 and RL-67-1)
ВВ,Willie Winkie,06-1,WW-BODY-06-1,Столик туалетный с зеркалом,59730.0,,0.0,"{""motif_cat_1"": 59730.0, ""motif_cat_2"": 62700.0, ""motif_cat_3"": 65670.0, ""ldsp_cat_4"": 0.0}",NO_CATALOG,high,,,,WW body not present as a live motif SKU (demo kids are only 05-3 ×5 and RL-67-1)
ВВ,Willie Winkie,23-1,WW-BODY-23-1,Стул,27610.0,,0.0,"{""motif_cat_1"": 27610.0, ""motif_cat_2"": 27610.0, ""motif_cat_3"": 27610.0, ""ldsp_cat_4"": 0.0}",NO_CATALOG,high,,,,WW body not present as a live motif SKU (demo kids are only 05-3 ×5 and RL-67-1)
ВВ,Willie Winkie,82-1,WW-BODY-82-1,Стульчик  детский,13310.0,,0.0,"{""motif_cat_1"": 13310.0, ""motif_cat_2"": 13750.0, ""motif_cat_3"": 14410.0, ""ldsp_cat_4"": 0.0}",NO_CATALOG,high,,,,WW body not present as a live motif SKU (demo kids are only 05-3 ×5 and RL-67-1)
ВВ,Willie Winkie,42-1,WW-BODY-42-1,Тумба для телевизора,69520.0,,61800.0,"{""motif_cat_1"": 69520.0, ""motif_cat_2"": 73150.0, ""motif_cat_3"": 76560.0, ""ldsp_cat_4"": 61800.0}",NO_CATALOG,high,,,,WW body not present as a live motif SKU (demo kids are only 05-3 ×5 and RL-67-1)
ВВ,Willie Winkie,08-1,WW-BODY-08-1,Тумбочка прикроватная,25510.0,,22300.0,"{""motif_cat_1"": 25510.0, ""motif_cat_2"": 27170.0, ""motif_cat_3"": 27830.0, ""ldsp_cat_4"": 22300.0}",NO_CATALOG,high,,,,WW body not present as a live motif SKU (demo kids are only 05-3 ×5 and RL-67-1)
ВВ,Willie Winkie,30-1,WW-BODY-30-1,Часы,11990.0,,0.0,"{""motif_cat_1"": 11990.0, ""motif_cat_2"": 11990.0, ""motif_cat_3"": 11990.0, ""ldsp_cat_4"": 0.0}",NO_CATALOG,high,,,,WW body not present as a live motif SKU (demo kids are only 05-3 ×5 and RL-67-1)
ВВ,Willie Winkie,01-1,WW-BODY-01-1,Шкаф для одежды 1-дв. 440 (ручка лев/прав),120670.0,,79550.0,"{""motif_cat_1"": 120670.0, ""motif_cat_2"": 126720.0, ""motif_cat_3"": 132660.0, ""ldsp_cat_4"": 79550.0}",NO_CATALOG,high,,,,WW body not present as a live motif SKU (demo kids are only 05-3 ×5 and RL-67-1)
ВВ,Willie Winkie,01-2,WW-BODY-01-2,Шкаф для одежды 1-дв. 560 (ручка лев/прав),133430.0,,87850.0,"{""motif_cat_1"": 133430.0, ""motif_cat_2"": 140140.0, ""motif_cat_3"": 146850.0, ""ldsp_cat_4"": 87850.0}",NO_CATALOG,high,,,,WW body not present as a live motif SKU (demo kids are only 05-3 ×5 and RL-67-1)
ВВ,Willie Winkie,01-3,WW-BODY-01-3,Шкаф для одежды 1-дв.(высокий)560 (ручка лев/прав),142450.0,,93800.0,"{""motif_cat_1"": 142450.0, ""motif_cat_2"": 149490.0, ""motif_cat_3"": 156750.0, ""ldsp_cat_4"": 93800.0}",NO_CATALOG,high,,,,WW body not present as a live motif SKU (demo kids are only 05-3 ×5 and RL-67-1)
ВВ,Willie Winkie,02-1,WW-BODY-02-1,Шкаф для одежды 2-дв. 440,148280.0,,111150.0,"{""motif_cat_1"": 148280.0, ""motif_cat_2"": 159060.0, ""motif_cat_3"": 185350.0, ""ldsp_cat_4"": 111150.0}",NO_CATALOG,high,,,,WW body not present as a live motif SKU (demo kids are only 05-3 ×5 and RL-67-1)
ВВ,Willie Winkie,02-2,WW-BODY-02-2,Шкаф для одежды 2-дв.560,163450.0,,121000.0,"{""motif_cat_1"": 163450.0, ""motif_cat_2"": 175340.0, ""motif_cat_3"": 201740.0, ""ldsp_cat_4"": 121000.0}",NO_CATALOG,high,,,,WW body not present as a live motif SKU (demo kids are only 05-3 ×5 and RL-67-1)
ВВ,Willie Winkie,02-3,WW-BODY-02-3,"Шкаф для одежды 2-дв.,высокий,560",187000.0,,132700.0,"{""motif_cat_1"": 187000.0, ""motif_cat_2"": 195800.0, ""motif_cat_3"": 221760.0, ""ldsp_cat_4"": 132700.0}",NO_CATALOG,high,,,,WW body not present as a live motif SKU (demo kids are only 05-3 ×5 and RL-67-1)
ВВ,Willie Winkie,03-1,WW-BODY-03-1,Шкаф для одежды 3-дв.440,207900.0,,151050.0,"{""motif_cat_1"": 207900.0, ""motif_cat_2"": 217690.0, ""motif_cat_3"": 252450.0, ""ldsp_cat_4"": 151050.0}",NO_CATALOG,high,,,,WW body not present as a live motif SKU (demo kids are only 05-3 ×5 and RL-67-1)
ВВ,Willie Winkie,03-2,WW-BODY-03-2,Шкаф для одежды 3-дв.560,228140.0,,164050.0,"{""motif_cat_1"": 228140.0, ""motif_cat_2"": 238920.0, ""motif_cat_3"": 273900.0, ""ldsp_cat_4"": 164050.0}",NO_CATALOG,high,,,,WW body not present as a live motif SKU (demo kids are only 05-3 ×5 and RL-67-1)
ВВ,Willie Winkie,03-3,WW-BODY-03-3,"Шкаф для одежды 3-дв.высокий ,560",249040.0,,178000.0,"{""motif_cat_1"": 249040.0, ""motif_cat_2"": 260810.0, ""motif_cat_3"": 296340.0, ""ldsp_cat_4"": 178000.0}",NO_CATALOG,high,,,,WW body not present as a live motif SKU (demo kids are only 05-3 ×5 and RL-67-1)
ВВ,Willie Winkie,61-1,WW-BODY-61-1,Шкаф книжный со стеклом 440,132550.0,,88250.0,"{""motif_cat_1"": 132550.0, ""motif_cat_2"": 135520.0, ""motif_cat_3"": 138820.0, ""ldsp_cat_4"": 88250.0}",NO_CATALOG,high,,,,WW body not present as a live motif SKU (demo kids are only 05-3 ×5 and RL-67-1)
ВВ,Willie Winkie,61-2,WW-BODY-61-2,Шкаф книжный со стеклом 560,138600.0,,92700.0,"{""motif_cat_1"": 138600.0, ""motif_cat_2"": 141680.0, ""motif_cat_3"": 145200.0, ""ldsp_cat_4"": 92700.0}",NO_CATALOG,high,,,,WW body not present as a live motif SKU (demo kids are only 05-3 ×5 and RL-67-1)
ВВ,Willie Winkie,61-3,WW-BODY-61-3,"Шкаф книжный со стеклом,высокий,560",150370.0,,100500.0,"{""motif_cat_1"": 150370.0, ""motif_cat_2"": 153780.0, ""motif_cat_3"": 157520.0, ""ldsp_cat_4"": 100500.0}",NO_CATALOG,high,,,,WW body not present as a live motif SKU (demo kids are only 05-3 ×5 and RL-67-1)
ВВ,Willie Winkie,40-1,WW-BODY-40-1,Шкаф комбинированный   440,239360.0,,177550.0,"{""motif_cat_1"": 239360.0, ""motif_cat_2"": 250580.0, ""motif_cat_3"": 278300.0, ""ldsp_cat_4"": 177550.0}",NO_CATALOG,high,,,,WW body not present as a live motif SKU (demo kids are only 05-3 ×5 and RL-67-1)
ВВ,Willie Winkie,40-2,WW-BODY-40-2,Шкаф комбинированный   560,272580.0,,200000.0,"{""motif_cat_1"": 272580.0, ""motif_cat_2"": 285340.0, ""motif_cat_3"": 313170.0, ""ldsp_cat_4"": 200000.0}",NO_CATALOG,high,,,,WW body not present as a live motif SKU (demo kids are only 05-3 ×5 and RL-67-1)
ВВ,Willie Winkie,40-3,WW-BODY-40-3,"Шкаф комбинированный,высокий,560",298100.0,,207950.0,"{""motif_cat_1"": 298100.0, ""motif_cat_2"": 312180.0, ""motif_cat_3"": 327250.0, ""ldsp_cat_4"": 207950.0}",NO_CATALOG,high,,,,WW body not present as a live motif SKU (demo kids are only 05-3 ×5 and RL-67-1)
ВВ,Willie Winkie,07-1,WW-BODY-07-1,Ящик для игрушек с подъем. мех.,41360.0,,0.0,"{""motif_cat_1"": 41360.0, ""motif_cat_2"": 44330.0, ""motif_cat_3"": 47410.0, ""ldsp_cat_4"": 0.0}",NO_CATALOG,high,,,,WW body not present as a live motif SKU (demo kids are only 05-3 ×5 and RL-67-1)
ОКСФОРД,Oxford,OX-90-1,OX-90-1,Комплекс Оксфорд-1 с выдвижной столешницей без  нижней кровати,406200.0,,,,NO_CATALOG,high,,,,Not in current live demo merchandising (117 SKU + split handles)
ОКСФОРД,Oxford,OX-14-1,OX-14-1,Комплекс Оксфорд-1 (нижняя кровать без матраса 90*185),29000.0,,,,NO_CATALOG,high,,,,Not in current live demo merchandising (117 SKU + split handles)
ОКСФОРД,Oxford,OX-14-11,OX-14-11,Нижняя кровать без матраса увеличенная (120*185),37000.0,,,,NO_CATALOG,high,,,,Not in current live demo merchandising (117 SKU + split handles)
ОКСФОРД,Oxford,OX-90-2,OX-90-2,Комплекс Оксфорд-2  без выдвижной столешницы с нижней кроватью и матрасом в чехле (ткани в ассортименте),386700.0,,,,NO_CATALOG,high,,,,Not in current live demo merchandising (117 SKU + split handles)
ОКСФОРД,Oxford,OX-14-2,OX-14-2,"Комплекс Оксфорд-2 (нижняя кровать 90*185 с матрасом в чехле, ткани в ассортименте)",64600.0,,,,NO_CATALOG,high,,,,Not in current live demo merchandising (117 SKU + split handles)
ОКСФОРД,Oxford,OX-90-3,OX-90-3,КомплексОксфорд-3 со шкафом и столом (без нижней кровати),416600.0,,,,NO_CATALOG,high,,,,Not in current live demo merchandising (117 SKU + split handles)
ОКСФОРД,Oxford,OX-90-4,OX-90-4,Комплекс Oxford-4 Кровать-чердак - без полок и ящиков внутри  (без нижней кровати),280000.0,,,,NO_CATALOG,high,,,,Not in current live demo merchandising (117 SKU + split handles)
ОКСФОРД,Oxford,OX-84-2,OX-84-2,Бортик к кровати большой,6800.0,,,,NO_CATALOG,high,,,,Not in current live demo merchandising (117 SKU + split handles)
ОКСФОРД,Oxford,OX-84-1,OX-84-1,Бортик к кровати малый,4800.0,,,,NO_CATALOG,high,,,,Not in current live demo merchandising (117 SKU + split handles)
ОКСФОРД,Oxford,OX-08-1,OX-08-1,Тумба прикроватная (для верхнего яруса),33900.0,,,,NO_CATALOG,high,,,,Not in current live demo merchandising (117 SKU + split handles)
ОКСФОРД,Oxford,S-OX-04,S-OX-04,Полка навесная квадратная Оксфорд,10600.0,,,,NO_CATALOG,high,,,,Not in current live demo merchandising (117 SKU + split handles)
ОКСФОРД,Oxford,S-OX-03,S-OX-03,Полка навесная квадратная с 3-мя ящиками OXFORD,26200.0,,,,NO_CATALOG,high,,,,Not in current live demo merchandising (117 SKU + split handles)
ОКСФОРД,Oxford,S-OX-02,S-OX-02,Стеновая панель на всю длину ОКСФОРД,75900.0,,,,NO_CATALOG,high,,,,Not in current live demo merchandising (117 SKU + split handles)
ОКСФОРД,Oxford,S-OX-05,S-OX-05,Ступени с перилами и ящиками ОКСФОРД,77100.0,,,,NO_CATALOG,high,,,,Not in current live demo merchandising (117 SKU + split handles)
ОКСФОРД,Oxford,SH-99-1,SH-99-1,Комплекс Милый дом (без кровати),301900.0,,,,NO_CATALOG,high,,,,Not in current live demo merchandising (117 SKU + split handles)
ОКСФОРД,Oxford,SH-14-1,SH-14-1,Комплекс Милый дом (кровать 90*190),41100.0,,,,NO_CATALOG,high,,,,Not in current live demo merchandising (117 SKU + split handles)
ОКСФОРД,Oxford,SH-84-2,SH-84-2,Бортик к кровати большой,6800.0,,,,NO_CATALOG,high,,,,Not in current live demo merchandising (117 SKU + split handles)
ОКСФОРД,Oxford,SH-84-1,SH-84-1,Бортик к кровати малый,4800.0,,,,NO_CATALOG,high,,,,Not in current live demo merchandising (117 SKU + split handles)
ОКСФОРД,Oxford,MC-99-1,MC-99-1,Комплекс Мой замок (без кровати),289000.0,,,,NO_CATALOG,high,,,,Not in current live demo merchandising (117 SKU + split handles)
ОКСФОРД,Oxford,MC-14-1,MC-14-1,Комплекс Мой замок (кровать 90*190),41700.0,,,,NO_CATALOG,high,,,,Not in current live demo merchandising (117 SKU + split handles)
ОКСФОРД,Oxford,MC-84-2,MC-84-2,Бортик к кровати большой,6600.0,,,,NO_CATALOG,high,,,,Not in current live demo merchandising (117 SKU + split handles)
ОКСФОРД,Oxford,MC-84-1,MC-84-1,Бортик к кровати малый,4800.0,,,,NO_CATALOG,high,,,,Not in current live demo merchandising (117 SKU + split handles)
ОКСФОРД,Oxford,Ox-1-1-N,OX-1-1-N,Съемный чехол в стандартной ткани  1-2 категории на нижнюю кровать,13500.0,,,,NO_CATALOG,high,,,,Not in current live demo merchandising (117 SKU + split handles)
ПРОВАНС,Provence,55-2,PV-55-2,Банкетка большая,26700.0,,,"{""provence_white"": 26700.0, ""provence_dark"": 28100.0}",MATCH_EXACT,high,PV-55-2,pv-55-2,Банкетка большая,Exact PV SKU. Workbook has Provence white + dark finish prices on one row.
ПРОВАНС,Provence,55-1,PV-55-1,Банкетка малая,19900.0,,,"{""provence_white"": 19900.0, ""provence_dark"": 18400.0}",MATCH_EXACT,high,PV-55-1,pv-55-1,Банкетка малая,Exact PV SKU. Workbook has Provence white + dark finish prices on one row.
ПРОВАНС,Provence,09-1,PV-09-1,Зеркало навесное,13600.0,,,"{""provence_white"": 13600.0, ""provence_dark"": 14300.0}",MATCH_EXACT,high,PV-09-1,pv-09-1,Зеркало навесное,Exact PV SKU. Workbook has Provence white + dark finish prices on one row.
ПРОВАНС,Provence,09-2,PV-09-2,Зеркало напольное,48900.0,,,"{""provence_white"": 48900.0, ""provence_dark"": 45200.0}",MATCH_EXACT,high,PV-09-2,pv-09-2,Зеркало напольное,Exact PV SKU. Workbook has Provence white + dark finish prices on one row.
ПРОВАНС,Provence,05-2,PV-05-2,Комод стандартный,66600.0,,,"{""provence_white"": 66600.0, ""provence_dark"": 69900.0}",MATCH_EXACT,high,PV-05-2,pv-05-2,Комод стандартный,Exact PV SKU. Workbook has Provence white + dark finish prices on one row.
ПРОВАНС,Provence,14-1,PV-14-1,Кровать 1-сп. (90*190) без изножья,57600.0,,,"{""provence_white"": 57600.0, ""provence_dark"": 60500.0}",MATCH_EXACT,high,PV-14-1,pv-14-1,Кровать 1-сп. (90×190) без изножья,Exact PV SKU. Workbook has Provence white + dark finish prices on one row.
ПРОВАНС,Provence,14-2,PV-14-2,Кровать 1-сп. (90*190) с тканью без изножья,57600.0,,,"{""provence_white"": 57600.0, ""provence_dark"": 60500.0}",NO_CATALOG,high,,,,Not in current live demo merchandising (117 SKU + split handles)
ПРОВАНС,Provence,15-1,PV-15-1,"Кровать 1,5-сп. (120*190) без изножья",70300.0,,,"{""provence_white"": 70300.0, ""provence_dark"": 73800.0}",NO_CATALOG,high,,,,Not in current live demo merchandising (117 SKU + split handles)
ПРОВАНС,Provence,15-2,PV-15-2,"Кровать 1,5-сп. (120*190) с тканью без изножья",70300.0,,,"{""provence_white"": 70300.0, ""provence_dark"": 73800.0}",NO_CATALOG,high,,,,Not in current live demo merchandising (117 SKU + split handles)
ПРОВАНС,Provence,16-1,PV-16-1,"Кровать 1,5-сп. (140*190) без изножья",77300.0,,,"{""provence_white"": 77300.0, ""provence_dark"": 83200.0}",NO_CATALOG,high,,,,Not in current live demo merchandising (117 SKU + split handles)
ПРОВАНС,Provence,16-2,PV-16-2,"Кровать 1,5-сп. (140*190) с тканью без изножья",77300.0,,,"{""provence_white"": 77300.0, ""provence_dark"": 81200.0}",NO_CATALOG,high,,,,Not in current live demo merchandising (117 SKU + split handles)
ПРОВАНС,Provence,17-1,PV-17-1,Кровать 2-сп. (160*200) без изножья,79700.0,,,"{""provence_white"": 79700.0, ""provence_dark"": 85700.0}",MATCH_EXACT,high,PV-17-1,pv-17-1,Кровать 2-сп. (160×200) без изножья,Exact PV SKU. Workbook has Provence white + dark finish prices on one row.
ПРОВАНС,Provence,17-2,PV-17-2,Кровать 2-сп. (160*200) с тканью без изножья,79700.0,,,"{""provence_white"": 79700.0, ""provence_dark"": 85900.0}",NO_CATALOG,high,,,,Not in current live demo merchandising (117 SKU + split handles)
ПРОВАНС,Provence,18-1,PV-18-1,Кровать 2-сп. (180*200) без изножья,82900.0,,,"{""provence_white"": 82900.0, ""provence_dark"": 87100.0}",MATCH_EXACT,high,PV-18-1,pv-18-1,Кровать 2-сп. (180×200) без изножья,Exact PV SKU. Workbook has Provence white + dark finish prices on one row.
ПРОВАНС,Provence,18-2,PV-18-2,Кровать 2-сп. (180*200) с тканью без изножья,82900.0,,,"{""provence_white"": 82900.0, ""provence_dark"": 87100.0}",NO_CATALOG,high,,,,Not in current live demo merchandising (117 SKU + split handles)
ПРОВАНС,Provence,69-1,PV-69-1,Полка книжная,7600.0,,,"{""provence_white"": 7600.0, ""provence_dark"": 7900.0}",MATCH_EXACT,high,PV-69-1,pv-69-1,Полка книжная,Exact PV SKU. Workbook has Provence white + dark finish prices on one row.
ПРОВАНС,Provence,62-1,PV-62-1,Стеллаж для книг,82100.0,,,"{""provence_white"": 82100.0, ""provence_dark"": 86300.0}",MATCH_EXACT,high,PV-62-1,pv-62-1,Стеллаж для книг,Exact PV SKU. Workbook has Provence white + dark finish prices on one row.
ПРОВАНС,Provence,65-5,PV-65-5,Стол письменный 1-тумб. 0П,68300.0,,,"{""provence_white"": 68300.0, ""provence_dark"": 71800.0}",MATCH_EXACT,high,PV-65-5,pv-65-5,Стол письменный 1-тумб. 0П,Exact PV SKU. Workbook has Provence white + dark finish prices on one row.
ПРОВАНС,Provence,65-7,PV-65-7,Стол письменный 1-тумб. 0Я,83000.0,,,"{""provence_white"": 83000.0, ""provence_dark"": 87200.0}",MATCH_EXACT,high,PV-65-7,pv-65-7,Стол письменный 1-тумб. 0Я,Exact PV SKU. Workbook has Provence white + dark finish prices on one row.
ПРОВАНС,Provence,65-6,PV-65-6,Стол письменный 1-тумб. П0,68300.0,,,"{""provence_white"": 68300.0, ""provence_dark"": 71800.0}",MATCH_EXACT,high,PV-65-6,pv-65-6,Стол письменный 1-тумб. П0,Exact PV SKU. Workbook has Provence white + dark finish prices on one row.
ПРОВАНС,Provence,65-8,PV-65-8,Стол письменный 1-тумб. Я0,83000.0,,,"{""provence_white"": 83000.0, ""provence_dark"": 87200.0}",MATCH_EXACT,high,PV-65-8,pv-65-8,Стол письменный 1-тумб. Я0,Exact PV SKU. Workbook has Provence white + dark finish prices on one row.
ПРОВАНС,Provence,66-6,PV-66-6,Стол письменный 2-тумб. ПЯ,103700.0,,,"{""provence_white"": 103700.0, ""provence_dark"": 108900.0}",MATCH_EXACT,high,PV-66-6,pv-66-6,"Стол письменный двухтумбовый Прованс (полки слева, ящики справа)",Exact PV SKU. Workbook has Provence white + dark finish prices on one row.
ПРОВАНС,Provence,66-7,PV-66-7,Стол письменный 2-тумб. ЯП,103700.0,,,"{""provence_white"": 103700.0, ""provence_dark"": 108900.0}",MATCH_EXACT,high,PV-66-7,pv-66-7,"Стол письменный двухтумбовый Прованс (ящики слева, полки справа)",Exact PV SKU. Workbook has Provence white + dark finish prices on one row.
ПРОВАНС,Provence,06-2,PV-06-2,Столик туалетный,47300.0,,,"{""provence_white"": 47300.0, ""provence_dark"": 47900.0}",MATCH_EXACT,high,PV-06-2,pv-06-2,Столик туалетный,Exact PV SKU. Workbook has Provence white + dark finish prices on one row.
ПРОВАНС,Provence,43-1,PV-43-1,Столик чайный,20500.0,,,"{""provence_white"": 20500.0, ""provence_dark"": 21500.0}",MATCH_EXACT,high,PV-43-1,pv-43-1,Столик чайный,Exact PV SKU. Workbook has Provence white + dark finish prices on one row.
ПРОВАНС,Provence,23-1,PV-23-1,Стул,24900.0,,,"{""provence_white"": 24900.0, ""provence_dark"": 26100.0}",MATCH_EXACT,high,PV-23-1,pv-23-1,Стул,Exact PV SKU. Workbook has Provence white + dark finish prices on one row.
ПРОВАНС,Provence,42-2,PV-42-2,Тумба для телевизора,47800.0,,,"{""provence_white"": 47800.0, ""provence_dark"": 50300.0}",MATCH_EXACT,high,PV-42-2,pv-42-2,Тумба для телевизора,Exact PV SKU. Workbook has Provence white + dark finish prices on one row.
ПРОВАНС,Provence,08-2,PV-08-2,Тумбочка прикроватная,23300.0,,,"{""provence_white"": 23300.0, ""provence_dark"": 24500.0}",MATCH_EXACT,high,PV-08-2,pv-08-2,Тумбочка прикроватная,Exact PV SKU. Workbook has Provence white + dark finish prices on one row.
ПРОВАНС,Provence,08-3,PV-08-3,Тумбочка прикроватная с 2 ящиками,34300.0,,,"{""provence_white"": 34300.0, ""provence_dark"": 36000.0}",NO_CATALOG,high,,,,Not in current live demo merchandising (117 SKU + split handles)
ПРОВАНС,Provence,30-1,PV-30-1,Часы,6000.0,,,"{""provence_white"": 6000.0, ""provence_dark"": 6000.0}",NO_CATALOG,high,,,,Not in current live demo merchandising (117 SKU + split handles)
ПРОВАНС,Provence,02-1,PV-02-1,Шкаф для одежды 2-дв.,141300.0,,,"{""provence_white"": 141300.0, ""provence_dark"": 148400.0}",MATCH_EXACT,high,PV-02-1,pv-02-1,Шкаф для одежды 2-дв,Exact PV SKU. Workbook has Provence white + dark finish prices on one row.
ПРОВАНС,Provence,03-1,PV-03-1,Шкаф для одежды 3-дв.,205700.0,,,"{""provence_white"": 205700.0, ""provence_dark"": 216000.0}",MATCH_EXACT,high,PV-03-1,pv-03-1,Шкаф для одежды 3-дв,Exact PV SKU. Workbook has Provence white + dark finish prices on one row.
ПРОВАНС,Provence,61-1,PV-61-1,Шкаф книжный,122100.0,,,"{""provence_white"": 122100.0, ""provence_dark"": 128200.0}",MATCH_EXACT,high,PV-61-1,pv-61-1,Шкаф книжный,Exact PV SKU. Workbook has Provence white + dark finish prices on one row.
ПРОВАНС,Provence,68-2,PV-68-2,Этажерка большая 6 полок,58600.0,,,"{""provence_white"": 58600.0, ""provence_dark"": 59500.0}",MATCH_EXACT,high,PV-68-2,pv-68-2,Этажерка большая 6 полок,Exact PV SKU. Workbook has Provence white + dark finish prices on one row.
ПРОВАНС,Provence,68-1,PV-68-1,Этажерка малая 3 полки,17700.0,,,"{""provence_white"": 17700.0, ""provence_dark"": 15400.0}",MATCH_EXACT,high,PV-68-1,pv-68-1,Этажерка малая 3 полки,Exact PV SKU. Workbook has Provence white + dark finish prices on one row.
ПРИНЦЕССА РОЗА,Princess Rose,PR-55-2,PR-55-2,Банкетка большая,30700.0,,,,CROSS_COLLECTION_DO_NOT_MAP,high,PV-55-2,pv-55-2,Банкетка большая,Same number as live Provence PV-55-2. Live folder is provence. Not Princess Rose. No cross-collection substitute.
ПРИНЦЕССА РОЗА,Princess Rose,PR-55-1,PR-55-1,Банкетка малая,21300.0,,,,CROSS_COLLECTION_DO_NOT_MAP,high,PV-55-1,pv-55-1,Банкетка малая,Same number as live Provence PV-55-1. Live folder is provence. Not Princess Rose. No cross-collection substitute.
ПРИНЦЕССА РОЗА,Princess Rose,PR-09-1,PR-09-1,Зеркало навесное,15600.0,,,,CROSS_COLLECTION_DO_NOT_MAP,high,PV-09-1,pv-09-1,Зеркало навесное,Same number as live Provence PV-09-1. Live folder is provence. Not Princess Rose. No cross-collection substitute.
ПРИНЦЕССА РОЗА,Princess Rose,PR-09-2,PR-09-2,Зеркало напольное,49400.0,,,,CROSS_COLLECTION_DO_NOT_MAP,high,PV-09-2,pv-09-2,Зеркало напольное,Same number as live Provence PV-09-2. Live folder is provence. Not Princess Rose. No cross-collection substitute.
ПРИНЦЕССА РОЗА,Princess Rose,PR-84-2,PR-84-2,Бортик к кровати большой,6300.0,,,,NO_CATALOG,high,,,,Princess Rose is not in the current 117 live demo SKU set
ПРИНЦЕССА РОЗА,Princess Rose,PR-84-1,PR-84-1,Бортик к кровати малый,4700.0,,,,NO_CATALOG,high,,,,Princess Rose is not in the current 117 live demo SKU set
ПРИНЦЕССА РОЗА,Princess Rose,PR-05-1,PR-05-1,Комод стандартный (ручки Swarovski),78800.0,,,,NO_CATALOG,high,,,,Princess Rose is not in the current 117 live demo SKU set
ПРИНЦЕССА РОЗА,Princess Rose,PR-95-1,PR-95-1,Кровать - трансформер (80*150) с рисунком,126500.0,,,,NO_CATALOG,high,,,,Princess Rose is not in the current 117 live demo SKU set
ПРИНЦЕССА РОЗА,Princess Rose,PR-95-2,PR-95-2,Кровать - трансформер (80*150) без рисунка,125900.0,,,,NO_CATALOG,high,,,,Princess Rose is not in the current 117 live demo SKU set
ПРИНЦЕССА РОЗА,Princess Rose,PR-95-3,PR-95-3,Кровать - трансформер (80*150) с тканью,128600.0,,,,NO_CATALOG,high,,,,Princess Rose is not in the current 117 live demo SKU set
ПРИНЦЕССА РОЗА,Princess Rose,PR-15-1,PR-15-1,"Кровать 1,5-сп. (120*190) с рисунком,без изн.",89300.0,,,,NO_CATALOG,high,,,,Princess Rose is not in the current 117 live demo SKU set
ПРИНЦЕССА РОЗА,Princess Rose,PR-14-1,PR-14-1,"Кровать 1-сп. (90*190) с рисунком, без изн.",66200.0,,,,CROSS_COLLECTION_DO_NOT_MAP,high,PV-14-1,pv-14-1,Кровать 1-сп. (90×190) без изножья,Same number as live Provence PV-14-1. Live folder is provence. Not Princess Rose. No cross-collection substitute.
ПРИНЦЕССА РОЗА,Princess Rose,PR-16-1,PR-16-1,"Кровать 1,5-сп.140*190 без изножья",88900.0,,,,NO_CATALOG,high,,,,Princess Rose is not in the current 117 live demo SKU set
ПРИНЦЕССА РОЗА,Princess Rose,PR-69-1,PR-69-1,Полка книжная,8700.0,,,,CROSS_COLLECTION_DO_NOT_MAP,high,PV-69-1,pv-69-1,Полка книжная,Same number as live Provence PV-69-1. Live folder is provence. Not Princess Rose. No cross-collection substitute.
ПРИНЦЕССА РОЗА,Princess Rose,PR-62-1,PR-62-1,Стеллаж для книг,94400.0,,,,CROSS_COLLECTION_DO_NOT_MAP,high,PV-62-1,pv-62-1,Стеллаж для книг,Same number as live Provence PV-62-1. Live folder is provence. Not Princess Rose. No cross-collection substitute.
ПРИНЦЕССА РОЗА,Princess Rose,PR-65-5,PR-65-5,Стол письменный 1-тумб. 0П (ручки СВАРОВСКИ),78500.0,,,,CROSS_COLLECTION_DO_NOT_MAP,high,PV-65-5,pv-65-5,Стол письменный 1-тумб. 0П,Same number as live Provence PV-65-5. Live folder is provence. Not Princess Rose. No cross-collection substitute.
ПРИНЦЕССА РОЗА,Princess Rose,PR-65-7,PR-65-7,Стол письменный 1-тумб. 0Я (ручки СВАРОВСКИ),95400.0,,,,CROSS_COLLECTION_DO_NOT_MAP,high,PV-65-7,pv-65-7,Стол письменный 1-тумб. 0Я,Same number as live Provence PV-65-7. Live folder is provence. Not Princess Rose. No cross-collection substitute.
ПРИНЦЕССА РОЗА,Princess Rose,PR-65-6,PR-65-6,Стол письменный 1-тумб. П0 (ручки СВАРОВСКИ),78500.0,,,,CROSS_COLLECTION_DO_NOT_MAP,high,PV-65-6,pv-65-6,Стол письменный 1-тумб. П0,Same number as live Provence PV-65-6. Live folder is provence. Not Princess Rose. No cross-collection substitute.
ПРИНЦЕССА РОЗА,Princess Rose,PR-65-8,PR-65-8,Стол письменный 1-тумб. Я0 (ручки СВАРОВСКИ),95400.0,,,,CROSS_COLLECTION_DO_NOT_MAP,high,PV-65-8,pv-65-8,Стол письменный 1-тумб. Я0,Same number as live Provence PV-65-8. Live folder is provence. Not Princess Rose. No cross-collection substitute.
ПРИНЦЕССА РОЗА,Princess Rose,PR-66-6,PR-66-6,Стол письменный 2-тумб. ПЯ (ручки СВАРОВСКИ),119300.0,,,,CROSS_COLLECTION_DO_NOT_MAP,high,PV-66-6,pv-66-6,"Стол письменный двухтумбовый Прованс (полки слева, ящики справа)",Same number as live Provence PV-66-6. Live folder is provence. Not Princess Rose. No cross-collection substitute.
ПРИНЦЕССА РОЗА,Princess Rose,PR-66-7,PR-66-7,Стол письменный 2-тумб. ЯП (ручки СВАРОВСКИ),119300.0,,,,CROSS_COLLECTION_DO_NOT_MAP,high,PV-66-7,pv-66-7,"Стол письменный двухтумбовый Прованс (ящики слева, полки справа)",Same number as live Provence PV-66-7. Live folder is provence. Not Princess Rose. No cross-collection substitute.
ПРИНЦЕССА РОЗА,Princess Rose,PR-83-1,PR-83-1,Столешница пеленальная съемная с рисунком,13800.0,,,,NO_CATALOG,high,,,,Princess Rose is not in the current 117 live demo SKU set
ПРИНЦЕССА РОЗА,Princess Rose,PR-81-1,PR-81-1,Столик  детский,27300.0,,,,NO_CATALOG,high,,,,Princess Rose is not in the current 117 live demo SKU set
ПРИНЦЕССА РОЗА,Princess Rose,PR-06-1,PR-06-1,Столик туалетный (ручки СВАРОВСКИ),52100.0,,,,NO_CATALOG,high,,,,Princess Rose is not in the current 117 live demo SKU set
ПРИНЦЕССА РОЗА,Princess Rose,PR-23-1,PR-23-1,Стул,29700.0,,,,CROSS_COLLECTION_DO_NOT_MAP,high,PV-23-1,pv-23-1,Стул,Same number as live Provence PV-23-1. Live folder is provence. Not Princess Rose. No cross-collection substitute.
ПРИНЦЕССА РОЗА,Princess Rose,PR-82-1,PR-82-1,Стульчик  детский с рисунком,15400.0,,,,NO_CATALOG,high,,,,Princess Rose is not in the current 117 live demo SKU set
ПРИНЦЕССА РОЗА,Princess Rose,PR-42-1,PR-42-1,Тумба для телевизора (ручки СВАРОВСКИ),55000.0,,,,NO_CATALOG,high,,,,Princess Rose is not in the current 117 live demo SKU set
ПРИНЦЕССА РОЗА,Princess Rose,PR-08-1,PR-08-1,Тумбочка прикроватная (ручки СВАРОВСКИ),26800.0,,,,NO_CATALOG,high,,,,Princess Rose is not in the current 117 live demo SKU set
ПРИНЦЕССА РОЗА,Princess Rose,PR-30-1,PR-30-1,Часы,7100.0,,,,NO_CATALOG,high,,,,Princess Rose is not in the current 117 live demo SKU set
ПРИНЦЕССА РОЗА,Princess Rose,PR-02-1,PR-02-1,Шкаф для одежды 2-дв. с рисунком,162500.0,,,,CROSS_COLLECTION_DO_NOT_MAP,high,PV-02-1,pv-02-1,Шкаф для одежды 2-дв,Same number as live Provence PV-02-1. Live folder is provence. Not Princess Rose. No cross-collection substitute.
ПРИНЦЕССА РОЗА,Princess Rose,PR-03-1,PR-03-1,Шкаф для одежды 3-дв. с рисунком,236600.0,,,,CROSS_COLLECTION_DO_NOT_MAP,high,PV-03-1,pv-03-1,Шкаф для одежды 3-дв,Same number as live Provence PV-03-1. Live folder is provence. Not Princess Rose. No cross-collection substitute.
ПРИНЦЕССА РОЗА,Princess Rose,PR-61-1,PR-61-1,Шкаф книжный с рисунком,140400.0,,,,CROSS_COLLECTION_DO_NOT_MAP,high,PV-61-1,pv-61-1,Шкаф книжный,Same number as live Provence PV-61-1. Live folder is provence. Not Princess Rose. No cross-collection substitute.
ПРИНЦЕССА РОЗА,Princess Rose,PR-68-1,PR-68-1,Этажерка малая 3 полки,16900.0,,,,CROSS_COLLECTION_DO_NOT_MAP,high,PV-68-1,pv-68-1,Этажерка малая 3 полки,Same number as live Provence PV-68-1. Live folder is provence. Not Princess Rose. No cross-collection substitute.
ПРИНЦЕССА РОЗА,Princess Rose,PR-68-2,PR-68-2,Этажерка большая 6 полок,65100.0,,,,CROSS_COLLECTION_DO_NOT_MAP,high,PV-68-2,pv-68-2,Этажерка большая 6 полок,Same number as live Provence PV-68-2. Live folder is provence. Not Princess Rose. No cross-collection substitute.
КАНТРИ-ЛОНДОН-ПАРИЖ,Country / London / Paris,CO-05-1,CO-05-1,Комод,39200.0,,,"{""country"": 39200.0, ""london"": 43100.0, ""paris"": 43100.0}",MATCH_EXACT,high,CO-05-1,co-05-1,Комод,"Exact CO SKU. London/Paris columns are finish overlays on this SKU, not extra catalog products. Live PDP has color_* media."
КАНТРИ-ЛОНДОН-ПАРИЖ,Country / London / Paris,CO-14-2,CO-14-2,Кровать 1 сп. (90*190) с подъем мех,50100.0,,,"{""country"": 50100.0, ""london"": 55200.0, ""paris"": 55200.0}",MATCH_EXACT,high,CO-14-2,co-14-2,Кровать 1-сп. (90×190) с подъёмным механизмом,"Exact CO SKU. London/Paris columns are finish overlays on this SKU, not extra catalog products. Live PDP has color_* media."
КАНТРИ-ЛОНДОН-ПАРИЖ,Country / London / Paris,CO-15-2,CO-15-2,"Кровать 1,5 сп. (120*190) с подъем мех",62000.0,,,"{""country"": 62000.0, ""london"": 68200.0, ""paris"": 68200.0}",MATCH_EXACT,high,CO-15-2,co-15-2,"Кровать 1,5-сп. (120×190) с подъёмным механизмом","Exact CO SKU. London/Paris columns are finish overlays on this SKU, not extra catalog products. Live PDP has color_* media."
КАНТРИ-ЛОНДОН-ПАРИЖ,Country / London / Paris,CO-16-2,CO-16-2,"Кровать 1,5 сп. (140*190) с подъем мех",70200.0,,,"{""country"": 70200.0, ""london"": 77200.0, ""paris"": 77200.0}",NO_CATALOG,high,,,,Not in current live demo merchandising (117 SKU + split handles)
КАНТРИ-ЛОНДОН-ПАРИЖ,Country / London / Paris,CO-17-2,CO-17-2,Кровать 2- сп. (160*200) с подъемн. мех.,78000.0,,,"{""country"": 78000.0, ""london"": 85800.0, ""paris"": 85800.0}",NO_CATALOG,high,,,,Not in current live demo merchandising (117 SKU + split handles)
КАНТРИ-ЛОНДОН-ПАРИЖ,Country / London / Paris,CO-18-2,CO-18-2,Кровать 2- сп. (180*200) с подъемн. мех.,85800.0,,,"{""country"": 85800.0, ""london"": 94400.0, ""paris"": 94400.0}",NO_CATALOG,high,,,,Not in current live demo merchandising (117 SKU + split handles)
КАНТРИ-ЛОНДОН-ПАРИЖ,Country / London / Paris,CO-69-3,CO-69-3,Надстройка для письменного стола,24100.0,,,"{""country"": 24100.0, ""london"": 24100.0, ""paris"": 24100.0}",NO_CATALOG,high,,,,Not in current live demo merchandising (117 SKU + split handles)
КАНТРИ-ЛОНДОН-ПАРИЖ,Country / London / Paris,CO-69-1,CO-69-1,Полка книжная малая,4300.0,,,"{""country"": 4300.0, ""london"": 4700.0, ""paris"": 7500.0}",MATCH_EXACT,high,CO-69-1,co-69-1,Полка книжная малая,"Exact CO SKU. London/Paris columns are finish overlays on this SKU, not extra catalog products. Live PDP has color_* media."
КАНТРИ-ЛОНДОН-ПАРИЖ,Country / London / Paris,CO-69-2,CO-69-2,Полка книжная большая,6800.0,,,"{""country"": 6800.0, ""london"": 7500.0, ""paris"": 7500.0}",NO_CATALOG,high,,,,Not in current live demo merchandising (117 SKU + split handles)
КАНТРИ-ЛОНДОН-ПАРИЖ,Country / London / Paris,CO-69-4,CO-69-4,Полка книжная большая с башенками,0.0,,,"{""country"": 0.0, ""london"": 9500.0, ""paris"": 7500.0}",NO_CATALOG,high,,,,Not in current live demo merchandising (117 SKU + split handles)
КАНТРИ-ЛОНДОН-ПАРИЖ,Country / London / Paris,CO-69-5,CO-69-5,Полка книжная,0.0,,,"{""country"": 0.0, ""london"": 0.0, ""paris"": 7500.0}",NO_CATALOG,high,,,,Not in current live demo merchandising (117 SKU + split handles)
КАНТРИ-ЛОНДОН-ПАРИЖ,Country / London / Paris,CO-62-1,CO-62-1,Стеллаж широкий,64300.0,,,"{""country"": 64300.0, ""london"": 70700.0, ""paris"": 70700.0}",MATCH_EXACT,high,CO-62-1,co-62-1,Стеллаж широкий,"Exact CO SKU. London/Paris columns are finish overlays on this SKU, not extra catalog products. Live PDP has color_* media."
КАНТРИ-ЛОНДОН-ПАРИЖ,Country / London / Paris,CO-62-2,CO-62-2,Стеллаж узкий с дверью,28300.0,,,"{""country"": 28300.0, ""london"": 31200.0, ""paris"": 31200.0}",MATCH_EXACT,high,CO-62-2,co-62-2,Стеллаж узкий с дверью,"Exact CO SKU. London/Paris columns are finish overlays on this SKU, not extra catalog products. Live PDP has color_* media."
КАНТРИ-ЛОНДОН-ПАРИЖ,Country / London / Paris,CO-62-3,CO-62-3,Стеллаж узкий с ящиком,32100.0,,,"{""country"": 32100.0, ""london"": 35300.0, ""paris"": 35300.0}",MATCH_EXACT,high,CO-62-3,co-62-3,Стеллаж узкий с ящиком,"Exact CO SKU. London/Paris columns are finish overlays on this SKU, not extra catalog products. Live PDP has color_* media."
КАНТРИ-ЛОНДОН-ПАРИЖ,Country / London / Paris,CO-65-1,CO-65-1,Стол письменный 1-тумб. 0П,37500.0,,,"{""country"": 37500.0, ""london"": 41300.0, ""paris"": 41300.0}",MATCH_EXACT,high,CO-65-1,co-65-1,Стол письменный 1-тумб. 0П,"Exact CO SKU. London/Paris columns are finish overlays on this SKU, not extra catalog products. Live PDP has color_* media."
КАНТРИ-ЛОНДОН-ПАРИЖ,Country / London / Paris,CO-65-2,CO-65-2,Стол письменный 1-тумб. П0,37500.0,,,"{""country"": 37500.0, ""london"": 41300.0, ""paris"": 41300.0}",MATCH_EXACT,high,CO-65-2,co-65-2,Стол письменный 1-тумб. П0,"Exact CO SKU. London/Paris columns are finish overlays on this SKU, not extra catalog products. Live PDP has color_* media."
КАНТРИ-ЛОНДОН-ПАРИЖ,Country / London / Paris,СО-65-3,СО-65-3,Стол письменный 1-тумб. ОЯ,45500.0,,,"{""country"": 45500.0, ""london"": 50100.0, ""paris"": 50100.0}",NO_CATALOG,high,,,,Not in current live demo merchandising (117 SKU + split handles)
КАНТРИ-ЛОНДОН-ПАРИЖ,Country / London / Paris,СО-65-4,СО-65-4,Стол письменный 1-тумб. ЯО,45500.0,,,"{""country"": 45500.0, ""london"": 50100.0, ""paris"": 50100.0}",NO_CATALOG,high,,,,Not in current live demo merchandising (117 SKU + split handles)
КАНТРИ-ЛОНДОН-ПАРИЖ,Country / London / Paris,CO-66-1,CO-66-1,Стол письменный 2-тумб. ЯЯ,52600.0,,,"{""country"": 52600.0, ""london"": 57800.0, ""paris"": 57800.0}",MATCH_EXACT,high,CO-66-1,co-66-1,Стол письменный двухтумбовый Кантри (ящики с обеих сторон),"Exact CO SKU. London/Paris columns are finish overlays on this SKU, not extra catalog products. Live PDP has color_* media."
КАНТРИ-ЛОНДОН-ПАРИЖ,Country / London / Paris,CO-66-2,CO-66-2,Стол письменный 2-тумб. ПЯ,46300.0,,,"{""country"": 46300.0, ""london"": 51100.0, ""paris"": 51100.0}",NO_CATALOG,high,,,,Not in current live demo merchandising (117 SKU + split handles)
КАНТРИ-ЛОНДОН-ПАРИЖ,Country / London / Paris,CO-66-3,CO-66-3,Стол письменный 2-тумб.ЯП,46300.0,,,"{""country"": 46300.0, ""london"": 51100.0, ""paris"": 51100.0}",NO_CATALOG,high,,,,Not in current live demo merchandising (117 SKU + split handles)
КАНТРИ-ЛОНДОН-ПАРИЖ,Country / London / Paris,CO-83-1,CO-83-1,Столешница пеленальная,13100.0,,,"{""country"": 13100.0, ""london"": 14500.0, ""paris"": 14500.0}",NO_CATALOG,high,,,,Not in current live demo merchandising (117 SKU + split handles)
КАНТРИ-ЛОНДОН-ПАРИЖ,Country / London / Paris,CO-d5,CO-D5,Полка в  столы,3400.0,,,"{""country"": 3400.0, ""london"": 3400.0, ""paris"": 3400.0}",NO_CATALOG,high,,,,Not in current live demo merchandising (117 SKU + split handles)
КАНТРИ-ЛОНДОН-ПАРИЖ,Country / London / Paris,CO-23-1,CO-23-1,Стул,24800.0,,,"{""country"": 24800.0, ""london"": 27400.0, ""paris"": 27400.0}",NO_CATALOG,high,,,,Not in current live demo merchandising (117 SKU + split handles)
КАНТРИ-ЛОНДОН-ПАРИЖ,Country / London / Paris,CO-08-1,CO-08-1,Тумбочка прикроватная,16900.0,,,"{""country"": 16900.0, ""london"": 18600.0, ""paris"": 18600.0}",MATCH_EXACT,high,CO-08-1,co-08-1,Тумбочка прикроватная,"Exact CO SKU. London/Paris columns are finish overlays on this SKU, not extra catalog products. Live PDP has color_* media."
КАНТРИ-ЛОНДОН-ПАРИЖ,Country / London / Paris,CO-02-1,CO-02-1,Шкаф для одежды 2-дв.,84600.0,,,"{""country"": 84600.0, ""london"": 93200.0, ""paris"": 93200.0}",MATCH_EXACT,high,CO-02-1,co-02-1,Шкаф для одежды 2-дв,"Exact CO SKU. London/Paris columns are finish overlays on this SKU, not extra catalog products. Live PDP has color_* media."
КАНТРИ-ЛОНДОН-ПАРИЖ,Country / London / Paris,CO-03-1,CO-03-1,Шкаф для одежды 3-дв.,154400.0,,,"{""country"": 154400.0, ""london"": 169900.0, ""paris"": 169900.0}",NO_CATALOG,high,,,,Not in current live demo merchandising (117 SKU + split handles)
КАНТРИ-ЛОНДОН-ПАРИЖ,Country / London / Paris,CO-d4,CO-D4,Полка в шкаф,8700.0,,,"{""country"": 8700.0, ""london"": 8700.0, ""paris"": 8700.0}",NO_CATALOG,high,,,,Not in current live demo merchandising (117 SKU + split handles)
КАНТРИ-ЛОНДОН-ПАРИЖ,Country / London / Paris,CO-61-1,CO-61-1,Шкаф книжный со стеклом,82000.0,,,"{""country"": 82000.0, ""london"": 90200.0, ""paris"": 90200.0}",MATCH_EXACT,high,CO-61-1,co-61-1,Шкаф книжный со стеклом,"Exact CO SKU. London/Paris columns are finish overlays on this SKU, not extra catalog products. Live PDP has color_* media."
КАНТРИ-ЛОНДОН-ПАРИЖ,Country / London / Paris,CO-30-1,CO-30-1,Часы,5400.0,,,"{""country"": 5400.0, ""london"": 6000.0, ""paris"": 6000.0}",NO_CATALOG,high,,,,Not in current live demo merchandising (117 SKU + split handles)
Детали,Parts,CO-d-4,CO-D-4,полка для шкафа 2х-дверного,8700.0,,,,NO_CATALOG,high,,,,Not in current live demo merchandising (117 SKU + split handles)
Детали,Parts,CO-d-5,CO-D-5,полка в 1-тумб.стол ПО (ОП),3400.0,,,,NO_CATALOG,high,,,,Not in current live demo merchandising (117 SKU + split handles)
Детали,Parts,LO-d-4,LO-D-4,полка для шкафа 2х-дверного,8700.0,,,,NO_CATALOG,high,,,,Not in current live demo merchandising (117 SKU + split handles)
Детали,Parts,LO-d-5,LO-D-5,полка в 1-тумб.стол ПО (ОП),3400.0,,,,NO_CATALOG,high,,,,Not in current live demo merchandising (117 SKU + split handles)
Детали,Parts,MN-d1,MN-D1,замок для высокой дверки,3600.0,,,,NO_CATALOG,high,,,,Not in current live demo merchandising (117 SKU + split handles)
Детали,Parts,MN-d2,MN-D2,несъемная полка со штангой большая,10900.0,,,,NO_CATALOG,high,,,,Not in current live demo merchandising (117 SKU + split handles)
Детали,Parts,MN-d3,MN-D3,несъемная полка со штангой малая,5400.0,,,,NO_CATALOG,high,,,,Not in current live demo merchandising (117 SKU + split handles)
Детали,Parts,MN-d4,MN-D4,съемная полка большая,9500.0,,,,NO_CATALOG,high,,,,Not in current live demo merchandising (117 SKU + split handles)
Детали,Parts,MN-d5,MN-D5,съемная полка малая,4700.0,,,,NO_CATALOG,high,,,,Not in current live demo merchandising (117 SKU + split handles)
Детали,Parts,MN-h1,MN-H1,ручка-рейлинг большая,1200.0,,,,NO_CATALOG,high,,,,Not in current live demo merchandising (117 SKU + split handles)
Детали,Parts,MN-h2,MN-H2,ручка-рейлинг малая,1200.0,,,,NO_CATALOG,high,,,,Not in current live demo merchandising (117 SKU + split handles)
Детали,Parts,MN-h3,MN-H3,ручка-кнопка,400.0,,,,NO_CATALOG,high,,,,Not in current live demo merchandising (117 SKU + split handles)
Детали,Parts,OL-d1,OL-D1,штанга для шкафа 2-дв. (металл),500.0,,,,NO_CATALOG,high,,,,Not in current live demo merchandising (117 SKU + split handles)
Детали,Parts,OL-d2,OL-D2,штанга для шкафа 1-дв. (металл),300.0,,,,NO_CATALOG,high,,,,Not in current live demo merchandising (117 SKU + split handles)
Детали,Parts,OL-d3,OL-D3,штанга для шкафа 3-дв. (металл),300.0,,,,NO_CATALOG,high,,,,Not in current live demo merchandising (117 SKU + split handles)
Детали,Parts,OL-d4,OL-D4,полка для шкафа 2-дв.,7600.0,,,,NO_CATALOG,high,,,,Not in current live demo merchandising (117 SKU + split handles)
Детали,Parts,OL-d5,OL-D5,полка для шкафа 1-дв.,5900.0,,,,NO_CATALOG,high,,,,Not in current live demo merchandising (117 SKU + split handles)
Детали,Parts,OL-d6,OL-D6,полка для шкафа 3-дв.,4300.0,,,,NO_CATALOG,high,,,,Not in current live demo merchandising (117 SKU + split handles)
Детали,Parts,OL-h2,OL-H2,ручка-кольцо (бронза),1800.0,,,,NO_CATALOG,high,,,,Not in current live demo merchandising (117 SKU + split handles)
Детали,Parts,OL-h3,OL-H3,ручка-кнопка (бронза),1400.0,,,,NO_CATALOG,high,,,,Not in current live demo merchandising (117 SKU + split handles)
Детали,Parts,OL-M-1,OL-M-1,Медальон на кровать стандарт - F-398 - клевер.,3500.0,,,,NO_CATALOG,high,,,,Not in current live demo merchandising (117 SKU + split handles)
Детали,Parts,OX-d1,OX-D1,Магнитная защелка на дверцу,400.0,,,,NO_CATALOG,high,,,,Not in current live demo merchandising (117 SKU + split handles)
Детали,Parts,R-1-1,R-1-1,"Рамка дверная для шкафа Oliver, CO, итд.",8900.0,,,,NO_CATALOG,high,,,,Not in current live demo merchandising (117 SKU + split handles)
Детали,Parts,F-1-1,F-1-1,Филенка дверная для шкафа без росписи,9800.0,,,,NO_CATALOG,high,,,,Not in current live demo merchandising (117 SKU + split handles)
Детали,Parts,D-1-1,D-1-1,Дверь для шкафа в сборе без росписи,18700.0,,,,NO_CATALOG,high,,,,Not in current live demo merchandising (117 SKU + split handles)
Детали,Parts,PA-h1,PA-H1,ручка дверная левая,6600.0,,,,NO_CATALOG,high,,,,Not in current live demo merchandising (117 SKU + split handles)
Детали,Parts,PA-h2,PA-H2,ручка дверная правая,6600.0,,,,NO_CATALOG,high,,,,Not in current live demo merchandising (117 SKU + split handles)
Детали,Parts,PA-h3,PA-H3,ручка-скоба,3100.0,,,,NO_CATALOG,high,,,,Not in current live demo merchandising (117 SKU + split handles)
Детали,Parts,PA-h4,PA-H4,ручка-кнопка,2600.0,,,,NO_CATALOG,high,,,,Not in current live demo merchandising (117 SKU + split handles)
Детали,Parts,PR-h1,PR-H1,ручка с кристаллом большая,,,,,NO_CATALOG,high,,,,Not in current live demo merchandising (117 SKU + split handles)
Детали,Parts,PR-h2,PR-H2,ручка с кристаллом средняя,,,,,NO_CATALOG,high,,,,Not in current live demo merchandising (117 SKU + split handles)
Детали,Parts,PR-h3,PR-H3,ручка с кристаллом малая,,,,,NO_CATALOG,high,,,,Not in current live demo merchandising (117 SKU + split handles)
Детали,Parts,WW-d12,WW-D12,штанга для шкафа 3-дв. (металл),400.0,,,,NO_CATALOG,high,,,,Not in current live demo merchandising (117 SKU + split handles)
Детали,Parts,WW-d13,WW-D13,штанга для шкафа 2-дв. (металл),300.0,,,,NO_CATALOG,high,,,,Not in current live demo merchandising (117 SKU + split handles)
Детали,Parts,WW-d14,WW-D14,штанга для шкафа комб. (металл),300.0,,,,NO_CATALOG,high,,,,Not in current live demo merchandising (117 SKU + split handles)
Детали,Parts,WW-d1,WW-D1,штанга для шкафа 3-дв.(дерево),1600.0,,,,NO_CATALOG,high,,,,Not in current live demo merchandising (117 SKU + split handles)
Детали,Parts,WW-d2,WW-D2,штанга для шкафа 2-дв. (дерево),800.0,,,,NO_CATALOG,high,,,,Not in current live demo merchandising (117 SKU + split handles)
Детали,Parts,WW-d3,WW-D3,штанга для шкафа комбинир.(дерево),800.0,,,,NO_CATALOG,high,,,,Not in current live demo merchandising (117 SKU + split handles)
Детали,Parts,WW-d4,WW-D4,полка для шкафа 3-дв. (560),6900.0,,,,NO_CATALOG,high,,,,Not in current live demo merchandising (117 SKU + split handles)
Детали,Parts,WW-d5,WW-D5,полка для шкафа 3-дв. (440),5200.0,,,,NO_CATALOG,high,,,,Not in current live demo merchandising (117 SKU + split handles)
Детали,Parts,WW-d6,WW-D6,полка для шкафа 2-дв. (560),3300.0,,,,NO_CATALOG,high,,,,Not in current live demo merchandising (117 SKU + split handles)
Детали,Parts,WW-d7,WW-D7,полка для шкафа 2-дв.  (440),2500.0,,,,NO_CATALOG,high,,,,Not in current live demo merchandising (117 SKU + split handles)
Детали,Parts,WW-d8,WW-D8,полка большая для шкафа комб. (560),6100.0,,,,NO_CATALOG,high,,,,Not in current live demo merchandising (117 SKU + split handles)
Детали,Parts,WW-d9,WW-D9,полка большая для шкафа комб. (440),4600.0,,,,NO_CATALOG,high,,,,Not in current live demo merchandising (117 SKU + split handles)
Детали,Parts,WW-d10,WW-D10,полка малая для шкафа комб. (560),3300.0,,,,NO_CATALOG,high,,,,Not in current live demo merchandising (117 SKU + split handles)
Детали,Parts,WW-d11,WW-D11,полка малая для шкафа комб.  (440),2500.0,,,,NO_CATALOG,high,,,,Not in current live demo merchandising (117 SKU + split handles)
Детали,Parts,WW-h1,WW-H1,ручка-кнопка большая (дерево),500.0,,,,NO_CATALOG,high,,,,Not in current live demo merchandising (117 SKU + split handles)
Детали,Parts,WW-h2,WW-H2,ручка-кнопка малая (дерево),500.0,,,,NO_CATALOG,high,,,,Not in current live demo merchandising (117 SKU + split handles)
Детали,Parts,WW-h3,WW-H3,Ручка скоба нпа подложке 96 мм,1000.0,,,,NO_CATALOG,high,,,,Not in current live demo merchandising (117 SKU + split handles)
Детали,Parts,WW-h4,WW-H4,Ручка кнопка старая бронза,500.0,,,,NO_CATALOG,high,,,,Not in current live demo merchandising (117 SKU + split handles)
Детали,Parts,WW-h5,WW-H5,ручка-скоба,,,,,NO_CATALOG,high,,,,Not in current live demo merchandising (117 SKU + split handles)
Детали,Parts,WW-h6,WW-H6,ручка-кнопка,,,,,NO_CATALOG,high,,,,Not in current live demo merchandising (117 SKU + split handles)
Детали,Parts,WW-h7,WW-H7,ручка-скоба,,,,,NO_CATALOG,high,,,,Not in current live demo merchandising (117 SKU + split handles)
Детали,Parts,WW-h8,WW-H8,ручка-скоба,,,,,NO_CATALOG,high,,,,Not in current live demo merchandising (117 SKU + split handles)
Детали,Parts,WW-h9,WW-H9,ручка-кольцо малая,,,,,NO_CATALOG,high,,,,Not in current live demo merchandising (117 SKU + split handles)
Детали,Parts,WW-h10,WW-H10,ручка-кольцо большая,,,,,NO_CATALOG,high,,,,Not in current live demo merchandising (117 SKU + split handles)
Детали,Parts,WW-h11,WW-H11,ручка-скоба,,,,,NO_CATALOG,high,,,,Not in current live demo merchandising (117 SKU + split handles)
Детали,Parts,WW-h12,WW-H12,ручка-кнопка,,,,,NO_CATALOG,high,,,,Not in current live demo merchandising (117 SKU + split handles)
Детали,Parts,WW-h13,WW-H13,ручка-скоба,,,,,NO_CATALOG,high,,,,Not in current live demo merchandising (117 SKU + split handles)
Детали,Parts,WW-h14,WW-H14,ручка-кнопка,,,,,NO_CATALOG,high,,,,Not in current live demo merchandising (117 SKU + split handles)
Детали,Parts,WW-h15,WW-H15,ручка-капля,,,,,NO_CATALOG,high,,,,Not in current live demo merchandising (117 SKU + split handles)
Детали,Parts,WW-h16,WW-H16,ручка-скоба,,,,,NO_CATALOG,high,,,,Not in current live demo merchandising (117 SKU + split handles)
Детали,Parts,WW-h17,WW-H17,ручка-скоба большая,,,,,NO_CATALOG,high,,,,Not in current live demo merchandising (117 SKU + split handles)
Детали,Parts,WW-h18,WW-H18,ручка-скоба малая,,,,,NO_CATALOG,high,,,,Not in current live demo merchandising (117 SKU + split handles)
Детали,Parts,WW-h19,WW-H19,ручка-кнопка,,,,,NO_CATALOG,high,,,,Not in current live demo merchandising (117 SKU + split handles)
Детали,Parts,WW-h20,WW-H20,ручка-скоба,,,,,NO_CATALOG,high,,,,Not in current live demo merchandising (117 SKU + split handles)
Аксессуары,Accessories,A-51-3,A-51-3,Валик декоративный,5600.0,,,,NO_CATALOG,high,,,,Not in current live demo merchandising (117 SKU + split handles)
Аксессуары,Accessories,A-50-1,A-50-1,Подушка декоративная,2100.0,,,,NO_CATALOG,high,,,,Not in current live demo merchandising (117 SKU + split handles)
Аксессуары,Accessories,A-50-2,A-50-2,Подушка декоративная,2600.0,,,,NO_CATALOG,high,,,,Not in current live demo merchandising (117 SKU + split handles)
Аксессуары,Accessories,A-07-1,A-07-1,Сундук пиратский,20800.0,,,,NO_CATALOG,high,,,,Not in current live demo merchandising (117 SKU + split handles)
Аксессуары,Accessories,A-31-1,A-31-1,Шкатулка большая,15900.0,,,,NO_CATALOG,high,,,,Not in current live demo merchandising (117 SKU + split handles)
Аксессуары,Accessories,A-31-3,A-31-3,Шкатулка малая,5500.0,,,,NO_CATALOG,high,,,,Not in current live demo merchandising (117 SKU + split handles)
Аксессуары,Accessories,A-31-4,A-31-4,Шкатулка малая фигурная,5500.0,,,,NO_CATALOG,high,,,,Not in current live demo merchandising (117 SKU + split handles)
Аксессуары,Accessories,A-31-2,A-31-2,Шкатулка средняя,8400.0,,,,NO_CATALOG,high,,,,Not in current live demo merchandising (117 SKU + split handles)
