sheet,collection,excel_row,sku_raw,sku_normalized,demo_alias_sku,title,dimensions,currency,retail_solid,retail_black_gloss_bi,retail_ldsp,finish_prices,on_live_demo,demo_sku_match,note
ОЛИВЕР - ЧЕРНЫЙ,Oliver,8,55-2,OL-55-2,,Банкетка большая,В.415 х Ш.970 х Гл.350,RUB,19900.0,22885.0,,,1,OL-55-2,НЕТ
ОЛИВЕР - ЧЕРНЫЙ,Oliver,9,55-1,OL-55-1,,Банкетка малая,В.440 х Ш.420 х Гл.350,RUB,14500.0,16675.0,,,1,OL-55-1,НЕТ
ОЛИВЕР - ЧЕРНЫЙ,Oliver,10,84-2,OL-84-2,,Бортик к кровати большой,В.300 х Ш.1000 х Гл. 40,RUB,7500.0,8625.0,,,0,,НЕТ
ОЛИВЕР - ЧЕРНЫЙ,Oliver,11,84-1,OL-84-1,,Бортик к кровати малый,В.300 х Ш.700 х Гл. 40,RUB,5500.0,6325.0,,,0,,НЕТ
ОЛИВЕР - ЧЕРНЫЙ,Oliver,12,57-2,OL-57-2,,Диван большой,В.932 х Ш.2010 х Гл.914,RUB,145000.0,166750.0,,,1,OL-57-2,НЕТ
ОЛИВЕР - ЧЕРНЫЙ,Oliver,13,57-1,OL-57-1,,Диван малый,В.932 х Ш.1630 х Гл.914,RUB,118000.0,135700.0,,,1,OL-57-1,НЕТ
ОЛИВЕР - ЧЕРНЫЙ,Oliver,14,57-3,OL-57-3,,Диван-кровать малый (140*190),В. 932х Ш.1630х Гл.753,RUB,125000.0,143750.0,,,1,OL-57-3,НЕТ
ОЛИВЕР - ЧЕРНЫЙ,Oliver,15,08-1,OL-08-1,,Зеркало навесное овальное,В.1000 х Ш.650 х Гл.30,RUB,19950.0,22942.5,17600.0,,1,OL-08-1,ЦЕНА ПО ЗАПРОСУ НЕТ РАЗРАБОТОК и ЧЕРТЕЖЕЙ В ЛДСП
ОЛИВЕР - ЧЕРНЫЙ,Oliver,16,09-2,OL-09-2,,Зеркало напольное,В.1586 х Ш.664 х Гл.484,RUB,38900.0,44735.0,36400.0,,1,OL-09-2,ЦЕНА ПО ЗАПРОСУ НЕТ РАЗРАБОТОК и ЧЕРТЕЖЕЙ В ЛДСП
ОЛИВЕР - ЧЕРНЫЙ,Oliver,17,86-1,OL-86-1,,Каркас для балдахина,В.190 х Ш.400 х Гл.250,RUB,5500.0,6325.0,,,0,,НЕТ
ОЛИВЕР - ЧЕРНЫЙ,Oliver,19,05-3,OL-05-3,,Комод высокий,В.1318 х Ш.760 х Гл.555,RUB,119500.0,137425.0,103700.0,,1,OL-05-3,ЦЕНА ПО ЗАПРОСУ НЕТ РАЗРАБОТОК и ЧЕРТЕЖЕЙ В ЛДСП
ОЛИВЕР - ЧЕРНЫЙ,Oliver,20,05-1,OL-05-1,,Комод стандартный,В.812 х Ш.900 х Гл.555,RUB,89900.0,103385.0,71400.0,,1,OL-05-1,ЦЕНА ПО ЗАПРОСУ НЕТ РАЗРАБОТОК и ЧЕРТЕЖЕЙ В ЛДСП
ОЛИВЕР - ЧЕРНЫЙ,Oliver,21,25-1,OL-25-1,,Комод столовый,В.940 х Ш.1686 х Гл.550,RUB,142900.0,164335.0,117000.0,,1,OL-25-1,ЦЕНА ПО ЗАПРОСУ НЕТ РАЗРАБОТОК и ЧЕРТЕЖЕЙ В ЛДСП
ОЛИВЕР - ЧЕРНЫЙ,Oliver,22,05-2,OL-05-2,,Комод широкий,В.812 х Ш.1300 х Гл.555,RUB,123500.0,142025.0,103700.0,,1,OL-05-2,ЦЕНА ПО ЗАПРОСУ НЕТ РАЗРАБОТОК и ЧЕРТЕЖЕЙ В ЛДСП
ОЛИВЕР - ЧЕРНЫЙ,Oliver,23,44-1,OL-44-1,,Консоль,В.800 х Ш.1000 х Гл.350,RUB,45900.0,52785.0,42800.0,,1,OL-44-1,ЦЕНА ПО ЗАПРОСУ НЕТ РАЗРАБОТОК и ЧЕРТЕЖЕЙ В ЛДСП
ОЛИВЕР - ЧЕРНЫЙ,Oliver,24,44-2,OL-44-2,,Консоль с полками,В.940 х Ш.1260 х Гл.355,RUB,70950.0,81592.5,66900.0,,1,OL-44-2,ЦЕНА ПО ЗАПРОСУ НЕТ РАЗРАБОТОК и ЧЕРТЕЖЕЙ В ЛДСП
ОЛИВЕР - ЧЕРНЫЙ,Oliver,25,56-1,OL-56-1,,Кресло,В.850 х Ш.810 х Гл.710,RUB,58900.0,67735.0,,,1,OL-56-1,НЕТ
ОЛИВЕР - ЧЕРНЫЙ,Oliver,26,85-1,OL-85-1,,Кроватка для новорожденного (60*120),В.1288 х Ш.740 х Дл.1310,RUB,72700.0,83605.0,,,1,OL-85-1,НЕТ
ОЛИВЕР - ЧЕРНЫЙ,Oliver,27,85-2,OL-85-2,,Кроватка приставная + матрас,В.900 х Ш.576 х Дл.965,RUB,33900.0,38985.0,,,1,OL-85-2,НЕТ
ОЛИВЕР - ЧЕРНЫЙ,Oliver,28,95-1,OL-95-1,,Кровать - трансформер (80*150) с рисунком,В.1179 х Ш.906 х Дл.1806,RUB,118000.0,135700.0,,,1,OL-95-1,НЕТ
ОЛИВЕР - ЧЕРНЫЙ,Oliver,29,95-3,OL-95-3,,Кровать - трансформер (80*150) с тканью,В.1179 х Ш.906 х Дл.1806,RUB,118700.0,136505.0,,,0,,НЕТ
ОЛИВЕР - ЧЕРНЫЙ,Oliver,30,14-1,OL-14-1,,Кровать 1-сп. (90*190),В.1150 х Ш.990 х Дл.2030,RUB,72900.0,83835.0,,,1,OL-14-1,НЕТ
ОЛИВЕР - ЧЕРНЫЙ,Oliver,31,14-2,OL-14-2,,Кровать 1-сп. (90*190) без изножья,В.1150 х Ш.990 х Дл.2030,RUB,69900.0,80385.0,,,1,OL-14-2,НЕТ
ОЛИВЕР - ЧЕРНЫЙ,Oliver,32,14-3,OL-14-3,,Кровать  1-сп. (90*190) с под механиз SINGLE,В.1150 х Ш.990 х Дл.2030,RUB,89900.0,103385.0,,,0,,НЕТ
ОЛИВЕР - ЧЕРНЫЙ,Oliver,33,15-1,OL-15-1,,"Кровать 1,5-сп. (120*190)",В.1150 х Ш.1290 х Дл.2030,RUB,98900.0,113735.0,,,1,OL-15-1,НЕТ
ОЛИВЕР - ЧЕРНЫЙ,Oliver,34,15-2,OL-15-2,,"Кровать 1,5-сп. (120*190) без изножья",В.1150 х Ш.1290 х Дл.2030,RUB,93600.0,107640.0,,,1,OL-15-2,НЕТ
ОЛИВЕР - ЧЕРНЫЙ,Oliver,35,15-3,OL-15-3,,"Кровать 1,5-сп. (120*190) с подъемн.мех-змом",В.1150 х Ш.1290 х Дл.2030,RUB,126900.0,145935.0,,,0,,НЕТ
ОЛИВЕР - ЧЕРНЫЙ,Oliver,36,16-1,OL-16-1,,"Кровать 1,5-сп. (140*190)",В.1150 х Ш.1490 х Дл.2030,RUB,113400.0,130410.0,,,1,OL-16-1,НЕТ
ОЛИВЕР - ЧЕРНЫЙ,Oliver,37,16-2,OL-16-2,,"Кровать 1,5-сп. (140*190) без изножья",В.1150 х Ш.1490 х Дл.2030,RUB,109200.0,125580.0,,,1,OL-16-2,НЕТ
ОЛИВЕР - ЧЕРНЫЙ,Oliver,38,16-3,OL-16-3,,"Кровать 1,5-сп. (140*190) с подъемн.мех",В.1150 х Ш.1490 х Дл.2030,RUB,140000.0,161000.0,,,0,,НЕТ
ОЛИВЕР - ЧЕРНЫЙ,Oliver,39,17-1,OL-17-1,,Кровать 2-сп. (160*200),В.1180 х Ш.1690 х Дл.2130,RUB,134900.0,155135.0,,,1,OL-17-1,НЕТ
ОЛИВЕР - ЧЕРНЫЙ,Oliver,40,17-2,OL-17-2,,Кровать 2-сп. (160*200) без изножья,В.1180 х Ш.1690 х Дл.2130,RUB,124800.0,143520.0,,,1,OL-17-2,НЕТ
ОЛИВЕР - ЧЕРНЫЙ,Oliver,41,17-3,OL-17-3,,Кровать 2-сп. (160*200) с подъемн.мех-змом,В.1180 х Ш.1690 х Дл.2130,RUB,160000.0,184000.0,,,1,OL-17-3,НЕТ
ОЛИВЕР - ЧЕРНЫЙ,Oliver,42,18-1,OL-18-1,,Кровать 2-сп. (180*200),В.1180 х Ш.1890 х Дл.2130,RUB,149900.0,172385.0,,,1,OL-18-1,НЕТ
ОЛИВЕР - ЧЕРНЫЙ,Oliver,43,18-2,OL-18-2,,Кровать 2-сп. (180*200) без изножья,В.1180 х Ш.1890 х Дл.2130,RUB,140400.0,161460.0,,,1,OL-18-2,НЕТ
ОЛИВЕР - ЧЕРНЫЙ,Oliver,44,69-1,OL-69-1,,Полка книжная 1-ярусная,В.473 х Ш.920 х Гл.207,RUB,14900.0,17135.0,12400.0,,1,OL-69-1,ЦЕНА ПО ЗАПРОСУ НЕТ РАЗРАБОТОК и ЧЕРТЕЖЕЙ В ЛДСП
ОЛИВЕР - ЧЕРНЫЙ,Oliver,45,69-2,OL-69-2,,Полка книжная 2-ярусная,В.551 х Ш.920 х Гл.175,RUB,18000.0,20700.0,15500.0,,1,OL-69-2,ЦЕНА ПО ЗАПРОСУ НЕТ РАЗРАБОТОК и ЧЕРТЕЖЕЙ В ЛДСП
ОЛИВЕР - ЧЕРНЫЙ,Oliver,46,69-3,OL-69-3,,Полка книжная 3-ярусная,В.789 х Ш.920 х Гл.175,RUB,22900.0,26335.0,19400.0,,1,OL-69-3,ЦЕНА ПО ЗАПРОСУ НЕТ РАЗРАБОТОК и ЧЕРТЕЖЕЙ В ЛДСП
ОЛИВЕР - ЧЕРНЫЙ,Oliver,47,69-4,OL-69-4,,Полка книжная угловая,В.1063 х Ш.310 х Гл.310,RUB,13900.0,15985.0,11700.0,,1,OL-69-4,ЦЕНА ПО ЗАПРОСУ НЕТ РАЗРАБОТОК и ЧЕРТЕЖЕЙ В ЛДСП
ОЛИВЕР - ЧЕРНЫЙ,Oliver,48,62-1,OL-62-1,,Стеллаж для книг,В.2110 х Ш.1030 х Гл.430,RUB,103900.0,119485.0,96800.0,,1,OL-62-1,ЦЕНА ПО ЗАПРОСУ НЕТ РАЗРАБОТОК и ЧЕРТЕЖЕЙ В ЛДСП
ОЛИВЕР - ЧЕРНЫЙ,Oliver,49,62-2,OL-62-2,,Стеллаж широкий,В.1461 х Ш.1230 х Гл.434,RUB,72900.0,83835.0,59300.0,,1,OL-62-2,ЦЕНА ПО ЗАПРОСУ НЕТ РАЗРАБОТОК и ЧЕРТЕЖЕЙ В ЛДСП
ОЛИВЕР - ЧЕРНЫЙ,Oliver,50,21-1,OL-21-1,,Стол обеденный раздвижной,В.780 х Ш.1940/2440 х Гл.1000,RUB,212000.0,243800.0,195000.0,,1,OL-21-1,ЦЕНА ПО ЗАПРОСУ НЕТ РАЗРАБОТОК и ЧЕРТЕЖЕЙ В ЛДСП
ОЛИВЕР - ЧЕРНЫЙ,Oliver,51,65-1,OL-65-1,,Стол письменный 1-тумб. 0П,В.780 х Ш.1162 х Гл.600,RUB,89900.0,103385.0,65300.0,,0,,Сделали
ОЛИВЕР - ЧЕРНЫЙ,Oliver,52,65-2,OL-65-2,,Стол письменный 1-тумб. П0,В.780 х Ш.1162 х Гл.600,RUB,89900.0,103385.0,65300.0,,0,,Сделали
ОЛИВЕР - ЧЕРНЫЙ,Oliver,53,66-1,OL-66-1,,Стол письменный 2-тумб. ПП,В.780 х Ш.1560 х Гл.700,RUB,131900.0,151685.0,105300.0,,1,OL-66-1,ЦЕНА ПО ЗАПРОСУ НЕТ РАЗРАБОТОК и ЧЕРТЕЖЕЙ В ЛДСП
ОЛИВЕР - ЧЕРНЫЙ,Oliver,54,66-4,OL-66-4,,Стол кабинетный письменный 2-тумб. ПП,В.780 х Ш.1560 х Гл.720,RUB,152600.0,175490.0,108000.0,,1,OL-66-4,ЦЕНА ПО ЗАПРОСУ НЕТ РАЗРАБОТОК и ЧЕРТЕЖЕЙ В ЛДСП
ОЛИВЕР - ЧЕРНЫЙ,Oliver,55,67-1,OL-67-1,,Стол рабочий,В.790 х Ш.1100 х Гл.600,RUB,69900.0,80385.0,65000.0,,1,OL-67-1,ЦЕНА ПО ЗАПРОСУ НЕТ РАЗРАБОТОК и ЧЕРТЕЖЕЙ В ЛДСП
ОЛИВЕР - ЧЕРНЫЙ,Oliver,56,64-1,OL-64-1,,Стол-бюро,В.1285 х Ш.1560 х Гл.705,RUB,188900.0,217235.0,163100.0,,1,OL-64-1,ЦЕНА ПО ЗАПРОСУ НЕТ РАЗРАБОТОК и ЧЕРТЕЖЕЙ В ЛДСП
ОЛИВЕР - ЧЕРНЫЙ,Oliver,57,83-1,OL-83-1,,Столешница пеленальная съемная,В.180 х Ш.881 х Гл.750,RUB,14950.0,17192.5,10400.0,,0,,ЦЕНА ПО ЗАПРОСУ НЕТ РАЗРАБОТОК и ЧЕРТЕЖЕЙ В ЛДСП
ОЛИВЕР - ЧЕРНЫЙ,Oliver,58,81-1,OL-81-1,,Столик  детский,В.570 х Ш.780 х Гл.580,RUB,39900.0,45885.0,,,1,OL-81-1,НЕТ
ОЛИВЕР - ЧЕРНЫЙ,Oliver,59,06-1,OL-06-1,,Столик  туалетный с зеркалом,В.1434 х Ш.1130 х Гл.440,RUB,81950.0,94242.5,65000.0,,1,OL-06-1,ЦЕНА ПО ЗАПРОСУ НЕТ РАЗРАБОТОК и ЧЕРТЕЖЕЙ В ЛДСП
ОЛИВЕР - ЧЕРНЫЙ,Oliver,60,43-1,OL-43-1,,Столик чайный  круглый,В.750 х Ш.600 х Гл.600,RUB,19950.0,22942.5,21000.0,,1,OL-43-1,ЦЕНА ПО ЗАПРОСУ НЕТ РАЗРАБОТОК и ЧЕРТЕЖЕЙ В ЛДСП
ОЛИВЕР - ЧЕРНЫЙ,Oliver,61,23-1,OL-23-1,,Стул,В.905 х Ш.480 х Гл.460,RUB,27900.0,32085.0,,,1,OL-23-1,НЕТ
ОЛИВЕР - ЧЕРНЫЙ,Oliver,62,82-1,OL-82-1,,Стульчик  детский,В.714 х Ш.300 х Гл.310,RUB,14300.0,16445.0,,,1,OL-82-1,НЕТ
ОЛИВЕР - ЧЕРНЫЙ,Oliver,63,07-1,OL-07-1,,Сундук,В.548 х Ш.820 х Гл.450,RUB,39900.0,45885.0,34300.0,,1,OL-07-1,ЦЕНА ПО ЗАПРОСУ НЕТ РАЗРАБОТОК и ЧЕРТЕЖЕЙ В ЛДСП
ОЛИВЕР - ЧЕРНЫЙ,Oliver,64,42-1,OL-42-1,,Тумба для телевизора,В.530 х Ш.1220 х Гл.470,RUB,55950.0,64342.5,46700.0,,1,OL-42-1,ЦЕНА ПО ЗАПРОСУ НЕТ РАЗРАБОТОК и ЧЕРТЕЖЕЙ В ЛДСП
ОЛИВЕР - ЧЕРНЫЙ,Oliver,65,08-1,OL-08-1,,Тумбочка прикроватная,В.650 х Ш.500 х Гл.455,RUB,34950.0,40192.5,32500.0,,1,OL-08-1,Сделали
ОЛИВЕР - ЧЕРНЫЙ,Oliver,66,08-2,OL-08-2,,Тумбочка прикроватная  с дверкой (руч.лев/пр),В.650 х Ш.500 х Гл.455,RUB,39950.0,45942.5,36400.0,,1,OL-08-2,ЦЕНА ПО ЗАПРОСУ НЕТ РАЗРАБОТОК и ЧЕРТЕЖЕЙ В ЛДСП
ОЛИВЕР - ЧЕРНЫЙ,Oliver,68,30-1,OL-30-1,,Часы,В.416 х Ш.299 х Гл.36,RUB,9950.0,11442.5,,,1,OL-30-1,НЕТ
ОЛИВЕР - ЧЕРНЫЙ,Oliver,69,26-1,OL-26-1,,Шкаф буфетный со стеклом/филенгками.,В.2110 х Ш.1000 х Гл.520,RUB,150650.0,173247.5,116900.0,,1,OL-26-1,ЦЕНА ПО ЗАПРОСУ НЕТ РАЗРАБОТОК и ЧЕРТЕЖЕЙ В ЛДСП
ОЛИВЕР - ЧЕРНЫЙ,Oliver,70,26-2,OL-26-2,,Шкаф-витрина,В.2110*Ш.1030*Гл.430,RUB,159900.0,183885.0,129700.0,,1,OL-26-2,ЦЕНА ПО ЗАПРОСУ НЕТ РАЗРАБОТОК и ЧЕРТЕЖЕЙ В ЛДСП
ОЛИВЕР - ЧЕРНЫЙ,Oliver,71,01-2,OL-01-2,,Шкаф для одежды 1-дв. с зеркалом  (руч.лев/пр),В.2110 х Ш.814 х Гл.540,RUB,111900.0,128685.0,68600.0,,1,OL-01-2,ЦЕНА ПО ЗАПРОСУ НЕТ РАЗРАБОТОК и ЧЕРТЕЖЕЙ В ЛДСП
ОЛИВЕР - ЧЕРНЫЙ,Oliver,72,02-1,OL-02-1,,Шкаф для одежды 2-дв.,В.2110 х Ш.1230 х Гл.540,RUB,157900.0,181585.0,97300.0,,1,OL-02-1,ЦЕНА ПО ЗАПРОСУ НЕТ РАЗРАБОТОК и ЧЕРТЕЖЕЙ В ЛДСП
ОЛИВЕР - ЧЕРНЫЙ,Oliver,73,03-1,OL-03-1,,Шкаф для одежды 3-дв.,В.2346 х Ш.1790 х Гл.642,RUB,258900.0,297735.0,130400.0,,1,OL-03-1,Сделали
ОЛИВЕР - ЧЕРНЫЙ,Oliver,74,61-2,OL-61-2,,Шкаф кабинетный,В.1120 х Ш.2180 х Гл.430,RUB,121900.0,140185.0,97700.0,,1,OL-61-2,ЦЕНА ПО ЗАПРОСУ НЕТ РАЗРАБОТОК и ЧЕРТЕЖЕЙ В ЛДСП
ОЛИВЕР - ЧЕРНЫЙ,Oliver,75,61-1,OL-61-1,,Шкаф книжный со стеклом,В.2110 х Ш.1030 х Гл.430,RUB,137900.0,158585.0,97300.0,,1,OL-61-1,ЦЕНА ПО ЗАПРОСУ НЕТ РАЗРАБОТОК и ЧЕРТЕЖЕЙ В ЛДСП
ОЛИВЕР - ЧЕРНЫЙ,Oliver,76,00-1,OL-00-1,,Шкаф угловой  (руч.лев/пр),В.2062 х Ш.672 х Гл.672,RUB,119900.0,137885.0,91200.0,,1,OL-00-1,ЦЕНА ПО ЗАПРОСУ НЕТ РАЗРАБОТОК и ЧЕРТЕЖЕЙ В ЛДСП
ОЛИВЕР - ЧЕРНЫЙ,Oliver,77,68-2,OL-68-2,,Этажерка большая 6 полок,В.1978 х Ш.850 х Гл.320,RUB,48900.0,56235.0,,,1,OL-68-2,ЦЕНА ПО ЗАПРОСУ НЕТ РАЗРАБОТОК и ЧЕРТЕЖЕЙ В ЛДСП
ОЛИВЕР - ЧЕРНЫЙ,Oliver,78,68-1,OL-68-1,,Этажерка малая 3 полки,В.913 х Ш.850 х Гл.320,RUB,24900.0,28635.0,,,1,OL-68-1,ЦЕНА ПО ЗАПРОСУ НЕТ РАЗРАБОТОК и ЧЕРТЕЖЕЙ В ЛДСП
ГРИНВИЧ,Greenwich,7,GR-09-1,GR-09-1,,Зеркало навесное,В.1000 х Ш.650 х Гл.30,RUB,28400.0,,0.0,,1,GR-09-1,ЦЕНА ПО ЗАПРОСУ НЕТ РАЗРАБОТОК и ЧЕРТЕЖЕЙ В ЛДСП
ГРИНВИЧ,Greenwich,8,GR-05-1,GR-05-1,,Комод,В.630 х Ш.1244 х Гл.512,RUB,109500.0,,0.0,,1,GR-05-1,ЦЕНА ПО ЗАПРОСУ НЕТ РАЗРАБОТОК и ЧЕРТЕЖЕЙ В ЛДСП
ГРИНВИЧ,Greenwich,9,GR-44-1,GR-44-1,,Консоль,В.900 х Ш.1193 х Гл.320,RUB,45900.0,,0.0,,1,GR-44-1,ЦЕНА ПО ЗАПРОСУ НЕТ РАЗРАБОТОК и ЧЕРТЕЖЕЙ В ЛДСП
ГРИНВИЧ,Greenwich,10,GR-67-1,GR-67-1,,Рабочий стол,В.780 х Ш.1203 х Гл.620,RUB,77650.0,,36800.0,,1,GR-67-1,
ГРИНВИЧ,Greenwich,11,GR-42-1,GR-42-1,,Тумба ТВ,В.460 х Ш.1600 х Гл.460,RUB,68800.0,,0.0,,1,GR-42-1,ЦЕНА ПО ЗАПРОСУ НЕТ РАЗРАБОТОК и ЧЕРТЕЖЕЙ В ЛДСП
ГРИНВИЧ,Greenwich,12,GR-08-1,GR-08-1,,Прикроватная тумба с 2 ящиками,В.532 х Ш.664 х Гл.460,RUB,36500.0,,0.0,,1,GR-08-1,ЦЕНА ПО ЗАПРОСУ НЕТ РАЗРАБОТОК и ЧЕРТЕЖЕЙ В ЛДСП
ГРИНВИЧ,Greenwich,13,GR-08-2,GR-08-2,,Прикроватная тумба с 1 ящиком,В.532 х Ш.664 х Гл.460,RUB,31200.0,,0.0,,1,GR-08-2,ЦЕНА ПО ЗАПРОСУ НЕТ РАЗРАБОТОК и ЧЕРТЕЖЕЙ В ЛДСП
ГРИНВИЧ,Greenwich,14,GR-26-1,GR-26-1,,Шкаф-витрина Кристалл,В.2100 х Ш.988 х Гл.430,RUB,146650.0,,0.0,,1,GR-26-1,ЦЕНА ПО ЗАПРОСУ НЕТ РАЗРАБОТОК и ЧЕРТЕЖЕЙ В ЛДСП
ГРИНВИЧ,Greenwich,15,GR-02-1,GR-02-1,,Гардероб 2 -х дв.  с ящиками,В.2100 х Ш.1193 х Гл.520,RUB,169200.0,,0.0,,1,GR-02-1,ЦЕНА ПО ЗАПРОСУ НЕТ РАЗРАБОТОК и ЧЕРТЕЖЕЙ В ЛДСП
ГРИНВИЧ,Greenwich,16,GR-02-2,GR-02-2,,Гардероб 2-дв.,В.2100 х Ш.1193 х Гл.520,RUB,167450.0,,0.0,,1,GR-02-2,ЦЕНА ПО ЗАПРОСУ НЕТ РАЗРАБОТОК и ЧЕРТЕЖЕЙ В ЛДСП
ГРИНВИЧ,Greenwich,17,GR-09-1,GR-09-1,,Кровать  1-сп. (90*200),В.1050 х Ш.1030 х Дл.2207,RUB,71900.0,,0.0,,1,GR-09-1,ЦЕНА ПО ЗАПРОСУ НЕТ РАЗРАБОТОК и ЧЕРТЕЖЕЙ В ЛДСП
ГРИНВИЧ,Greenwich,18,GR-12-1,GR-12-1,,"Кровать  1,5-сп. (120*200)",В.1050 х Ш.1330 х Дл.2207,RUB,81100.0,,0.0,,1,GR-12-1,ЦЕНА ПО ЗАПРОСУ НЕТ РАЗРАБОТОК и ЧЕРТЕЖЕЙ В ЛДСП
ГРИНВИЧ,Greenwich,19,GR-14-1,GR-14-1,,"Кровать  1,5-сп. (140*200)",В.1050 х Ш.1530 х Дл.2207,RUB,89700.0,,0.0,,1,GR-14-1,ЦЕНА ПО ЗАПРОСУ НЕТ РАЗРАБОТОК и ЧЕРТЕЖЕЙ В ЛДСП
ГРИНВИЧ,Greenwich,20,GR-16-1,GR-16-1,,Кровать  2-сп. (160*200),В.1050 х Ш.1730 хДл. 2207,RUB,94000.0,,0.0,,1,GR-16-1,ЦЕНА ПО ЗАПРОСУ НЕТ РАЗРАБОТОК и ЧЕРТЕЖЕЙ В ЛДСП
ГРИНВИЧ,Greenwich,21,GR-18-1,GR-18-1,,Кровать  2-сп. (180*200),В.1050х Ш.1930хДл.2207,RUB,110400.0,,0.0,,1,GR-18-1,ЦЕНА ПО ЗАПРОСУ НЕТ РАЗРАБОТОК и ЧЕРТЕЖЕЙ В ЛДСП
МОНЧЕЛСИ,Monchelsea,12,MNm-55-1,MNM-55-1,,Банкетка малая,В.460 х Ш.470 х Гл.390,RUB,10340.0,,,,0,,НЕТ
МОНЧЕЛСИ,Monchelsea,13,MNm-57-3,MNM-57-3,,Диван с выкатной кроватью,В.1060 х Ш.2110 х Гл.982,RUB,120780.0,,92700.0,,0,,ЦЕНА ПО ЗАПРОСУ НЕТ РАЗРАБОТОК и ЧЕРТЕЖЕЙ В ЛДСП
МОНЧЕЛСИ,Monchelsea,14,MNm-09-1,MNM-09-1,,Зеркало навесное,В.700 х Ш.1136 х Гл.22,RUB,18810.0,,14500.0,,0,,ЦЕНА ПО ЗАПРОСУ НЕТ РАЗРАБОТОК и ЧЕРТЕЖЕЙ В ЛДСП
МОНЧЕЛСИ,Monchelsea,15,MNm-09-2,MNM-09-2,,Зеркало напольное,В.1750 х Ш.600 х Гл.450,RUB,43120.0,,33100.0,,0,,ЦЕНА ПО ЗАПРОСУ НЕТ РАЗРАБОТОК и ЧЕРТЕЖЕЙ В ЛДСП
МОНЧЕЛСИ,Monchelsea,16,MNm-09-3,MNM-09-3,,Зеркало настольное,В. 756 х Ш. 556 х Гл.340,RUB,14080.0,,,,0,,НЕТ
МОНЧЕЛСИ,Monchelsea,17,MNm-05-3,MNM-05-3,,Комод высокий,В.1494 х Ш.602 х Гл.574,RUB,99330.0,,129200.0,,0,,ЦЕНА ПО ЗАПРОСУ НЕТ РАЗРАБОТОК и ЧЕРТЕЖЕЙ В ЛДСП
МОНЧЕЛСИ,Monchelsea,18,MNm-05-2,MNM-05-2,,Комод широкий,В.828 х Ш.1154 х Гл.574,RUB,98670.0,,75800.0,,0,,Сделали
МОНЧЕЛСИ,Monchelsea,19,MNm-05-4,MNM-05-4,,Комод с зеркалом,В.924/1404*Ш.1506*Гл.507,RUB,162580.0,,124700.0,,0,,ЦЕНА ПО ЗАПРОСУ НЕТ РАЗРАБОТОК и ЧЕРТЕЖЕЙ В ЛДСП
МОНЧЕЛСИ,Monchelsea,20,MNm-15-1,MNM-15-1,,"Кровать 1,5-сп. (120*190)",В.1060 х Ш.1410 х Дл.2030,RUB,79310.0,,,,0,,НЕТ
МОНЧЕЛСИ,Monchelsea,21,MNm-15-2,MNM-15-2,,"Кровать 1,5-сп. (120*190) без изножья",В.1060 х Ш.1410 х Дл.2030,RUB,73040.0,,,,0,,НЕТ
МОНЧЕЛСИ,Monchelsea,22,MNm-15-3,MNM-15-3,,"Кровать 1,5-сп. (120*190) с подъем мех",В.1060 х Ш.1410 х Дл.2030,RUB,104610.0,,,,0,,НЕТ
МОНЧЕЛСИ,Monchelsea,23,MNm-16-1,MNM-16-1,,"Кровать 1,5-сп. (140*190)",В.1060 х Ш.1610 х Дл.2030,RUB,93940.0,,,,0,,НЕТ
МОНЧЕЛСИ,Monchelsea,24,MNm-16-2,MNM-16-2,,"Кровать 1,5-сп. (140*190) без изножья",В.1060 х Ш.1610 х Дл.2030,RUB,87010.0,,,,0,,НЕТ
МОНЧЕЛСИ,Monchelsea,25,MNm-16-3,MNM-16-3,,"Кровать 1,5-сп. (140*190) с подъем мех",В.1060 х Ш.1596 х Дл.1997,RUB,111210.0,,,,0,,НЕТ
МОНЧЕЛСИ,Monchelsea,26,MNm-14-1,MNM-14-1,,Кровать 1-сп. (90*190),В.1050 х Ш.1110 х Дл.2030,RUB,68530.0,,,,0,,НЕТ
МОНЧЕЛСИ,Monchelsea,27,MNm-14-2,MNM-14-2,,Кровать 1-сп. (90*190) без изножья,В.1050 х Ш.1110 х Дл.2030,RUB,63910.0,,,,0,,НЕТ
МОНЧЕЛСИ,Monchelsea,28,MNm-14-3,MNM-14-3,,Кровать 1-сп.(90*190)с подъем мех,В.1060 х Ш.1596 х Дл.1997,RUB,89100.0,,,,0,,НЕТ
МОНЧЕЛСИ,Monchelsea,29,MNm-17-1,MNM-17-1,,Кровать 2-сп. (160*200),В.1060 х Ш.1810 х Дл.2130,RUB,101200.0,,,,0,,НЕТ
МОНЧЕЛСИ,Monchelsea,30,MNm-17-2,MNM-17-2,,Кровать 2-сп. (160*200) без изножья,В.1060 х Ш.1810 х Дл.2130,RUB,92510.0,,,,0,,НЕТ
МОНЧЕЛСИ,Monchelsea,31,MNm-17-3,MNM-17-3,,Кровать 2-сп. (160*200) с подъем мех,В.1060 х Ш.1796 х Дл.2097,RUB,124630.0,,,,0,,НЕТ
МОНЧЕЛСИ,Monchelsea,34,MNm-18-1,MNM-18-1,,Кровать 2-сп. (180*200),В.1060 х Ш.2010 х Дл.2130,RUB,108020.0,,,,0,,НЕТ
МОНЧЕЛСИ,Monchelsea,35,MNm-18-2,MNM-18-2,,Кровать 2-сп. (180*200) без изножья,В.1060 х Ш.2010 х Дл.2130,RUB,98560.0,,,,0,,НЕТ
МОНЧЕЛСИ,Monchelsea,36,MNm-18-3,MNM-18-3,,Кровать 2-сп. (180*200) с подъем мех,В.1060 х Ш.1996 х Дл.2097,RUB,129690.0,,,,0,,НЕТ
МОНЧЕЛСИ,Monchelsea,37,MNm-69-3,MNM-69-3,,Полка книжная,В.308 х Ш.1200 х Гл.320,RUB,21560.0,,16600.0,,0,,ЦЕНА ПО ЗАПРОСУ НЕТ РАЗРАБОТОК и ЧЕРТЕЖЕЙ В ЛДСП
МОНЧЕЛСИ,Monchelsea,38,MNm-69-1,MNM-69-1,,Полка навесная (модуль),В.417 х Ш.1406 х Гл.453,RUB,37620.0,,28900.0,,0,,ЦЕНА ПО ЗАПРОСУ НЕТ РАЗРАБОТОК и ЧЕРТЕЖЕЙ В ЛДСП
МОНЧЕЛСИ,Monchelsea,39,MNm-69-2,MNM-69-2,,Полка навесная с дверкой (модуль),В.515х Ш.2138* Гл.373,RUB,60720.0,,46600.0,,0,,ЦЕНА ПО ЗАПРОСУ НЕТ РАЗРАБОТОК и ЧЕРТЕЖЕЙ В ЛДСП
МОНЧЕЛСИ,Monchelsea,40,MNm-62-1,MNM-62-1,,Секция угловая открытая (модуль),В.2400 х Ш.453 х Гл.453,RUB,63470.0,,48700.0,,0,,ЦЕНА ПО ЗАПРОСУ НЕТ РАЗРАБОТОК и ЧЕРТЕЖЕЙ В ЛДСП
МОНЧЕЛСИ,Monchelsea,41,MNm-65-1,MNM-65-1,,Стол письменный 1-тумб. 0П,В.780 х Ш.1200 х Гл.600,RUB,84370.0,,64800.0,,0,,ЦЕНА ПО ЗАПРОСУ НЕТ РАЗРАБОТОК и ЧЕРТЕЖЕЙ В ЛДСП
МОНЧЕЛСИ,Monchelsea,42,MNm-65-3,MNM-65-3,,Стол письменный 1-тумб. 0Я,В.780 х Ш.1200 х Гл.600,RUB,92180.0,,70700.0,,0,,ЦЕНА ПО ЗАПРОСУ НЕТ РАЗРАБОТОК и ЧЕРТЕЖЕЙ В ЛДСП
МОНЧЕЛСИ,Monchelsea,43,MNm-65-2,MNM-65-2,,Стол письменный 1-тумб. П0,В.780 х Ш.1200 х Гл.600,RUB,84370.0,,64800.0,,0,,ЦЕНА ПО ЗАПРОСУ НЕТ РАЗРАБОТОК и ЧЕРТЕЖЕЙ В ЛДСП
МОНЧЕЛСИ,Monchelsea,44,MNm-65-4,MNM-65-4,,Стол письменный 1-тумб. Я0,В.780 х Ш.1200 х Гл.600,RUB,92180.0,,70700.0,,0,,ЦЕНА ПО ЗАПРОСУ НЕТ РАЗРАБОТОК и ЧЕРТЕЖЕЙ В ЛДСП
МОНЧЕЛСИ,Monchelsea,45,MNm-66-1,MNM-66-1,,Стол письменный 2-тумб. ПП,В.780 х Ш.1680 х Гл.700,RUB,120450.0,,92400.0,,0,,ЦЕНА ПО ЗАПРОСУ НЕТ РАЗРАБОТОК и ЧЕРТЕЖЕЙ В ЛДСП
МОНЧЕЛСИ,Monchelsea,46,MNm-66-2,MNM-66-2,,Стол письменный 2-тумб. ПЯ,В.780 х Ш.1680 х Гл.700,RUB,128700.0,,98800.0,,0,,ЦЕНА ПО ЗАПРОСУ НЕТ РАЗРАБОТОК и ЧЕРТЕЖЕЙ В ЛДСП
МОНЧЕЛСИ,Monchelsea,47,MNm-66-3,MNM-66-3,,Стол письменный 2-тумб. ЯП,В.780 х Ш.1680 х Гл.700,RUB,128700.0,,98800.0,,0,,ЦЕНА ПО ЗАПРОСУ НЕТ РАЗРАБОТОК и ЧЕРТЕЖЕЙ В ЛДСП
МОНЧЕЛСИ,Monchelsea,48,MNm-66-4,MNM-66-4,,Стол письменный 2-тумб. ЯЯ,В.780 х Ш.1680 х Гл.700,RUB,140910.0,,108100.0,,0,,ЦЕНА ПО ЗАПРОСУ НЕТ РАЗРАБОТОК и ЧЕРТЕЖЕЙ В ЛДСП
МОНЧЕЛСИ,Monchelsea,49,MNm-06-2,MNM-06-2,,Столик туалетный без зеркала,В.780 x Ш.520 x Дл.1268,RUB,52580.0,,40400.0,,0,,ЦЕНА ПО ЗАПРОСУ НЕТ РАЗРАБОТОК и ЧЕРТЕЖЕЙ В ЛДСП
МОНЧЕЛСИ,Monchelsea,50,MNm-06-1,MNM-06-1,,Столик  туалетный с зеркалом,В.780/1236 х Ш.520 х Дл.1268,RUB,58410.0,,44800.0,,0,,ЦЕНА ПО ЗАПРОСУ НЕТ РАЗРАБОТОК и ЧЕРТЕЖЕЙ В ЛДСП
МОНЧЕЛСИ,Monchelsea,51,MNm-23-1,MNM-23-1,,Стул,В.905 х Ш.480 х Дл.460,RUB,30140.0,,,,0,,НЕТ
МОНЧЕЛСИ,Monchelsea,52,MNm-42-1,MNM-42-1,,Тумба для телевизора,В.600 х Ш.1454 х Гл.416,RUB,73150.0,,56100.0,,0,,ЦЕНА ПО ЗАПРОСУ НЕТ РАЗРАБОТОК и ЧЕРТЕЖЕЙ В ЛДСП
МОНЧЕЛСИ,Monchelsea,53,MNm-42-2,MNM-42-2,,Тумба для телевизора (модуль),В.600 х Ш.1406 х Гл.416,RUB,67430.0,,51800.0,,0,,ЦЕНА ПО ЗАПРОСУ НЕТ РАЗРАБОТОК и ЧЕРТЕЖЕЙ В ЛДСП
МОНЧЕЛСИ,Monchelsea,54,MNm-08-1,MNM-08-1,,Тумбочка прикроватная,В.566 х Ш.468 х Гл.449,RUB,27060.0,,22900.0,,0,,Сделали
МОНЧЕЛСИ,Monchelsea,55,MNm-01-1,MNM-01-1,,Шкаф для одежды 1-дв. (модуль/Ш/ручка слева),В.2400 х Ш.654 х Гл.645,RUB,96690.0,,70000.0,,0,,ЦЕНА ПО ЗАПРОСУ НЕТ РАЗРАБОТОК и ЧЕРТЕЖЕЙ В ЛДСП
МОНЧЕЛСИ,Monchelsea,56,MNm-01-2,MNM-01-2,,Шкаф для одежды 1-дв. (модуль/Ш/ручка справа),В.2400 х Ш.654 х Гл.645,RUB,96690.0,,70000.0,,0,,ЦЕНА ПО ЗАПРОСУ НЕТ РАЗРАБОТОК и ЧЕРТЕЖЕЙ В ЛДСП
МОНЧЕЛСИ,Monchelsea,57,MNm-01-5,MNM-01-5,,Шкаф для одежды 1-дв. (модуль/ЯП/ручка слева),В.2400 х Ш.654 х Гл.645,RUB,133540.0,,85000.0,,0,,ЦЕНА ПО ЗАПРОСУ НЕТ РАЗРАБОТОК и ЧЕРТЕЖЕЙ В ЛДСП
МОНЧЕЛСИ,Monchelsea,58,MNm-01-6,MNM-01-6,,Шкаф для одежды 1-дв. (модуль/ЯП/ручка справа),В.2400 х Ш.654 х Гл.645,RUB,133540.0,,85000.0,,0,,ЦЕНА ПО ЗАПРОСУ НЕТ РАЗРАБОТОК и ЧЕРТЕЖЕЙ В ЛДСП
МОНЧЕЛСИ,Monchelsea,59,MNm-01-3,MNM-01-3,,Шкаф для одежды 1-дв. (модуль/ЯШ/ручка слева),В.2400 х Ш.654 х Гл.645,RUB,118030.0,,81000.0,,0,,ЦЕНА ПО ЗАПРОСУ НЕТ РАЗРАБОТОК и ЧЕРТЕЖЕЙ В ЛДСП
МОНЧЕЛСИ,Monchelsea,60,MNm-01-4,MNM-01-4,,Шкаф для одежды 1-дв. (модуль/ЯШ/ручка справа),В.2400 х Ш.654 х Гл.645,RUB,118030.0,,81000.0,,0,,ЦЕНА ПО ЗАПРОСУ НЕТ РАЗРАБОТОК и ЧЕРТЕЖЕЙ В ЛДСП
МОНЧЕЛСИ,Monchelsea,61,MNm-02-1,MNM-02-1,,Шкаф для одежды 2-дв. (модуль/Ш),В.2400 х Ш.1206 х Гл.645,RUB,133430.0,,119600.0,,0,,ЦЕНА ПО ЗАПРОСУ НЕТ РАЗРАБОТОК и ЧЕРТЕЖЕЙ В ЛДСП
МОНЧЕЛСИ,Monchelsea,62,MNm-02-3,MNM-02-3,,Шкаф для одежды 2-дв. (модуль/ЯП),В.2400 х Ш.1206 х Гл.645,RUB,203720.0,,159800.0,,0,,ЦЕНА ПО ЗАПРОСУ НЕТ РАЗРАБОТОК и ЧЕРТЕЖЕЙ В ЛДСП
МОНЧЕЛСИ,Monchelsea,63,MNm-02-2,MNM-02-2,,Шкаф для одежды 2-дв. (модуль/ЯШ),В.2400 х Ш.1206 х Гл.645,RUB,184800.0,,151800.0,,0,,ЦЕНА ПО ЗАПРОСУ НЕТ РАЗРАБОТОК и ЧЕРТЕЖЕЙ В ЛДСП
МОНЧЕЛСИ,Monchelsea,64,MNm-03-1,MNM-03-1,,Шкаф для одежды 3-дв. (модуль/П+ЯШ+Ш),В.2400 х Ш.1862 х Гл.645,RUB,241890.0,,226000.0,,0,,ЦЕНА ПО ЗАПРОСУ НЕТ РАЗРАБОТОК и ЧЕРТЕЖЕЙ В ЛДСП
МОНЧЕЛСИ,Monchelsea,65,MNm-03-3,MNM-03-3,,Шкаф для одежды 3-дв. (модуль/Ш+ЯП+Ш),В.2400 х Ш.1862 х Гл.645,RUB,217200.0,,225000.0,,0,,ЦЕНА ПО ЗАПРОСУ НЕТ РАЗРАБОТОК и ЧЕРТЕЖЕЙ В ЛДСП
МОНЧЕЛСИ,Monchelsea,66,MNm-03-2,MNM-03-2,,Шкаф для одежды 3-дв. (модуль/ЯШ+П+ЯШ),В.2400 х Ш.1862 х Гл.645,RUB,271590.0,,237000.0,,0,,ЦЕНА ПО ЗАПРОСУ НЕТ РАЗРАБОТОК и ЧЕРТЕЖЕЙ В ЛДСП
МОНЧЕЛСИ,Monchelsea,67,MNm-03-4,MNM-03-4,,Шкаф для одежды 3-дв. (модуль/2Ш+ЯП+Ш),В.2400 х Ш.1862 х Гл.645,RUB,238480.0,,225000.0,,0,,Сделали
МОНЧЕЛСИ,Monchelsea,68,MNm-00-1,MNM-00-1,,Шкаф для одежды угловой (модуль/ручка слева),В.2400 х Ш.1049 х Гл.1049,RUB,196570.0,,187000.0,,0,,ЦЕНА ПО ЗАПРОСУ НЕТ РАЗРАБОТОК и ЧЕРТЕЖЕЙ В ЛДСП
МОНЧЕЛСИ,Monchelsea,69,MNm-00-2,MNM-00-2,,Шкаф для одежды угловой (модуль/ручка справа),В.2400 х Ш.1049 х Гл.1049,RUB,196570.0,,187000.0,,0,,ЦЕНА ПО ЗАПРОСУ НЕТ РАЗРАБОТОК и ЧЕРТЕЖЕЙ В ЛДСП
МОНЧЕЛСИ,Monchelsea,70,MNm-61-2,MNM-61-2,,Шкаф книжный 1-дв. (модуль/ручка слева),В.2400 х Ш.654 х Гл.453,RUB,96030.0,,67900.0,,0,,ЦЕНА ПО ЗАПРОСУ НЕТ РАЗРАБОТОК и ЧЕРТЕЖЕЙ В ЛДСП
МОНЧЕЛСИ,Monchelsea,71,MNm-61-3,MNM-61-3,,Шкаф книжный 1-дв. (модуль/ручка справа),В.2400 х Ш.654 х Гл.453,RUB,96030.0,,67900.0,,0,,ЦЕНА ПО ЗАПРОСУ НЕТ РАЗРАБОТОК и ЧЕРТЕЖЕЙ В ЛДСП
МОНЧЕЛСИ,Monchelsea,72,MNm-61-1,MNM-61-1,,Шкаф книжный 2-дв. (модуль),В.2400 х Ш.1206 х Гл.453,RUB,167090.0,,125450.0,,0,,Сделали
МОНЧЕЛСИ,Monchelsea,73,MNm-61-4,MNM-61-4,,Шкаф книжный 3-дв. (модуль),В.2400 х Ш.1862 х Гл.453,RUB,241890.0,,193500.0,,0,,ЦЕНА ПО ЗАПРОСУ НЕТ РАЗРАБОТОК и ЧЕРТЕЖЕЙ В ЛДСП
МОНЧЕЛСИ,Monchelsea,74,MNm-00-3,MNM-00-3,,Шкаф книжный угловой ручка справа,В.2400хШ.857хГл.857,RUB,140580.0,,135800.0,,0,,ЦЕНА ПО ЗАПРОСУ НЕТ РАЗРАБОТОК и ЧЕРТЕЖЕЙ В ЛДСП
МОНЧЕЛСИ,Monchelsea,75,MNm-00-4,MNM-00-4,,Шкаф книжный угловой ручка слева,В.2400хШ.857хГл.857,RUB,140580.0,,135800.0,,0,,ЦЕНА ПО ЗАПРОСУ НЕТ РАЗРАБОТОК и ЧЕРТЕЖЕЙ В ЛДСП
МОНЧЕЛСИ,Monchelsea,76,MN-49-1,MN-49-1,,Обувница,В.1295хШ.755хГл.285,RUB,44330.0,,28900.0,,0,,ЦЕНА ПО ЗАПРОСУ НЕТ РАЗРАБОТОК и ЧЕРТЕЖЕЙ В ЛДСП
ВВ,Willie Winkie,12,55-1,WW-BODY-55-1,,Банкетка малая,В.360 х Ш.420 х Гл.350,RUB,14080.0,,0.0,"{""motif_cat_1"": 14080.0, ""motif_cat_2"": 14080.0, ""motif_cat_3"": 14080.0, ""ldsp_cat_4"": 0.0}",0,,ЦЕНА ПО ЗАПРОСУ НЕТ РАЗРАБОТОК и ЧЕРТЕЖЕЙ В ЛДСП
ВВ,Willie Winkie,13,84-2,WW-BODY-84-2,,Бортик к кровати большой,В.300 х Ш.1000 х Гл. 40,RUB,7920.0,,0.0,"{""motif_cat_1"": 7920.0, ""motif_cat_2"": 7920.0, ""motif_cat_3"": 7920.0, ""ldsp_cat_4"": 0.0}",0,,ЦЕНА ПО ЗАПРОСУ НЕТ РАЗРАБОТОК и ЧЕРТЕЖЕЙ В ЛДСП
ВВ,Willie Winkie,14,84-1,WW-BODY-84-1,,Бортик к кровати малый,В.300 х Ш.700 х Гл. 40,RUB,5940.0,,0.0,"{""motif_cat_1"": 5940.0, ""motif_cat_2"": 5940.0, ""motif_cat_3"": 5940.0, ""ldsp_cat_4"": 0.0}",0,,ЦЕНА ПО ЗАПРОСУ НЕТ РАЗРАБОТОК и ЧЕРТЕЖЕЙ В ЛДСП
ВВ,Willie Winkie,15,57-2,WW-BODY-57-2,,Диван большой (90*190),В.1100 х Ш.2020 х Гл.990,RUB,140920.0,,0.0,"{""motif_cat_1"": 140920.0, ""motif_cat_2"": 147620.0, ""motif_cat_3"": 165110.0, ""ldsp_cat_4"": 0.0}",0,,ЦЕНА ПО ЗАПРОСУ НЕТ РАЗРАБОТОК и ЧЕРТЕЖЕЙ В ЛДСП
ВВ,Willie Winkie,16,57-1,WW-BODY-57-1,,Диван малый (80*150),В.1050 х Ш.1640 х Гл.900,RUB,107250.0,,0.0,"{""motif_cat_1"": 107250.0, ""motif_cat_2"": 112310.0, ""motif_cat_3"": 120010.0, ""ldsp_cat_4"": 0.0}",0,,ЦЕНА ПО ЗАПРОСУ НЕТ РАЗРАБОТОК и ЧЕРТЕЖЕЙ В ЛДСП
ВВ,Willie Winkie,17,09-1,WW-BODY-09-1,,Зеркало навесное овальное,В.902 х Ш.544 х Гл.30,RUB,14040.0,,9050.0,"{""motif_cat_1"": 14040.0, ""motif_cat_2"": 14080.0, ""motif_cat_3"": 14080.0, ""ldsp_cat_4"": 9050.0}",0,,ЦЕНА ПО ЗАПРОСУ НЕТ РАЗРАБОТОК и ЧЕРТЕЖЕЙ В ЛДСП
ВВ,Willie Winkie,18,09-2,WW-BODY-09-2,,Зеркало напольное,В.1586 х Ш.664 х Гл.484,RUB,38060.0,,27250.0,"{""motif_cat_1"": 38060.0, ""motif_cat_2"": 38060.0, ""motif_cat_3"": 38060.0, ""ldsp_cat_4"": 27250.0}",0,,ЦЕНА ПО ЗАПРОСУ НЕТ РАЗРАБОТОК и ЧЕРТЕЖЕЙ В ЛДСП
ВВ,Willie Winkie,19,86-1,WW-BODY-86-1,,Каркас для балдахина,В.190 х Ш.400 х Гл.250,RUB,5280.0,,0.0,"{""motif_cat_1"": 5280.0, ""motif_cat_2"": 5280.0, ""motif_cat_3"": 5280.0, ""ldsp_cat_4"": 0.0}",0,,ЦЕНА ПО ЗАПРОСУ НЕТ РАЗРАБОТОК и ЧЕРТЕЖЕЙ В ЛДСП
ВВ,Willie Winkie,20,05-3,WW-BODY-05-3,,Комод высокий    440,В.1370 х Ш.650 х Гл.440,RUB,113080.0,,90350.0,"{""motif_cat_1"": 113080.0, ""motif_cat_2"": 118800.0, ""motif_cat_3"": 124300.0, ""ldsp_cat_4"": 90350.0}",1,BA-05-3;FA-05-3;PA-05-3;RS-05-3;TE-05-3,ЦЕНА ПО ЗАПРОСУ НЕТ РАЗРАБОТОК и ЧЕРТЕЖЕЙ В ЛДСП
ВВ,Willie Winkie,21,05-4,WW-BODY-05-4,,Комод высокий   560,В.1370 х Ш.650 х Гл.560,RUB,122950.0,,97850.0,"{""motif_cat_1"": 122950.0, ""motif_cat_2"": 128920.0, ""motif_cat_3"": 134970.0, ""ldsp_cat_4"": 97850.0}",0,,ЦЕНА ПО ЗАПРОСУ НЕТ РАЗРАБОТОК и ЧЕРТЕЖЕЙ В ЛДСП
ВВ,Willie Winkie,22,05-1,WW-BODY-05-1,,Комод стандартный 440,В.900 х Ш.840 х Гл.440,RUB,83820.0,,70380.0,"{""motif_cat_1"": 83820.0, ""motif_cat_2"": 87780.0, ""motif_cat_3"": 96360.0, ""ldsp_cat_4"": 70380.0}",0,,ЦЕНА ПО ЗАПРОСУ НЕТ РАЗРАБОТОК и ЧЕРТЕЖЕЙ В ЛДСП
ВВ,Willie Winkie,23,05-2,WW-BODY-05-2,,Комод стандартный 560,В.900 х Ш.840 х Гл.560,RUB,93940.0,,77050.0,"{""motif_cat_1"": 93940.0, ""motif_cat_2"": 98450.0, ""motif_cat_3"": 105270.0, ""ldsp_cat_4"": 77050.0}",0,,ЦЕНА ПО ЗАПРОСУ НЕТ РАЗРАБОТОК и ЧЕРТЕЖЕЙ В ЛДСП
ВВ,Willie Winkie,24,85-1,WW-BODY-85-1,,Кроватка для новорожденного (60*120),В.1040 х Ш.730 х Дл.1300,RUB,110440.0,,0.0,"{""motif_cat_1"": 110440.0, ""motif_cat_2"": 115720.0, ""motif_cat_3"": 125620.0, ""ldsp_cat_4"": 0.0}",0,,ЦЕНА ПО ЗАПРОСУ НЕТ РАЗРАБОТОК и ЧЕРТЕЖЕЙ В ЛДСП
ВВ,Willie Winkie,25,95-1,WW-BODY-95-1,,Кровать - трансформер (80*150) с рисунком,В.1179 х Ш.906 х Дл.1806,RUB,139150.0,,0.0,"{""motif_cat_1"": 139150.0, ""motif_cat_2"": 142560.0, ""motif_cat_3"": 146080.0, ""ldsp_cat_4"": 0.0}",0,,ЦЕНА ПО ЗАПРОСУ НЕТ РАЗРАБОТОК и ЧЕРТЕЖЕЙ В ЛДСП
ВВ,Willie Winkie,26,95-3,WW-BODY-95-3,,Кровать - трансформер (80*150) с тканью,В.1179 х Ш.906 х Дл.1806,RUB,141460.0,,0.0,"{""motif_cat_1"": 141460.0, ""motif_cat_2"": 141460.0, ""motif_cat_3"": 141460.0, ""ldsp_cat_4"": 0.0}",0,,ЦЕНА ПО ЗАПРОСУ НЕТ РАЗРАБОТОК и ЧЕРТЕЖЕЙ В ЛДСП
ВВ,Willie Winkie,27,15-1,WW-BODY-15-1,,"Кровать 1,5-сп. (120*190)",В.1030 х Ш.1286 х Дл.2020,RUB,108900.0,,0.0,"{""motif_cat_1"": 108900.0, ""motif_cat_2"": 114070.0, ""motif_cat_3"": 119570.0, ""ldsp_cat_4"": 0.0}",0,,ЦЕНА ПО ЗАПРОСУ НЕТ РАЗРАБОТОК и ЧЕРТЕЖЕЙ В ЛДСП
ВВ,Willie Winkie,28,15-2,WW-BODY-15-2,,"Кровать 1,5-сп. (120*190) с ящиками",В.1030 х Ш.1286 х Дл.2020,RUB,170280.0,,0.0,"{""motif_cat_1"": 170280.0, ""motif_cat_2"": 174240.0, ""motif_cat_3"": 183920.0, ""ldsp_cat_4"": 0.0}",0,,ЦЕНА ПО ЗАПРОСУ НЕТ РАЗРАБОТОК и ЧЕРТЕЖЕЙ В ЛДСП
ВВ,Willie Winkie,29,14-1,WW-BODY-14-1,,Кровать 1-сп. (90*190),В.1030 х Ш.996 х Дл.2020,RUB,90750.0,,0.0,"{""motif_cat_1"": 90750.0, ""motif_cat_2"": 95260.0, ""motif_cat_3"": 99770.0, ""ldsp_cat_4"": 0.0}",0,,ЦЕНА ПО ЗАПРОСУ НЕТ РАЗРАБОТОК и ЧЕРТЕЖЕЙ В ЛДСП
ВВ,Willie Winkie,30,14-2,WW-BODY-14-2,,Кровать 1-сп. (90*190) с ящиками,В.1030 х Ш.996 х Дл.2020,RUB,137170.0,,0.0,"{""motif_cat_1"": 137170.0, ""motif_cat_2"": 143990.0, ""motif_cat_3"": 150810.0, ""ldsp_cat_4"": 0.0}",0,,ЦЕНА ПО ЗАПРОСУ НЕТ РАЗРАБОТОК и ЧЕРТЕЖЕЙ В ЛДСП
ВВ,Willie Winkie,31,13-1,WW-BODY-13-1,,Кровать детская (80*150),В.1030 х Ш.920 х Дл.1640,RUB,87890.0,,0.0,"{""motif_cat_1"": 87890.0, ""motif_cat_2"": 92730.0, ""motif_cat_3"": 98890.0, ""ldsp_cat_4"": 0.0}",0,,ЦЕНА ПО ЗАПРОСУ НЕТ РАЗРАБОТОК и ЧЕРТЕЖЕЙ В ЛДСП
ВВ,Willie Winkie,32,13-2,WW-BODY-13-2,,Кровать детская (80*150) с ящиками,В.1030 х Ш.920 х Дл.1640,RUB,105270.0,,0.0,"{""motif_cat_1"": 105270.0, ""motif_cat_2"": 109010.0, ""motif_cat_3"": 117370.0, ""ldsp_cat_4"": 0.0}",0,,ЦЕНА ПО ЗАПРОСУ НЕТ РАЗРАБОТОК и ЧЕРТЕЖЕЙ В ЛДСП
ВВ,Willie Winkie,33,69-1,WW-BODY-69-1,,Полка книжная,В.200 х Ш.800 х Гл.200,RUB,9570.0,,0.0,"{""motif_cat_1"": 9570.0, ""motif_cat_2"": 10010.0, ""motif_cat_3"": 10450.0, ""ldsp_cat_4"": 0.0}",0,,ЦЕНА ПО ЗАПРОСУ НЕТ РАЗРАБОТОК и ЧЕРТЕЖЕЙ В ЛДСП
ВВ,Willie Winkie,34,62-1,WW-BODY-62-1,,Стеллаж для книг   440,В.1973 х Ш.940 х Гл.440,RUB,99390.0,,0.0,"{""motif_cat_1"": 99390.0, ""motif_cat_2"": 95370.0, ""motif_cat_3"": 100320.0, ""ldsp_cat_4"": 0.0}",0,,ЦЕНА ПО ЗАПРОСУ НЕТ РАЗРАБОТОК и ЧЕРТЕЖЕЙ В ЛДСП
ВВ,Willie Winkie,35,62-2,WW-BODY-62-2,,Стеллаж для книг   560,В.1973 х Ш.940 х Гл.560,RUB,109340.0,,0.0,"{""motif_cat_1"": 109340.0, ""motif_cat_2"": 111870.0, ""motif_cat_3"": 117040.0, ""ldsp_cat_4"": 0.0}",0,,ЦЕНА ПО ЗАПРОСУ НЕТ РАЗРАБОТОК и ЧЕРТЕЖЕЙ В ЛДСП
ВВ,Willie Winkie,36,62-3,WW-BODY-62-3,,Стеллаж для книг   высокий и гл.560,В.2220 х Ш.940 х Гл.560,RUB,118800.0,,0.0,"{""motif_cat_1"": 118800.0, ""motif_cat_2"": 121440.0, ""motif_cat_3"": 129030.0, ""ldsp_cat_4"": 0.0}",0,,ЦЕНА ПО ЗАПРОСУ НЕТ РАЗРАБОТОК и ЧЕРТЕЖЕЙ В ЛДСП
ВВ,Willie Winkie,37,65-1,WW-BODY-65-1,,Стол письменный 1-тумб. 0П,В.780 х Ш.1118 х Гл.700,RUB,81180.0,,55850.0,"{""motif_cat_1"": 81180.0, ""motif_cat_2"": 83270.0, ""motif_cat_3"": 85250.0, ""ldsp_cat_4"": 55850.0}",0,,ЦЕНА ПО ЗАПРОСУ НЕТ РАЗРАБОТОК и ЧЕРТЕЖЕЙ В ЛДСП
ВВ,Willie Winkie,38,65-2,WW-BODY-65-2,,Стол письменный 1-тумб. П0,В.780 х Ш.1118 х Гл.700,RUB,81180.0,,55850.0,"{""motif_cat_1"": 81180.0, ""motif_cat_2"": 83270.0, ""motif_cat_3"": 85250.0, ""ldsp_cat_4"": 55850.0}",0,,ЦЕНА ПО ЗАПРОСУ НЕТ РАЗРАБОТОК и ЧЕРТЕЖЕЙ В ЛДСП
ВВ,Willie Winkie,39,65-3,WW-BODY-65-3,,Cтол письменный 1-тумб.ОЯ,В.780 х Ш.1118 х Гл.700,RUB,90860.0,,62050.0,"{""motif_cat_1"": 90860.0, ""motif_cat_2"": 93060.0, ""motif_cat_3"": 95370.0, ""ldsp_cat_4"": 62050.0}",0,,ЦЕНА ПО ЗАПРОСУ НЕТ РАЗРАБОТОК и ЧЕРТЕЖЕЙ В ЛДСП
ВВ,Willie Winkie,40,65-4,WW-BODY-65-4,,Стол письменный 1-тумб.ЯО,В.780 х Ш.1118 х Гл.700,RUB,90860.0,,62050.0,"{""motif_cat_1"": 90860.0, ""motif_cat_2"": 93060.0, ""motif_cat_3"": 95370.0, ""ldsp_cat_4"": 62050.0}",0,,ЦЕНА ПО ЗАПРОСУ НЕТ РАЗРАБОТОК и ЧЕРТЕЖЕЙ В ЛДСП
ВВ,Willie Winkie,41,66-1,WW-BODY-66-1,,Стол письменный 2-тумб.ПП,в780_ш1540_г700,RUB,114400.0,,78600.0,"{""motif_cat_1"": 114400.0, ""motif_cat_2"": 117260.0, ""motif_cat_3"": 120010.0, ""ldsp_cat_4"": 78600.0}",0,,ЦЕНА ПО ЗАПРОСУ НЕТ РАЗРАБОТОК и ЧЕРТЕЖЕЙ В ЛДСП
ВВ,Willie Winkie,42,66-3,WW-BODY-66-3,,Стол письменный 2-тумб.ЯП,в780_ш1540_г700,RUB,123310.0,,84800.0,"{""motif_cat_1"": 123310.0, ""motif_cat_2"": 126390.0, ""motif_cat_3"": 129580.0, ""ldsp_cat_4"": 84800.0}",0,,ЦЕНА ПО ЗАПРОСУ НЕТ РАЗРАБОТОК и ЧЕРТЕЖЕЙ В ЛДСП
ВВ,Willie Winkie,43,66-2,WW-BODY-66-2,,Стол письменный 2-тумб.ПЯ,в780_ш1540_г700,RUB,123310.0,,84800.0,"{""motif_cat_1"": 123310.0, ""motif_cat_2"": 126390.0, ""motif_cat_3"": 129580.0, ""ldsp_cat_4"": 84800.0}",0,,ЦЕНА ПО ЗАПРОСУ НЕТ РАЗРАБОТОК и ЧЕРТЕЖЕЙ В ЛДСП
ВВ,Willie Winkie,44,66-4,WW-BODY-66-4,,Стол письменный 2-тумб.ЯЯ,в780_ш1540_г700,RUB,132990.0,,91450.0,"{""motif_cat_1"": 132990.0, ""motif_cat_2"": 136290.0, ""motif_cat_3"": 139700.0, ""ldsp_cat_4"": 91450.0}",0,,ЦЕНА ПО ЗАПРОСУ НЕТ РАЗРАБОТОК и ЧЕРТЕЖЕЙ В ЛДСП
ВВ,Willie Winkie,45,67-1,WW-BODY-67-1,,Стол рабочий,В.780 х Ш.1300 х Гл.720,RUB,85250.0,,75200.0,"{""motif_cat_1"": 85250.0, ""motif_cat_2"": 85250.0, ""motif_cat_3"": 85250.0, ""ldsp_cat_4"": 75200.0}",1,RL-67-1,ЦЕНА ПО ЗАПРОСУ НЕТ РАЗРАБОТОК и ЧЕРТЕЖЕЙ В ЛДСП
ВВ,Willie Winkie,46,64-1,WW-BODY-64-1,,Стол-бюро,В.1170 х Ш.1300 х Гл.720,RUB,133760.0,,91800.0,"{""motif_cat_1"": 133760.0, ""motif_cat_2"": 136950.0, ""motif_cat_3"": 140360.0, ""ldsp_cat_4"": 91800.0}",0,,ЦЕНА ПО ЗАПРОСУ НЕТ РАЗРАБОТОК и ЧЕРТЕЖЕЙ В ЛДСП
ВВ,Willie Winkie,47,83-1,WW-BODY-83-1,,Столешница пеленальная съемная,В.150 х Ш.881 х Гл.750,RUB,15180.0,,0.0,"{""motif_cat_1"": 15180.0, ""motif_cat_2"": 15950.0, ""motif_cat_3"": 16700.0, ""ldsp_cat_4"": 0.0}",0,,ЦЕНА ПО ЗАПРОСУ НЕТ РАЗРАБОТОК и ЧЕРТЕЖЕЙ В ЛДСП
ВВ,Willie Winkie,48,81-1,WW-BODY-81-1,,Столик  детский,В.540 х Ш.600 х Гл.440,RUB,22660.0,,0.0,"{""motif_cat_1"": 22660.0, ""motif_cat_2"": 23760.0, ""motif_cat_3"": 24970.0, ""ldsp_cat_4"": 0.0}",0,,ЦЕНА ПО ЗАПРОСУ НЕТ РАЗРАБОТОК и ЧЕРТЕЖЕЙ В ЛДСП
ВВ,Willie Winkie,49,06-1,WW-BODY-06-1,,Столик туалетный с зеркалом,В.1613 х Ш.1140 х Гл.440,RUB,59730.0,,0.0,"{""motif_cat_1"": 59730.0, ""motif_cat_2"": 62700.0, ""motif_cat_3"": 65670.0, ""ldsp_cat_4"": 0.0}",0,,ЦЕНА ПО ЗАПРОСУ НЕТ РАЗРАБОТОК и ЧЕРТЕЖЕЙ В ЛДСП
ВВ,Willie Winkie,50,23-1,WW-BODY-23-1,,Стул,В.1020 х Ш.485 х Гл.545,RUB,27610.0,,0.0,"{""motif_cat_1"": 27610.0, ""motif_cat_2"": 27610.0, ""motif_cat_3"": 27610.0, ""ldsp_cat_4"": 0.0}",0,,ЦЕНА ПО ЗАПРОСУ НЕТ РАЗРАБОТОК и ЧЕРТЕЖЕЙ В ЛДСП
ВВ,Willie Winkie,51,82-1,WW-BODY-82-1,,Стульчик  детский,В.600 х Ш.250 х Гл.290,RUB,13310.0,,0.0,"{""motif_cat_1"": 13310.0, ""motif_cat_2"": 13750.0, ""motif_cat_3"": 14410.0, ""ldsp_cat_4"": 0.0}",0,,ЦЕНА ПО ЗАПРОСУ НЕТ РАЗРАБОТОК и ЧЕРТЕЖЕЙ В ЛДСП
ВВ,Willie Winkie,52,42-1,WW-BODY-42-1,,Тумба для телевизора,В.550 х Ш.1508 х Гл.440,RUB,69520.0,,61800.0,"{""motif_cat_1"": 69520.0, ""motif_cat_2"": 73150.0, ""motif_cat_3"": 76560.0, ""ldsp_cat_4"": 61800.0}",0,,ЦЕНА ПО ЗАПРОСУ НЕТ РАЗРАБОТОК и ЧЕРТЕЖЕЙ В ЛДСП
ВВ,Willie Winkie,53,08-1,WW-BODY-08-1,,Тумбочка прикроватная,В.500 х Ш.440 х Гл.440,RUB,25510.0,,22300.0,"{""motif_cat_1"": 25510.0, ""motif_cat_2"": 27170.0, ""motif_cat_3"": 27830.0, ""ldsp_cat_4"": 22300.0}",0,,ЦЕНА ПО ЗАПРОСУ НЕТ РАЗРАБОТОК и ЧЕРТЕЖЕЙ В ЛДСП
ВВ,Willie Winkie,54,30-1,WW-BODY-30-1,,Часы,В.374 х Ш.288 х Гл.42,RUB,11990.0,,0.0,"{""motif_cat_1"": 11990.0, ""motif_cat_2"": 11990.0, ""motif_cat_3"": 11990.0, ""ldsp_cat_4"": 0.0}",0,,ЦЕНА ПО ЗАПРОСУ НЕТ РАЗРАБОТОК и ЧЕРТЕЖЕЙ В ЛДСП
ВВ,Willie Winkie,55,01-1,WW-BODY-01-1,,Шкаф для одежды 1-дв. 440 (ручка лев/прав),В.1973 х Ш.780 х Гл.440,RUB,120670.0,,79550.0,"{""motif_cat_1"": 120670.0, ""motif_cat_2"": 126720.0, ""motif_cat_3"": 132660.0, ""ldsp_cat_4"": 79550.0}",0,,ЦЕНА ПО ЗАПРОСУ НЕТ РАЗРАБОТОК и ЧЕРТЕЖЕЙ В ЛДСП
ВВ,Willie Winkie,56,01-2,WW-BODY-01-2,,Шкаф для одежды 1-дв. 560 (ручка лев/прав),В.1973 х Ш.780 х Гл.560,RUB,133430.0,,87850.0,"{""motif_cat_1"": 133430.0, ""motif_cat_2"": 140140.0, ""motif_cat_3"": 146850.0, ""ldsp_cat_4"": 87850.0}",0,,ЦЕНА ПО ЗАПРОСУ НЕТ РАЗРАБОТОК и ЧЕРТЕЖЕЙ В ЛДСП
ВВ,Willie Winkie,57,01-3,WW-BODY-01-3,,Шкаф для одежды 1-дв.(высокий)560 (ручка лев/прав),В.2220 х Ш.780 х Гл.560,RUB,142450.0,,93800.0,"{""motif_cat_1"": 142450.0, ""motif_cat_2"": 149490.0, ""motif_cat_3"": 156750.0, ""ldsp_cat_4"": 93800.0}",0,,ЦЕНА ПО ЗАПРОСУ НЕТ РАЗРАБОТОК и ЧЕРТЕЖЕЙ В ЛДСП
ВВ,Willie Winkie,58,02-1,WW-BODY-02-1,,Шкаф для одежды 2-дв. 440,В.1973 х Ш.1040 х Гл.440,RUB,148280.0,,111150.0,"{""motif_cat_1"": 148280.0, ""motif_cat_2"": 159060.0, ""motif_cat_3"": 185350.0, ""ldsp_cat_4"": 111150.0}",0,,ЦЕНА ПО ЗАПРОСУ НЕТ РАЗРАБОТОК и ЧЕРТЕЖЕЙ В ЛДСП
ВВ,Willie Winkie,59,02-2,WW-BODY-02-2,,Шкаф для одежды 2-дв.560,В.1973 х Ш.1040 х Гл.560,RUB,163450.0,,121000.0,"{""motif_cat_1"": 163450.0, ""motif_cat_2"": 175340.0, ""motif_cat_3"": 201740.0, ""ldsp_cat_4"": 121000.0}",0,,ЦЕНА ПО ЗАПРОСУ НЕТ РАЗРАБОТОК и ЧЕРТЕЖЕЙ В ЛДСП
ВВ,Willie Winkie,60,02-3,WW-BODY-02-3,,"Шкаф для одежды 2-дв.,высокий,560",В.2220 х Ш.1040 х Гл.560,RUB,187000.0,,132700.0,"{""motif_cat_1"": 187000.0, ""motif_cat_2"": 195800.0, ""motif_cat_3"": 221760.0, ""ldsp_cat_4"": 132700.0}",0,,ЦЕНА ПО ЗАПРОСУ НЕТ РАЗРАБОТОК и ЧЕРТЕЖЕЙ В ЛДСП
ВВ,Willie Winkie,61,03-1,WW-BODY-03-1,,Шкаф для одежды 3-дв.440,В.1973 х Ш.1540 х Гл.440,RUB,207900.0,,151050.0,"{""motif_cat_1"": 207900.0, ""motif_cat_2"": 217690.0, ""motif_cat_3"": 252450.0, ""ldsp_cat_4"": 151050.0}",0,,ЦЕНА ПО ЗАПРОСУ НЕТ РАЗРАБОТОК и ЧЕРТЕЖЕЙ В ЛДСП
ВВ,Willie Winkie,62,03-2,WW-BODY-03-2,,Шкаф для одежды 3-дв.560,В.1973 х Ш.1540 х Гл.560,RUB,228140.0,,164050.0,"{""motif_cat_1"": 228140.0, ""motif_cat_2"": 238920.0, ""motif_cat_3"": 273900.0, ""ldsp_cat_4"": 164050.0}",0,,ЦЕНА ПО ЗАПРОСУ НЕТ РАЗРАБОТОК и ЧЕРТЕЖЕЙ В ЛДСП
ВВ,Willie Winkie,63,03-3,WW-BODY-03-3,,"Шкаф для одежды 3-дв.высокий ,560",В.2220 х Ш.1540 х Гл.560,RUB,249040.0,,178000.0,"{""motif_cat_1"": 249040.0, ""motif_cat_2"": 260810.0, ""motif_cat_3"": 296340.0, ""ldsp_cat_4"": 178000.0}",0,,ЦЕНА ПО ЗАПРОСУ НЕТ РАЗРАБОТОК и ЧЕРТЕЖЕЙ В ЛДСП
ВВ,Willie Winkie,64,61-1,WW-BODY-61-1,,Шкаф книжный со стеклом 440,В.1973 х Ш.940 х Гл.440,RUB,132550.0,,88250.0,"{""motif_cat_1"": 132550.0, ""motif_cat_2"": 135520.0, ""motif_cat_3"": 138820.0, ""ldsp_cat_4"": 88250.0}",0,,ЦЕНА ПО ЗАПРОСУ НЕТ РАЗРАБОТОК и ЧЕРТЕЖЕЙ В ЛДСП
ВВ,Willie Winkie,65,61-2,WW-BODY-61-2,,Шкаф книжный со стеклом 560,В.1973 х Ш.940 х Гл.560,RUB,138600.0,,92700.0,"{""motif_cat_1"": 138600.0, ""motif_cat_2"": 141680.0, ""motif_cat_3"": 145200.0, ""ldsp_cat_4"": 92700.0}",0,,ЦЕНА ПО ЗАПРОСУ НЕТ РАЗРАБОТОК и ЧЕРТЕЖЕЙ В ЛДСП
ВВ,Willie Winkie,66,61-3,WW-BODY-61-3,,"Шкаф книжный со стеклом,высокий,560",В.2220 х Ш.940 х Гл.560,RUB,150370.0,,100500.0,"{""motif_cat_1"": 150370.0, ""motif_cat_2"": 153780.0, ""motif_cat_3"": 157520.0, ""ldsp_cat_4"": 100500.0}",0,,ЦЕНА ПО ЗАПРОСУ НЕТ РАЗРАБОТОК и ЧЕРТЕЖЕЙ В ЛДСП
ВВ,Willie Winkie,67,40-1,WW-BODY-40-1,,Шкаф комбинированный   440,В.1973 х Ш.1930 х Гл.440,RUB,239360.0,,177550.0,"{""motif_cat_1"": 239360.0, ""motif_cat_2"": 250580.0, ""motif_cat_3"": 278300.0, ""ldsp_cat_4"": 177550.0}",0,,ЦЕНА ПО ЗАПРОСУ НЕТ РАЗРАБОТОК и ЧЕРТЕЖЕЙ В ЛДСП
ВВ,Willie Winkie,68,40-2,WW-BODY-40-2,,Шкаф комбинированный   560,В.1973 х Ш.1930 х Гл.560,RUB,272580.0,,200000.0,"{""motif_cat_1"": 272580.0, ""motif_cat_2"": 285340.0, ""motif_cat_3"": 313170.0, ""ldsp_cat_4"": 200000.0}",0,,ЦЕНА ПО ЗАПРОСУ НЕТ РАЗРАБОТОК и ЧЕРТЕЖЕЙ В ЛДСП
ВВ,Willie Winkie,69,40-3,WW-BODY-40-3,,"Шкаф комбинированный,высокий,560",В.2220 х Ш.1930 х Гл.560,RUB,298100.0,,207950.0,"{""motif_cat_1"": 298100.0, ""motif_cat_2"": 312180.0, ""motif_cat_3"": 327250.0, ""ldsp_cat_4"": 207950.0}",0,,ЦЕНА ПО ЗАПРОСУ НЕТ РАЗРАБОТОК и ЧЕРТЕЖЕЙ В ЛДСП
ВВ,Willie Winkie,70,07-1,WW-BODY-07-1,,Ящик для игрушек с подъем. мех.,В.452 х Ш.744 х Гл.444,RUB,41360.0,,0.0,"{""motif_cat_1"": 41360.0, ""motif_cat_2"": 44330.0, ""motif_cat_3"": 47410.0, ""ldsp_cat_4"": 0.0}",0,,ЦЕНА ПО ЗАПРОСУ НЕТ РАЗРАБОТОК и ЧЕРТЕЖЕЙ В ЛДСП
ОКСФОРД,Oxford,7,OX-90-1,OX-90-1,,Комплекс Оксфорд-1 с выдвижной столешницей без  нижней кровати,В.1930 х Ш.2605 х Гл.1392/1700,RUB,406200.0,,,,0,,
ОКСФОРД,Oxford,8,OX-14-1,OX-14-1,,Комплекс Оксфорд-1 (нижняя кровать без матраса 90*185),В.257 х Ш.945 х Дл.1895,RUB,29000.0,,,,0,,
ОКСФОРД,Oxford,9,OX-14-11,OX-14-11,,Нижняя кровать без матраса увеличенная (120*185),В.257 х Ш.1245 х Дл.1895,RUB,37000.0,,,,0,,
ОКСФОРД,Oxford,10,OX-90-2,OX-90-2,,Комплекс Оксфорд-2  без выдвижной столешницы с нижней кроватью и матрасом в чехле (ткани в ассортименте),В.1930 х Ш.2605 х Гл.1392/1700,RUB,386700.0,,,,0,,
ОКСФОРД,Oxford,11,OX-14-2,OX-14-2,,"Комплекс Оксфорд-2 (нижняя кровать 90*185 с матрасом в чехле, ткани в ассортименте)",В.257* Ш.953* Дл.1950,RUB,64600.0,,,,0,,
ОКСФОРД,Oxford,12,OX-90-3,OX-90-3,,КомплексОксфорд-3 со шкафом и столом (без нижней кровати),В.1930 х Ш.2605 х Гл.1392,RUB,416600.0,,,,0,,
ОКСФОРД,Oxford,13,OX-90-4,OX-90-4,,Комплекс Oxford-4 Кровать-чердак - без полок и ящиков внутри  (без нижней кровати),В.1930 х Ш.2605 х Гл.1392,RUB,280000.0,,,,0,,
ОКСФОРД,Oxford,14,OX-84-2,OX-84-2,,Бортик к кровати большой,В.300 х Ш.1000 х Гл.40,RUB,6800.0,,,,0,,
ОКСФОРД,Oxford,15,OX-84-1,OX-84-1,,Бортик к кровати малый,В.300 х Ш.700 х Гл.40,RUB,4800.0,,,,0,,
ОКСФОРД,Oxford,16,OX-08-1,OX-08-1,,Тумба прикроватная (для верхнего яруса),500*395*440,RUB,33900.0,,,,0,,
ОКСФОРД,Oxford,17,S-OX-04,S-OX-04,,Полка навесная квадратная Оксфорд,404*416*300,RUB,10600.0,,,,0,,
ОКСФОРД,Oxford,18,S-OX-03,S-OX-03,,Полка навесная квадратная с 3-мя ящиками OXFORD,размеры уточнять,RUB,26200.0,,,,0,,
ОКСФОРД,Oxford,19,S-OX-02,S-OX-02,,Стеновая панель на всю длину ОКСФОРД,размеры уточнять,RUB,75900.0,,,,0,,
ОКСФОРД,Oxford,20,S-OX-05,S-OX-05,,Ступени с перилами и ящиками ОКСФОРД,размеры уточнять,RUB,77100.0,,,,0,,
ОКСФОРД,Oxford,21,SH-99-1,SH-99-1,,Комплекс Милый дом (без кровати),В.2500 х Ш.1764 х Гл.1000/2065,RUB,301900.0,,,,0,,
ОКСФОРД,Oxford,22,SH-14-1,SH-14-1,,Комплекс Милый дом (кровать 90*190),В.820 х Ш.1002 х Дл.2045,RUB,41100.0,,,,0,,
ОКСФОРД,Oxford,23,SH-84-2,SH-84-2,,Бортик к кровати большой,В.300 х Ш.1000 х Гл.40,RUB,6800.0,,,,0,,
ОКСФОРД,Oxford,24,SH-84-1,SH-84-1,,Бортик к кровати малый,В.300 х Ш.700 х Гл.40,RUB,4800.0,,,,0,,
ОКСФОРД,Oxford,25,MC-99-1,MC-99-1,,Комплекс Мой замок (без кровати),В.2500 х Ш.1730 х Гл.960/2015,RUB,289000.0,,,,0,,
ОКСФОРД,Oxford,26,MC-14-1,MC-14-1,,Комплекс Мой замок (кровать 90*190),В.700 х Ш.994 х Дл.1995,RUB,41700.0,,,,0,,
ОКСФОРД,Oxford,27,MC-84-2,MC-84-2,,Бортик к кровати большой,В.300 х Ш.1000 х Гл.40,RUB,6600.0,,,,0,,
ОКСФОРД,Oxford,28,MC-84-1,MC-84-1,,Бортик к кровати малый,В.300 х Ш.700 х Гл.40,RUB,4800.0,,,,0,,
ОКСФОРД,Oxford,29,Ox-1-1-N,OX-1-1-N,,Съемный чехол в стандартной ткани  1-2 категории на нижнюю кровать,900*1850*H200,RUB,13500.0,,,,0,,
ПРОВАНС,Provence,9,55-2,PV-55-2,,Банкетка большая,В.450 х Ш.850 х Гл.400,RUB,26700.0,,,"{""provence_white"": 26700.0, ""provence_dark"": 28100.0}",1,PV-55-2,
ПРОВАНС,Provence,10,55-1,PV-55-1,,Банкетка малая,В.450 х Ш.470 х Гл.400,RUB,19900.0,,,"{""provence_white"": 19900.0, ""provence_dark"": 18400.0}",1,PV-55-1,
ПРОВАНС,Provence,11,09-1,PV-09-1,,Зеркало навесное,В.800 х Ш.600 х Гл.30,RUB,13600.0,,,"{""provence_white"": 13600.0, ""provence_dark"": 14300.0}",1,PV-09-1,
ПРОВАНС,Provence,12,09-2,PV-09-2,,Зеркало напольное,В.1670 х Ш.650 х Гл.391,RUB,48900.0,,,"{""provence_white"": 48900.0, ""provence_dark"": 45200.0}",1,PV-09-2,
ПРОВАНС,Provence,13,05-2,PV-05-2,,Комод стандартный,В.902 х Ш.900 х Гл.572,RUB,66600.0,,,"{""provence_white"": 66600.0, ""provence_dark"": 69900.0}",1,PV-05-2,
ПРОВАНС,Provence,14,14-1,PV-14-1,,Кровать 1-сп. (90*190) без изножья,В.1063 х Ш.994 х Дл.2010,RUB,57600.0,,,"{""provence_white"": 57600.0, ""provence_dark"": 60500.0}",1,PV-14-1,
ПРОВАНС,Provence,15,14-2,PV-14-2,,Кровать 1-сп. (90*190) с тканью без изножья,В.1063 х Ш.994 х Дл.2010,RUB,57600.0,,,"{""provence_white"": 57600.0, ""provence_dark"": 60500.0}",0,,
ПРОВАНС,Provence,16,15-1,PV-15-1,,"Кровать 1,5-сп. (120*190) без изножья",В.1073 х Ш.1294 х Дл.2010,RUB,70300.0,,,"{""provence_white"": 70300.0, ""provence_dark"": 73800.0}",0,,
ПРОВАНС,Provence,17,15-2,PV-15-2,,"Кровать 1,5-сп. (120*190) с тканью без изножья",В.1073 х Ш.1294 х Дл.2010,RUB,70300.0,,,"{""provence_white"": 70300.0, ""provence_dark"": 73800.0}",0,,
ПРОВАНС,Provence,18,16-1,PV-16-1,,"Кровать 1,5-сп. (140*190) без изножья",В.1092 х Ш.1494 х Дл.2010,RUB,77300.0,,,"{""provence_white"": 77300.0, ""provence_dark"": 83200.0}",0,,
ПРОВАНС,Provence,19,16-2,PV-16-2,,"Кровать 1,5-сп. (140*190) с тканью без изножья",В.1092 х Ш.1494 х Дл.2010,RUB,77300.0,,,"{""provence_white"": 77300.0, ""provence_dark"": 81200.0}",0,,
ПРОВАНС,Provence,20,17-1,PV-17-1,,Кровать 2-сп. (160*200) без изножья,В.1111 х Ш.1694 х Дл.2110,RUB,79700.0,,,"{""provence_white"": 79700.0, ""provence_dark"": 85700.0}",1,PV-17-1,
ПРОВАНС,Provence,21,17-2,PV-17-2,,Кровать 2-сп. (160*200) с тканью без изножья,В.1111 х Ш.1694 х Дл.2110,RUB,79700.0,,,"{""provence_white"": 79700.0, ""provence_dark"": 85900.0}",0,,
ПРОВАНС,Provence,22,18-1,PV-18-1,,Кровать 2-сп. (180*200) без изножья,В.1121 х Ш.1894 х Дл.2110,RUB,82900.0,,,"{""provence_white"": 82900.0, ""provence_dark"": 87100.0}",1,PV-18-1,
ПРОВАНС,Provence,23,18-2,PV-18-2,,Кровать 2-сп. (180*200) с тканью без изножья,В.1121 х Ш.1894 х Дл.2110,RUB,82900.0,,,"{""provence_white"": 82900.0, ""provence_dark"": 87100.0}",0,,
ПРОВАНС,Provence,24,69-1,PV-69-1,,Полка книжная,В.318 х Ш.700 х Гл.245,RUB,7600.0,,,"{""provence_white"": 7600.0, ""provence_dark"": 7900.0}",1,PV-69-1,
ПРОВАНС,Provence,25,62-1,PV-62-1,,Стеллаж для книг,В.2080 х Ш.1200 х Гл.465,RUB,82100.0,,,"{""provence_white"": 82100.0, ""provence_dark"": 86300.0}",1,PV-62-1,
ПРОВАНС,Provence,26,65-5,PV-65-5,,Стол письменный 1-тумб. 0П,В.750 х Ш.1140 х Гл.647,RUB,68300.0,,,"{""provence_white"": 68300.0, ""provence_dark"": 71800.0}",1,PV-65-5,
ПРОВАНС,Provence,27,65-7,PV-65-7,,Стол письменный 1-тумб. 0Я,В.750 х Ш.1140 х Гл.647,RUB,83000.0,,,"{""provence_white"": 83000.0, ""provence_dark"": 87200.0}",1,PV-65-7,
ПРОВАНС,Provence,28,65-6,PV-65-6,,Стол письменный 1-тумб. П0,В.750 х Ш.1140 х Гл.647,RUB,68300.0,,,"{""provence_white"": 68300.0, ""provence_dark"": 71800.0}",1,PV-65-6,
ПРОВАНС,Provence,29,65-8,PV-65-8,,Стол письменный 1-тумб. Я0,В.750 х Ш.1140 х Гл.647,RUB,83000.0,,,"{""provence_white"": 83000.0, ""provence_dark"": 87200.0}",1,PV-65-8,
ПРОВАНС,Provence,30,66-6,PV-66-6,,Стол письменный 2-тумб. ПЯ,В.750 х Ш.1535 х Гл.700,RUB,103700.0,,,"{""provence_white"": 103700.0, ""provence_dark"": 108900.0}",1,PV-66-6,
ПРОВАНС,Provence,31,66-7,PV-66-7,,Стол письменный 2-тумб. ЯП,В.750 х Ш.1535 х Гл.700,RUB,103700.0,,,"{""provence_white"": 103700.0, ""provence_dark"": 108900.0}",1,PV-66-7,
ПРОВАНС,Provence,32,06-2,PV-06-2,,Столик туалетный,В.750/1150 х Ш.1202 х Гл.502,RUB,47300.0,,,"{""provence_white"": 47300.0, ""provence_dark"": 47900.0}",1,PV-06-2,
ПРОВАНС,Provence,33,43-1,PV-43-1,,Столик чайный,В.750 х Ш.600 х Дл.600,RUB,20500.0,,,"{""provence_white"": 20500.0, ""provence_dark"": 21500.0}",1,PV-43-1,
ПРОВАНС,Provence,34,23-1,PV-23-1,,Стул,В.905 х Ш.480 х Гл.460,RUB,24900.0,,,"{""provence_white"": 24900.0, ""provence_dark"": 26100.0}",1,PV-23-1,
ПРОВАНС,Provence,35,42-2,PV-42-2,,Тумба для телевизора,В.584 х Ш.1160 х Гл.476,RUB,47800.0,,,"{""provence_white"": 47800.0, ""provence_dark"": 50300.0}",1,PV-42-2,
ПРОВАНС,Provence,36,08-2,PV-08-2,,Тумбочка прикроватная,В.600 х Ш.530 х Гл.450,RUB,23300.0,,,"{""provence_white"": 23300.0, ""provence_dark"": 24500.0}",1,PV-08-2,
ПРОВАНС,Provence,37,08-3,PV-08-3,,Тумбочка прикроватная с 2 ящиками,В.600 х Ш.530 х Гл.450,RUB,34300.0,,,"{""provence_white"": 34300.0, ""provence_dark"": 36000.0}",0,,
ПРОВАНС,Provence,38,30-1,PV-30-1,,Часы,В.374* Ш.288* Гл.40,RUB,6000.0,,,"{""provence_white"": 6000.0, ""provence_dark"": 6000.0}",0,,
ПРОВАНС,Provence,39,02-1,PV-02-1,,Шкаф для одежды 2-дв.,В.2080 х Ш.1200 х Гл.631,RUB,141300.0,,,"{""provence_white"": 141300.0, ""provence_dark"": 148400.0}",1,PV-02-1,
ПРОВАНС,Provence,40,03-1,PV-03-1,,Шкаф для одежды 3-дв.,В.2140 х Ш.1735 х Гл.631,RUB,205700.0,,,"{""provence_white"": 205700.0, ""provence_dark"": 216000.0}",1,PV-03-1,
ПРОВАНС,Provence,41,61-1,PV-61-1,,Шкаф книжный,В.2080 х Ш.1200 х Гл.465,RUB,122100.0,,,"{""provence_white"": 122100.0, ""provence_dark"": 128200.0}",1,PV-61-1,
ПРОВАНС,Provence,42,68-2,PV-68-2,,Этажерка большая 6 полок,В.1770* Ш.885* Гл.362,RUB,58600.0,,,"{""provence_white"": 58600.0, ""provence_dark"": 59500.0}",1,PV-68-2,
ПРОВАНС,Provence,43,68-1,PV-68-1,,Этажерка малая 3 полки,В.800* Ш.480* Гл.350,RUB,17700.0,,,"{""provence_white"": 17700.0, ""provence_dark"": 15400.0}",1,PV-68-1,
ПРИНЦЕССА РОЗА,Princess Rose,8,PR-55-2,PR-55-2,,Банкетка большая,В.450 х Ш.850 х Гл.400,RUB,30700.0,,,,0,,Princess Rose PR-* is not live Provence PV-*. No global PR->PV.
ПРИНЦЕССА РОЗА,Princess Rose,9,PR-55-1,PR-55-1,,Банкетка малая,В.450 х Ш.470 х Гл.400,RUB,21300.0,,,,0,,Princess Rose PR-* is not live Provence PV-*. No global PR->PV.
ПРИНЦЕССА РОЗА,Princess Rose,10,PR-09-1,PR-09-1,,Зеркало навесное,В.800 х Ш.600 х Гл.30,RUB,15600.0,,,,0,,Princess Rose PR-* is not live Provence PV-*. No global PR->PV.
ПРИНЦЕССА РОЗА,Princess Rose,11,PR-09-2,PR-09-2,,Зеркало напольное,В.1670.Ш.650.Гл.391,RUB,49400.0,,,,0,,Princess Rose PR-* is not live Provence PV-*. No global PR->PV.
ПРИНЦЕССА РОЗА,Princess Rose,12,PR-84-2,PR-84-2,,Бортик к кровати большой,В.300 х Ш.1000 х Гл. 40,RUB,6300.0,,,,0,,Princess Rose PR-* is not live Provence PV-*. No global PR->PV.
ПРИНЦЕССА РОЗА,Princess Rose,13,PR-84-1,PR-84-1,,Бортик к кровати малый,В.300 х Ш.700 х Гл. 40,RUB,4700.0,,,,0,,Princess Rose PR-* is not live Provence PV-*. No global PR->PV.
ПРИНЦЕССА РОЗА,Princess Rose,14,PR-05-1,PR-05-1,,Комод стандартный (ручки Swarovski),В.902 х Ш.900 х Гл.572,RUB,78800.0,,,,0,,Princess Rose PR-* is not live Provence PV-*. No global PR->PV.
ПРИНЦЕССА РОЗА,Princess Rose,15,PR-95-1,PR-95-1,,Кровать - трансформер (80*150) с рисунком,В.1179 х Ш.906 х Дл.1806,RUB,126500.0,,,,0,,Princess Rose PR-* is not live Provence PV-*. No global PR->PV.
ПРИНЦЕССА РОЗА,Princess Rose,16,PR-95-2,PR-95-2,,Кровать - трансформер (80*150) без рисунка,В.1179 х Ш.906 х Дл.1806,RUB,125900.0,,,,0,,Princess Rose PR-* is not live Provence PV-*. No global PR->PV.
ПРИНЦЕССА РОЗА,Princess Rose,17,PR-95-3,PR-95-3,,Кровать - трансформер (80*150) с тканью,В.1179 х Ш.906 х Дл.1806,RUB,128600.0,,,,0,,Princess Rose PR-* is not live Provence PV-*. No global PR->PV.
ПРИНЦЕССА РОЗА,Princess Rose,18,PR-15-1,PR-15-1,,"Кровать 1,5-сп. (120*190) с рисунком,без изн.",В.1073 х Ш.1294 х Дл.2010,RUB,89300.0,,,,0,,Princess Rose PR-* is not live Provence PV-*. No global PR->PV.
ПРИНЦЕССА РОЗА,Princess Rose,19,PR-14-1,PR-14-1,,"Кровать 1-сп. (90*190) с рисунком, без изн.",В.1063 х Ш.994 х Дл.2010,RUB,66200.0,,,,0,,Princess Rose PR-* is not live Provence PV-*. No global PR->PV.
ПРИНЦЕССА РОЗА,Princess Rose,20,PR-16-1,PR-16-1,,"Кровать 1,5-сп.140*190 без изножья",В.1092.Ш1494.дл.2010,RUB,88900.0,,,,0,,Princess Rose PR-* is not live Provence PV-*. No global PR->PV.
ПРИНЦЕССА РОЗА,Princess Rose,21,PR-69-1,PR-69-1,,Полка книжная,В.318 х Ш.700 х Гл.245,RUB,8700.0,,,,0,,Princess Rose PR-* is not live Provence PV-*. No global PR->PV.
ПРИНЦЕССА РОЗА,Princess Rose,22,PR-62-1,PR-62-1,,Стеллаж для книг,В.2080 х Ш.1200 х Гл.465,RUB,94400.0,,,,0,,Princess Rose PR-* is not live Provence PV-*. No global PR->PV.
ПРИНЦЕССА РОЗА,Princess Rose,23,PR-65-5,PR-65-5,,Стол письменный 1-тумб. 0П (ручки СВАРОВСКИ),В.750 х Ш.1140 х Гл.647,RUB,78500.0,,,,0,,Princess Rose PR-* is not live Provence PV-*. No global PR->PV.
ПРИНЦЕССА РОЗА,Princess Rose,24,PR-65-7,PR-65-7,,Стол письменный 1-тумб. 0Я (ручки СВАРОВСКИ),В.750 х Ш.1140 х Гл.647,RUB,95400.0,,,,0,,Princess Rose PR-* is not live Provence PV-*. No global PR->PV.
ПРИНЦЕССА РОЗА,Princess Rose,25,PR-65-6,PR-65-6,,Стол письменный 1-тумб. П0 (ручки СВАРОВСКИ),В.750 х Ш.1140 х Гл.647,RUB,78500.0,,,,0,,Princess Rose PR-* is not live Provence PV-*. No global PR->PV.
ПРИНЦЕССА РОЗА,Princess Rose,26,PR-65-8,PR-65-8,,Стол письменный 1-тумб. Я0 (ручки СВАРОВСКИ),В.750 х Ш.1140 х Гл.647,RUB,95400.0,,,,0,,Princess Rose PR-* is not live Provence PV-*. No global PR->PV.
ПРИНЦЕССА РОЗА,Princess Rose,27,PR-66-6,PR-66-6,,Стол письменный 2-тумб. ПЯ (ручки СВАРОВСКИ),В.750 х Ш.1535 х Гл.700,RUB,119300.0,,,,0,,Princess Rose PR-* is not live Provence PV-*. No global PR->PV.
ПРИНЦЕССА РОЗА,Princess Rose,28,PR-66-7,PR-66-7,,Стол письменный 2-тумб. ЯП (ручки СВАРОВСКИ),В.750 х Ш.1535 х Гл.700,RUB,119300.0,,,,0,,Princess Rose PR-* is not live Provence PV-*. No global PR->PV.
ПРИНЦЕССА РОЗА,Princess Rose,29,PR-83-1,PR-83-1,,Столешница пеленальная съемная с рисунком,В.179 х Ш.881 х Гл.750,RUB,13800.0,,,,0,,Princess Rose PR-* is not live Provence PV-*. No global PR->PV.
ПРИНЦЕССА РОЗА,Princess Rose,30,PR-81-1,PR-81-1,,Столик  детский,В.520 х Ш.794 х Гл.590,RUB,27300.0,,,,0,,Princess Rose PR-* is not live Provence PV-*. No global PR->PV.
ПРИНЦЕССА РОЗА,Princess Rose,31,PR-06-1,PR-06-1,,Столик туалетный (ручки СВАРОВСКИ),В.850/1140 х Ш.1202 х Гл.502,RUB,52100.0,,,,0,,Princess Rose PR-* is not live Provence PV-*. No global PR->PV.
ПРИНЦЕССА РОЗА,Princess Rose,32,PR-23-1,PR-23-1,,Стул,В.905 х Ш.480 х Гл.460,RUB,29700.0,,,,0,,Princess Rose PR-* is not live Provence PV-*. No global PR->PV.
ПРИНЦЕССА РОЗА,Princess Rose,33,PR-82-1,PR-82-1,,Стульчик  детский с рисунком,В.580 х Ш.315 х Гл.327,RUB,15400.0,,,,0,,Princess Rose PR-* is not live Provence PV-*. No global PR->PV.
ПРИНЦЕССА РОЗА,Princess Rose,34,PR-42-1,PR-42-1,,Тумба для телевизора (ручки СВАРОВСКИ),В.584 х Ш.1160 х Гл.476,RUB,55000.0,,,,0,,Princess Rose PR-* is not live Provence PV-*. No global PR->PV.
ПРИНЦЕССА РОЗА,Princess Rose,35,PR-08-1,PR-08-1,,Тумбочка прикроватная (ручки СВАРОВСКИ),В.600 х Ш.530 х Гл.450,RUB,26800.0,,,,0,,Princess Rose PR-* is not live Provence PV-*. No global PR->PV.
ПРИНЦЕССА РОЗА,Princess Rose,36,PR-30-1,PR-30-1,,Часы,В.374 х Ш.288 х Гл.40,RUB,7100.0,,,,0,,Princess Rose PR-* is not live Provence PV-*. No global PR->PV.
ПРИНЦЕССА РОЗА,Princess Rose,37,PR-02-1,PR-02-1,,Шкаф для одежды 2-дв. с рисунком,В.2080 х Ш.1200 х Гл.631,RUB,162500.0,,,,0,,Princess Rose PR-* is not live Provence PV-*. No global PR->PV.
ПРИНЦЕССА РОЗА,Princess Rose,38,PR-03-1,PR-03-1,,Шкаф для одежды 3-дв. с рисунком,В.2140 х Ш.1735 х Гл.631,RUB,236600.0,,,,0,,Princess Rose PR-* is not live Provence PV-*. No global PR->PV.
ПРИНЦЕССА РОЗА,Princess Rose,39,PR-61-1,PR-61-1,,Шкаф книжный с рисунком,В.2080 х Ш.1200 х Гл.465,RUB,140400.0,,,,0,,Princess Rose PR-* is not live Provence PV-*. No global PR->PV.
ПРИНЦЕССА РОЗА,Princess Rose,40,PR-68-1,PR-68-1,,Этажерка малая 3 полки,В.800.Ш480.Гл.350,RUB,16900.0,,,,0,,Princess Rose PR-* is not live Provence PV-*. No global PR->PV.
ПРИНЦЕССА РОЗА,Princess Rose,41,PR-68-2,PR-68-2,,Этажерка большая 6 полок,В.1770.Ш.885.Гл.362,RUB,65100.0,,,,0,,Princess Rose PR-* is not live Provence PV-*. No global PR->PV.
КАНТРИ-ЛОНДОН-ПАРИЖ,Country / London / Paris,7,CO-05-1,CO-05-1,,Комод,В.810 x Ш.900 x Гл.560,RUB,39200.0,,,"{""country"": 39200.0, ""london"": 43100.0, ""paris"": 43100.0}",1,CO-05-1,
КАНТРИ-ЛОНДОН-ПАРИЖ,Country / London / Paris,8,CO-14-2,CO-14-2,,Кровать 1 сп. (90*190) с подъем мех,В.1100 x Ш.982 x Дл.1994,RUB,50100.0,,,"{""country"": 50100.0, ""london"": 55200.0, ""paris"": 55200.0}",1,CO-14-2,
КАНТРИ-ЛОНДОН-ПАРИЖ,Country / London / Paris,9,CO-15-2,CO-15-2,,"Кровать 1,5 сп. (120*190) с подъем мех",В.1150 x Ш.1282 x Дл.1990,RUB,62000.0,,,"{""country"": 62000.0, ""london"": 68200.0, ""paris"": 68200.0}",1,CO-15-2,
КАНТРИ-ЛОНДОН-ПАРИЖ,Country / London / Paris,10,CO-16-2,CO-16-2,,"Кровать 1,5 сп. (140*190) с подъем мех",В. 1150 x 1482 x 1990,RUB,70200.0,,,"{""country"": 70200.0, ""london"": 77200.0, ""paris"": 77200.0}",0,,
КАНТРИ-ЛОНДОН-ПАРИЖ,Country / London / Paris,11,CO-17-2,CO-17-2,,Кровать 2- сп. (160*200) с подъемн. мех.,В. 1150 x 1682 x 2090,RUB,78000.0,,,"{""country"": 78000.0, ""london"": 85800.0, ""paris"": 85800.0}",0,,
КАНТРИ-ЛОНДОН-ПАРИЖ,Country / London / Paris,12,CO-18-2,CO-18-2,,Кровать 2- сп. (180*200) с подъемн. мех.,В. 1150 x 1882 x 2090,RUB,85800.0,,,"{""country"": 85800.0, ""london"": 94400.0, ""paris"": 94400.0}",0,,
КАНТРИ-ЛОНДОН-ПАРИЖ,Country / London / Paris,13,CO-69-3,CO-69-3,,Надстройка для письменного стола,В.820 x Ш.1510 x Гл.300,RUB,24100.0,,,"{""country"": 24100.0, ""london"": 24100.0, ""paris"": 24100.0}",0,,
КАНТРИ-ЛОНДОН-ПАРИЖ,Country / London / Paris,14,CO-69-1,CO-69-1,,Полка книжная малая,В.350 x Ш.700 x Гл.160,RUB,4300.0,,,"{""country"": 4300.0, ""london"": 4700.0, ""paris"": 7500.0}",1,CO-69-1,
КАНТРИ-ЛОНДОН-ПАРИЖ,Country / London / Paris,15,CO-69-2,CO-69-2,,Полка книжная большая,В.350 x Ш.1100 x Гл.160,RUB,6800.0,,,"{""country"": 6800.0, ""london"": 7500.0, ""paris"": 7500.0}",0,,
КАНТРИ-ЛОНДОН-ПАРИЖ,Country / London / Paris,16,CO-69-4,CO-69-4,,Полка книжная большая с башенками,В.350 x Ш.1100 x Гл.160,RUB,0.0,,,"{""country"": 0.0, ""london"": 9500.0, ""paris"": 7500.0}",0,,
КАНТРИ-ЛОНДОН-ПАРИЖ,Country / London / Paris,17,CO-69-5,CO-69-5,,Полка книжная,В.350 x Ш.1100 x Гл.160,RUB,0.0,,,"{""country"": 0.0, ""london"": 0.0, ""paris"": 7500.0}",0,,
КАНТРИ-ЛОНДОН-ПАРИЖ,Country / London / Paris,18,CO-62-1,CO-62-1,,Стеллаж широкий,В.2200 x Ш.1200 x Гл.428,RUB,64300.0,,,"{""country"": 64300.0, ""london"": 70700.0, ""paris"": 70700.0}",1,CO-62-1,
КАНТРИ-ЛОНДОН-ПАРИЖ,Country / London / Paris,19,CO-62-2,CO-62-2,,Стеллаж узкий с дверью,В.1900 x Ш.412 x Гл.400,RUB,28300.0,,,"{""country"": 28300.0, ""london"": 31200.0, ""paris"": 31200.0}",1,CO-62-2,
КАНТРИ-ЛОНДОН-ПАРИЖ,Country / London / Paris,20,CO-62-3,CO-62-3,,Стеллаж узкий с ящиком,В.1900 x Ш.412 x Гл.400,RUB,32100.0,,,"{""country"": 32100.0, ""london"": 35300.0, ""paris"": 35300.0}",1,CO-62-3,
КАНТРИ-ЛОНДОН-ПАРИЖ,Country / London / Paris,21,CO-65-1,CO-65-1,,Стол письменный 1-тумб. 0П,В.780 x Ш.1132 x Гл.640,RUB,37500.0,,,"{""country"": 37500.0, ""london"": 41300.0, ""paris"": 41300.0}",1,CO-65-1,
КАНТРИ-ЛОНДОН-ПАРИЖ,Country / London / Paris,22,CO-65-2,CO-65-2,,Стол письменный 1-тумб. П0,В.780 x Ш.1132 x Гл.640,RUB,37500.0,,,"{""country"": 37500.0, ""london"": 41300.0, ""paris"": 41300.0}",1,CO-65-2,
КАНТРИ-ЛОНДОН-ПАРИЖ,Country / London / Paris,23,СО-65-3,СО-65-3,,Стол письменный 1-тумб. ОЯ,В.780 x Ш.1132 x Гл.640,RUB,45500.0,,,"{""country"": 45500.0, ""london"": 50100.0, ""paris"": 50100.0}",0,,
КАНТРИ-ЛОНДОН-ПАРИЖ,Country / London / Paris,24,СО-65-4,СО-65-4,,Стол письменный 1-тумб. ЯО,В.780 x Ш.1132 x Гл.640,RUB,45500.0,,,"{""country"": 45500.0, ""london"": 50100.0, ""paris"": 50100.0}",0,,
КАНТРИ-ЛОНДОН-ПАРИЖ,Country / London / Paris,25,CO-66-1,CO-66-1,,Стол письменный 2-тумб. ЯЯ,В.780 x Ш.1550 x Гл.700,RUB,52600.0,,,"{""country"": 52600.0, ""london"": 57800.0, ""paris"": 57800.0}",1,CO-66-1,
КАНТРИ-ЛОНДОН-ПАРИЖ,Country / London / Paris,26,CO-66-2,CO-66-2,,Стол письменный 2-тумб. ПЯ,В.780 x Ш.1550 x Гл.700,RUB,46300.0,,,"{""country"": 46300.0, ""london"": 51100.0, ""paris"": 51100.0}",0,,
КАНТРИ-ЛОНДОН-ПАРИЖ,Country / London / Paris,27,CO-66-3,CO-66-3,,Стол письменный 2-тумб.ЯП,В.780 x Ш.1550 x Гл.700,RUB,46300.0,,,"{""country"": 46300.0, ""london"": 51100.0, ""paris"": 51100.0}",0,,
КАНТРИ-ЛОНДОН-ПАРИЖ,Country / London / Paris,28,CO-83-1,CO-83-1,,Столешница пеленальная,в180х Ш881хГл.750,RUB,13100.0,,,"{""country"": 13100.0, ""london"": 14500.0, ""paris"": 14500.0}",0,,
КАНТРИ-ЛОНДОН-ПАРИЖ,Country / London / Paris,29,CO-d5,CO-D5,,Полка в  столы,Ш.398хГл.540хВ.18,RUB,3400.0,,,"{""country"": 3400.0, ""london"": 3400.0, ""paris"": 3400.0}",0,,
КАНТРИ-ЛОНДОН-ПАРИЖ,Country / London / Paris,30,CO-23-1,CO-23-1,,Стул,В.905 х Ш.480 х Дл.460,RUB,24800.0,,,"{""country"": 24800.0, ""london"": 27400.0, ""paris"": 27400.0}",0,,
КАНТРИ-ЛОНДОН-ПАРИЖ,Country / London / Paris,31,CO-08-1,CO-08-1,,Тумбочка прикроватная,В.600 x Ш.500 x Гл.440,RUB,16900.0,,,"{""country"": 16900.0, ""london"": 18600.0, ""paris"": 18600.0}",1,CO-08-1,
КАНТРИ-ЛОНДОН-ПАРИЖ,Country / London / Paris,32,CO-02-1,CO-02-1,,Шкаф для одежды 2-дв.,В.2200 x Ш.1200 x Гл.640,RUB,84600.0,,,"{""country"": 84600.0, ""london"": 93200.0, ""paris"": 93200.0}",1,CO-02-1,
КАНТРИ-ЛОНДОН-ПАРИЖ,Country / London / Paris,33,CO-03-1,CO-03-1,,Шкаф для одежды 3-дв.,В.2200 x Ш.1732 x Гл.640,RUB,154400.0,,,"{""country"": 154400.0, ""london"": 169900.0, ""paris"": 169900.0}",0,,
КАНТРИ-ЛОНДОН-ПАРИЖ,Country / London / Paris,34,CO-d4,CO-D4,,Полка в шкаф,дл.1084*гл 544*в18,RUB,8700.0,,,"{""country"": 8700.0, ""london"": 8700.0, ""paris"": 8700.0}",0,,
КАНТРИ-ЛОНДОН-ПАРИЖ,Country / London / Paris,35,CO-61-1,CO-61-1,,Шкаф книжный со стеклом,В.2200 x Ш.1200 x Гл.428,RUB,82000.0,,,"{""country"": 82000.0, ""london"": 90200.0, ""paris"": 90200.0}",1,CO-61-1,
КАНТРИ-ЛОНДОН-ПАРИЖ,Country / London / Paris,36,CO-30-1,CO-30-1,,Часы,В.380 x Ш.260 x Гл.30,RUB,5400.0,,,"{""country"": 5400.0, ""london"": 6000.0, ""paris"": 6000.0}",0,,
Детали,Parts,9,CO-d-4,CO-D-4,,полка для шкафа 2х-дверного,1084*544*18,RUB,8700.0,,,,0,,spare_part
Детали,Parts,10,CO-d-5,CO-D-5,,полка в 1-тумб.стол ПО (ОП),398*540*18,RUB,3400.0,,,,0,,spare_part
Детали,Parts,11,LO-d-4,LO-D-4,,полка для шкафа 2х-дверного,1084*544*18,RUB,8700.0,,,,0,,spare_part
Детали,Parts,12,LO-d-5,LO-D-5,,полка в 1-тумб.стол ПО (ОП),398*540*18,RUB,3400.0,,,,0,,spare_part
Детали,Parts,13,MN-d1,MN-D1,,замок для высокой дверки,,RUB,3600.0,,,,0,,spare_part
Детали,Parts,14,MN-d2,MN-D2,,несъемная полка со штангой большая,В.18 х Ш.1168 х Гл.550,RUB,10900.0,,,,0,,spare_part
Детали,Parts,15,MN-d3,MN-D3,,несъемная полка со штангой малая,В.18 х Ш.575 х Гл.546,RUB,5400.0,,,,0,,spare_part
Детали,Parts,16,MN-d4,MN-D4,,съемная полка большая,В.18 х Ш.1166 х Гл.546,RUB,9500.0,,,,0,,spare_part
Детали,Parts,17,MN-d5,MN-D5,,съемная полка малая,В.18 х Ш.573 х Гл.546,RUB,4700.0,,,,0,,spare_part
Детали,Parts,18,MN-h1,MN-H1,,ручка-рейлинг большая,Дл.152 х Ш.22 х Гл.32,RUB,1200.0,,,,0,,spare_part
Детали,Parts,19,MN-h2,MN-H2,,ручка-рейлинг малая,Дл.120 х Ш.22 х Гл.32,RUB,1200.0,,,,0,,spare_part
Детали,Parts,20,MN-h3,MN-H3,,ручка-кнопка,Дл.66 х Ш.27 х Гл.25,RUB,400.0,,,,0,,spare_part
Детали,Parts,23,OL-d1,OL-D1,,штанга для шкафа 2-дв. (металл),Ш.1135 х Гл.30 х В.15,RUB,500.0,,,,0,,spare_part
Детали,Parts,24,OL-d2,OL-D2,,штанга для шкафа 1-дв. (металл),Ш.719 х Гл.30 х В.15,RUB,300.0,,,,0,,spare_part
Детали,Parts,25,OL-d3,OL-D3,,штанга для шкафа 3-дв. (металл),Ш.509 х Гл.30 х В.15,RUB,300.0,,,,0,,spare_part
Детали,Parts,26,OL-d4,OL-D4,,полка для шкафа 2-дв.,Ш.1138 х Гл.445 х В.18,RUB,7600.0,,,,0,,spare_part
Детали,Parts,27,OL-d5,OL-D5,,полка для шкафа 1-дв.,Ш.722 х Гл.550 х В.18,RUB,5900.0,,,,0,,spare_part
Детали,Parts,28,OL-d6,OL-D6,,полка для шкафа 3-дв.,Ш.512 х Гл.550 х В.18,RUB,4300.0,,,,0,,spare_part
Детали,Parts,29,OL-h2,OL-H2,,ручка-кольцо (бронза),Диам.45 х Гл.45,RUB,1800.0,,,,0,,spare_part
Детали,Parts,30,OL-h3,OL-H3,,ручка-кнопка (бронза),Диам.25 х Гл.19,RUB,1400.0,,,,0,,spare_part
Детали,Parts,31,OL-M-1,OL-M-1,,Медальон на кровать стандарт - F-398 - клевер.,,RUB,3500.0,,,,0,,spare_part
Детали,Parts,32,OX-d1,OX-D1,,Магнитная защелка на дверцу,,RUB,400.0,,,,0,,spare_part
Детали,Parts,33,R-1-1,R-1-1,,"Рамка дверная для шкафа Oliver, CO, итд.",,RUB,8900.0,,,,0,,spare_part
Детали,Parts,34,F-1-1,F-1-1,,Филенка дверная для шкафа без росписи,,RUB,9800.0,,,,0,,spare_part
Детали,Parts,35,D-1-1,D-1-1,,Дверь для шкафа в сборе без росписи,,RUB,18700.0,,,,0,,spare_part
Детали,Parts,36,PA-h1,PA-H1,,ручка дверная левая,Дл.110 х Ш.35 х Гл.32,RUB,6600.0,,,,0,,spare_part
Детали,Parts,37,PA-h2,PA-H2,,ручка дверная правая,Дл.110 х Ш.35 х Гл.32,RUB,6600.0,,,,0,,spare_part
Детали,Parts,38,PA-h3,PA-H3,,ручка-скоба,Дл.100 х Ш.55,RUB,3100.0,,,,0,,spare_part
Детали,Parts,39,PA-h4,PA-H4,,ручка-кнопка,Диам.30 х Гл.30,RUB,2600.0,,,,0,,spare_part
Детали,Parts,40,PR-h1,PR-H1,,ручка с кристаллом большая,Диам.35 х Гл.49,RUB,,,,,0,,spare_part; Princess Rose PR-* is not live Provence PV-*. No global PR->PV.
Детали,Parts,41,PR-h2,PR-H2,,ручка с кристаллом средняя,Диам.30 х Гл.42,RUB,,,,,0,,spare_part; Princess Rose PR-* is not live Provence PV-*. No global PR->PV.
Детали,Parts,42,PR-h3,PR-H3,,ручка с кристаллом малая,Диам.25 х Гл.36,RUB,,,,,0,,spare_part; Princess Rose PR-* is not live Provence PV-*. No global PR->PV.
Детали,Parts,43,WW-d12,WW-D12,,штанга для шкафа 3-дв. (металл),Ш.965 х Гл.30 х В.15,RUB,400.0,,,,0,,spare_part
Детали,Parts,44,WW-d13,WW-D13,,штанга для шкафа 2-дв. (металл),Ш.469 х Гл.30 х В.15,RUB,300.0,,,,0,,spare_part
Детали,Parts,45,WW-d14,WW-D14,,штанга для шкафа комб. (металл),Ш.458 х Гл.30 х В.15,RUB,300.0,,,,0,,spare_part
Детали,Parts,46,WW-d1,WW-D1,,штанга для шкафа 3-дв.(дерево),В.15.Ш.965.гл.30,RUB,1600.0,,,,0,,spare_part
Детали,Parts,47,WW-d2,WW-D2,,штанга для шкафа 2-дв. (дерево),В.15.Ш.468.гл.30,RUB,800.0,,,,0,,spare_part
Детали,Parts,48,WW-d3,WW-D3,,штанга для шкафа комбинир.(дерево),В.15.шю458.Гл.30,RUB,800.0,,,,0,,spare_part
Детали,Parts,49,WW-d4,WW-D4,,полка для шкафа 3-дв. (560),Ш.968 х Гл.480 х В.18,RUB,6900.0,,,,0,,spare_part
Детали,Parts,50,WW-d5,WW-D5,,полка для шкафа 3-дв. (440),Ш.968 х Гл.360 х В.18,RUB,5200.0,,,,0,,spare_part
Детали,Parts,51,WW-d6,WW-D6,,полка для шкафа 2-дв. (560),Ш.473 х Гл.480 х В.18,RUB,3300.0,,,,0,,spare_part
Детали,Parts,52,WW-d7,WW-D7,,полка для шкафа 2-дв.  (440),Ш.473 х Гл.360 х В.18,RUB,2500.0,,,,0,,spare_part
Детали,Parts,53,WW-d8,WW-D8,,полка большая для шкафа комб. (560),Ш.853 х Гл.480 х В.18,RUB,6100.0,,,,0,,spare_part
Детали,Parts,54,WW-d9,WW-D9,,полка большая для шкафа комб. (440),Ш.853 х Гл.360 х В.18,RUB,4600.0,,,,0,,spare_part
Детали,Parts,55,WW-d10,WW-D10,,полка малая для шкафа комб. (560),Ш.463 х Гл.480 х В.18,RUB,3300.0,,,,0,,spare_part
Детали,Parts,56,WW-d11,WW-D11,,полка малая для шкафа комб.  (440),Ш.463 х Гл.360 х В.18,RUB,2500.0,,,,0,,spare_part
Детали,Parts,57,WW-h1,WW-H1,,ручка-кнопка большая (дерево),Диам.45 х Гл.45,RUB,500.0,,,,0,,spare_part
Детали,Parts,58,WW-h2,WW-H2,,ручка-кнопка малая (дерево),Диам.38 х Гл.36,RUB,500.0,,,,0,,spare_part
Детали,Parts,59,WW-h3,WW-H3,,Ручка скоба нпа подложке 96 мм,,RUB,1000.0,,,,0,,spare_part
Детали,Parts,60,WW-h4,WW-H4,,Ручка кнопка старая бронза,,RUB,500.0,,,,0,,spare_part
Детали,Parts,61,WW-h5,WW-H5,,ручка-скоба,,RUB,,,,,0,,spare_part
Детали,Parts,62,WW-h6,WW-H6,,ручка-кнопка,,RUB,,,,,0,,spare_part
Детали,Parts,63,WW-h7,WW-H7,,ручка-скоба,,RUB,,,,,0,,spare_part
Детали,Parts,64,WW-h8,WW-H8,,ручка-скоба,,RUB,,,,,0,,spare_part
Детали,Parts,65,WW-h9,WW-H9,,ручка-кольцо малая,,RUB,,,,,0,,spare_part
Детали,Parts,66,WW-h10,WW-H10,,ручка-кольцо большая,,RUB,,,,,0,,spare_part
Детали,Parts,67,WW-h11,WW-H11,,ручка-скоба,,RUB,,,,,0,,spare_part
Детали,Parts,68,WW-h12,WW-H12,,ручка-кнопка,,RUB,,,,,0,,spare_part
Детали,Parts,69,WW-h13,WW-H13,,ручка-скоба,,RUB,,,,,0,,spare_part
Детали,Parts,70,WW-h14,WW-H14,,ручка-кнопка,,RUB,,,,,0,,spare_part
Детали,Parts,71,WW-h15,WW-H15,,ручка-капля,,RUB,,,,,0,,spare_part
Детали,Parts,72,WW-h16,WW-H16,,ручка-скоба,,RUB,,,,,0,,spare_part
Детали,Parts,73,WW-h17,WW-H17,,ручка-скоба большая,,RUB,,,,,0,,spare_part
Детали,Parts,74,WW-h18,WW-H18,,ручка-скоба малая,,RUB,,,,,0,,spare_part
Детали,Parts,75,WW-h19,WW-H19,,ручка-кнопка,,RUB,,,,,0,,spare_part
Детали,Parts,76,WW-h20,WW-H20,,ручка-скоба,,RUB,,,,,0,,spare_part
Аксессуары,Accessories,9,A-51-3,A-51-3,,Валик декоративный,780*210,RUB,5600.0,,,,0,,
Аксессуары,Accessories,10,A-50-1,A-50-1,,Подушка декоративная,400*400,RUB,2100.0,,,,0,,
Аксессуары,Accessories,11,A-50-2,A-50-2,,Подушка декоративная,500*500,RUB,2600.0,,,,0,,
Аксессуары,Accessories,12,A-07-1,A-07-1,,Сундук пиратский,В.340* Ш.510* Гл.320,RUB,20800.0,,,,0,,
Аксессуары,Accessories,13,A-31-1,A-31-1,,Шкатулка большая,В.190* Ш.355* Гл.235,RUB,15900.0,,,,0,,
Аксессуары,Accessories,14,A-31-3,A-31-3,,Шкатулка малая,В.50* Ш.150* Гл.150,RUB,5500.0,,,,0,,
Аксессуары,Accessories,15,A-31-4,A-31-4,,Шкатулка малая фигурная,В.50* Ш.150* Гл.150,RUB,5500.0,,,,0,,
Аксессуары,Accessories,16,A-31-2,A-31-2,,Шкатулка средняя,В.120* Ш.260* Гл.150,RUB,8400.0,,,,0,,
